step,time,dt,P_dem_x,P_dem_y,P_dem_z,P_dpd_x,P_dpd_y,P_dpd_z,P_total_x,P_total_y,P_total_z,F_external_x,F_external_y,F_external_z,F_wall_x,F_wall_y,F_wall_z,F_dpd_to_dem_x,F_dpd_to_dem_y,F_dpd_to_dem_z,F_dem_to_dpd_x,F_dem_to_dpd_y,F_dem_to_dpd_z,F_coupling_residual_x,F_coupling_residual_y,F_coupling_residual_z,F_coupling_residual_norm,dP_total_dt_x,dP_total_dt_y,dP_total_dt_z,F_expected_x,F_expected_y,F_expected_z,momentum_balance_error_x,momentum_balance_error_y,momentum_balance_error_z,momentum_balance_error_norm
-1,0.0,0.0,0.0,0.0,0.0,0.0,0.0,0.0,0.0,0.0,0.0,0.0,0.0,0.0,0.0,0.0,0.0,0.0,0.0,0.0,0.0,0.0,0.0,0.0,0.0,0.0,0.0,nan,nan,nan,0.0,0.0,0.0,nan,nan,nan,nan
-1,2e-05,2e-05,0.0,0.0,0.0,8.74138001566438e-18,1.328147661294743e-17,6.6542908336297835e-18,8.74138001566438e-18,1.328147661294743e-17,6.6542908336297835e-18,0.0,0.0,0.0,0.0,0.0,0.0,0.0,0.0,0.0,0.0,0.0,0.0,0.0,0.0,0.0,0.0,4.370690007832189e-13,6.640738306473714e-13,3.327145416814891e-13,0.0,0.0,0.0,4.370690007832189e-13,6.640738306473714e-13,3.327145416814891e-13,8.618133964163231e-13
-1,0.009999999999999929,0.00997999999999993,0.0,0.0,0.0,0.19935913726659346,-0.05040835759501799,0.24997217632103988,0.19935913726659346,-0.05040835759501799,0.24997217632103988,0.0,0.0,0.0,0.0,0.0,0.0,-1.0822094487056682,1.3842105028000993,-4.618462497466776,1.0822094487056693,-1.3842105028001024,4.618462497466769,1.1102230246251565e-15,-3.1086244689504383e-15,-7.105427357601002e-15,7.834745636426877e-15,19.975865457574635,-5.050937634771378,25.047312256617396,0.0,0.0,0.0,19.975865457574635,-5.050937634771378,25.047312256617396,32.433239478195354
-1,0.01999999999999952,0.009999999999999593,0.0,0.0,0.0,0.30431415663914635,-0.1525503262621225,0.1695415085899421,0.30431415663914635,-0.1525503262621225,0.1695415085899421,0.0,0.0,0.0,0.0,0.0,0.0,-10.30411085188861,12.263210746469763,-0.6648047939136994,10.304110851888609,-12.26321074646976,0.6648047939136938,-1.7763568394002505e-15,3.552713678800501e-15,-5.551115123125783e-15,6.825840403541238e-15,10.495501937255717,-10.214196866710868,-8.043066773110105,0.0,0.0,0.0,10.495501937255717,-10.214196866710868,-8.043066773110105,16.708569707296085
-1,0.029999999999999114,0.009999999999999593,0.0,0.0,0.0,0.3575444844987242,-0.2501606727889201,0.004447688829557824,0.3575444844987242,-0.2501606727889201,0.004447688829557824,0.0,0.0,0.0,0.0,0.0,0.0,-1.9299115562658562,3.3908227518386447,2.1084793996329996,1.929911556265856,-3.3908227518386465,-2.1084793996330013,-2.220446049250313e-16,-1.7763568394002505e-15,-1.7763568394002505e-15,2.5219419200973697e-15,5.323032785958005,-9.76103465268016,-16.5093819760391,0.0,0.0,0.0,5.323032785958005,-9.76103465268016,-16.5093819760391,19.904074174951507
-1,0.04001999999999871,0.010019999999999595,0.0,0.0,0.0,0.20091028459688315,-0.30966191654059694,0.05454114529186732,0.20091028459688315,-0.30966191654059694,0.05454114529186732,0.0,0.0,0.0,0.0,0.0,0.0,7.4340496164066785,2.313733004394881,-7.454185521283453,-7.434049616406675,-2.313733004394883,7.4541855212834545,3.552713678800501e-15,-2.220446049250313e-15,1.7763568394002505e-15,4.550560269027492e-15,-15.632155678827086,-5.938247879409103,4.9993469523264995,0.0,0.0,0.0,-15.632155678827086,-5.938247879409103,4.9993469523264995,17.453382164902276
-1,0.0500199999999983,0.009999999999999593,0.0,0.0,0.0,0.2760975575176331,-0.40390667409188846,0.019274614715257345,0.2760975575176331,-0.40390667409188846,0.019274614715257345,0.0,0.0,0.0,0.0,0.0,0.0,-9.41315760082781,5.001205943272915,5.984655439655581,9.41315760082781,-5.0012059432729155,-5.984655439655581,0.0,-8.881784197001252e-16,0.0,8.881784197001252e-16,7.518727292075302,-9.424475755129537,-3.5266530576611412,0.0,0.0,0.0,7.518727292075302,-9.424475755129537,-3.5266530576611412,12.561420506484652
-1,0.060019999999997894,0.009999999999999593,0.0,0.0,0.0,0.48488255406784253,-0.3522430887387237,-0.06062080472014478,0.48488255406784253,-0.3522430887387237,-0.06062080472014478,0.0,0.0,0.0,0.0,0.0,0.0,-9.53523220281825,-8.220272291702722,-0.9188011087839323,9.53523220281825,8.220272291702717,0.9188011087839325,0.0,-5.329070518200751e-15,2.220446049250313e-16,5.333694441429199e-15,20.878499655021795,5.166358535316689,-7.989541943540538,0.0,0.0,0.0,20.878499655021795,5.166358535316689,-7.989541943540538,22.944188563289362
-1,0.07000000000000009,0.009980000000002195,0.0,0.0,0.0,0.5134837403489767,-0.3243115255489255,-0.10483171140567149,0.5134837403489767,-0.3243115255489255,-0.10483171140567149,0.0,0.0,0.0,0.0,0.0,0.0,-2.806499052257212,-1.0777547963878455,6.563997115711047,2.8064990522572124,1.0777547963878462,-6.563997115711044,4.440892098500626e-16,6.661338147750939e-16,2.6645352591003757e-15,2.7822109252321576e-15,2.8658503287703287,2.7987538266324674,-4.429950569691081,0.0,0.0,0.0,2.8658503287703287,2.7987538266324674,-4.429950569691081,5.972485507634925
-1,0.08000000000000315,0.010000000000003062,0.0,0.0,0.0,0.5948464682224048,-0.3681408597551137,-0.23779274762018482,0.5948464682224048,-0.3681408597551137,-0.23779274762018482,0.0,0.0,0.0,0.0,0.0,0.0,-9.175784408480776,-1.4807498577080982,-0.4930642388701534,9.175784408480773,1.4807498577080977,0.4930642388701547,-3.552713678800501e-15,-4.440892098500626e-16,1.3322676295501878e-15,3.820199830714189e-15,8.136272787340321,-4.3829334206174755,-13.29610362144726,0.0,0.0,0.0,8.136272787340321,-4.3829334206174755,-13.29610362144726,16.19244922029534
-1,0.09000000000000621,0.010000000000003062,0.0,0.0,0.0,0.675913699597544,-0.40529943310869093,-0.16932178716493068,0.675913699597544,-0.40529943310869093,-0.16932178716493068,0.0,0.0,0.0,0.0,0.0,0.0,3.3252612519343465,-3.372734178044391,0.24587422481695764,-3.3252612519343474,3.372734178044391,-0.24587422481695853,-8.881784197001252e-16,0.0,-8.881784197001252e-16,1.2560739669470201e-15,8.106723137511434,-3.715857335356587,6.847096045523317,0.0,0.0,0.0,8.106723137511434,-3.715857335356587,6.847096045523317,11.243188160909147
-1,0.10000000000000928,0.010000000000003062,0.0,0.0,0.0,0.5930345386453904,-0.31571869608041186,-0.14980043007496605,0.5930345386453904,-0.31571869608041186,-0.14980043007496605,0.0,0.0,0.0,0.0,0.0,0.0,3.527806205629783,-3.6196400930615034,0.8830688133525697,-3.527806205629783,3.6196400930615034,-0.8830688133525697,0.0,0.0,0.0,0.0,-8.287916095212825,8.958073702825164,1.9521357089958657,0.0,0.0,0.0,-8.287916095212825,8.958073702825164,1.9521357089958657,12.359104801435755
-1,0.11000000000001234,0.010000000000003062,0.0,0.0,0.0,0.5910624794456126,-0.29239419723684185,-0.04472002062819718,0.5910624794456126,-0.29239419723684185,-0.04472002062819718,0.0,0.0,0.0,0.0,0.0,0.0,0.002161134057474423,0.002469758564595248,-0.9994882591319172,-0.002161134057474423,-0.0024697585645953035,0.9994882591319172,0.0,-5.551115123125783e-17,0.0,5.551115123125783e-17,-0.19720591997771164,2.3324498843562878,10.508040944673668,0.0,0.0,0.0,-0.19720591997771164,2.3324498843562878,10.508040944673668,10.765599710784635
-1,0.1200000000000154,0.010000000000003062,0.0,0.0,0.0,0.61504923154717,-0.3499330744542747,-0.0324104970126351,0.61504923154717,-0.3499330744542747,-0.0324104970126351,0.0,0.0,0.0,0.0,0.0,0.0,-2.080046875030922,4.449594133562987,1.450912950289827,2.0800468750309227,-4.449594133562988,-1.4509129502898253,8.881784197001252e-16,-8.881784197001252e-16,1.7763568394002505e-15,2.175583928816829e-15,2.3986752101549973,-5.753887721741521,1.2309523615558313,0.0,0.0,0.0,2.3986752101549973,-5.753887721741521,1.2309523615558313,6.354219888754231
-1,0.130000000000015,0.009999999999999593,0.0,0.0,0.0,0.6780845897099178,-0.3310278831437816,-0.1068783860389728,0.6780845897099178,-0.3310278831437816,-0.1068783860389728,0.0,0.0,0.0,0.0,0.0,0.0,-1.6336614020697677,-0.9954745403450038,2.4784439955730653,1.6336614020697677,0.9954745403450038,-2.4784439955730666,0.0,0.0,-1.3322676295501878e-15,1.3322676295501878e-15,6.303535816275042,1.8905191310493834,-7.446788902634074,0.0,0.0,0.0,6.303535816275042,1.8905191310493834,-7.446788902634074,9.937972194181263
-1,0.14000000000001112,0.009999999999996123,0.0,0.0,0.0,0.7153702585554721,-0.2727180388659509,-0.0774410406217592,0.7153702585554721,-0.2727180388659509,-0.0774410406217592,0.0,0.0,0.0,0.0,0.0,0.0,-0.28140073926808307,-1.9192172828089111,-6.0907822782343235,0.28140073926808307,1.919217282808911,6.090782278234323,0.0,-2.220446049250313e-16,-8.881784197001252e-16,9.155133597044475e-16,3.7285668845568742,5.830984427785331,2.943734541722501,0.0,0.0,0.0,3.7285668845568742,5.830984427785331,2.943734541722501,7.521180988503026
-1,0.15000000000000724,0.009999999999996123,0.0,0.0,0.0,0.6806159198897146,-0.27202681438957604,-0.08356084280375996,0.6806159198897146,-0.27202681438957604,-0.08356084280375996,0.0,0.0,0.0,0.0,0.0,0.0,-0.15426039395049546,-0.10394750376102946,0.08982360745445983,0.15426039395049546,0.10394750376102946,-0.08982360745445989,0.0,0.0,-5.551115123125783e-17,5.551115123125783e-17,-3.4754338665770974,0.06912244763751423,-0.6119802182003128,0.0,0.0,0.0,-3.4754338665770974,0.06912244763751423,-0.6119802182003128,3.5295804653226046
-1,0.16000000000000336,0.009999999999996123,0.0,0.0,0.0,0.6849939934530451,-0.2755164928516555,-0.047136560924725145,0.6849939934530451,-0.2755164928516555,-0.047136560924725145,0.0,0.0,0.0,0.0,0.0,0.0,0.8987382697343828,0.36620180233224486,-3.35399445733551,-0.8987382697343828,-0.36620180233224475,3.35399445733551,0.0,1.1102230246251565e-16,0.0,1.1102230246251565e-16,0.4378073563332229,-0.34896784620808347,3.642428187904893,0.0,0.0,0.0,0.4378073563332229,-0.34896784620808347,3.642428187904893,3.685205142592569
-1,0.16999999999999948,0.009999999999996123,0.0,0.0,0.0,0.6399197828939965,-0.2603050375183509,-0.0011374405078568225,0.6399197828939965,-0.2603050375183509,-0.0011374405078568225,0.0,0.0,0.0,0.0,0.0,0.0,3.2023914635607755,-0.960997367976185,2.4421583469941144,-3.2023914635607755,0.960997367976185,-2.442158346994115,0.0,0.0,-4.440892098500626e-16,4.440892098500626e-16,-4.507421055906606,1.5211455333310544,4.599912041688616,0.0,0.0,0.0,-4.507421055906606,1.5211455333310544,4.599912041688616,6.617395189957691
-1,0.1800199999999956,0.010019999999996115,0.0,0.0,0.0,0.6374087890388545,-0.24446702661105402,-0.04351644541583449,0.6374087890388545,-0.24446702661105402,-0.04351644541583449,0.0,0.0,0.0,0.0,0.0,0.0,-2.1853031280553274,0.9361461932197153,-0.2809214039521799,2.1853031280553274,-0.9361461932197153,0.28092140395218,0.0,0.0,1.1102230246251565e-16,1.1102230246251565e-16,-0.2505981891360338,1.5806398111080842,-4.229441607584242,0.0,0.0,0.0,-0.2505981891360338,1.5806398111080842,-4.229441607584242,4.52210105778529
-1,0.19001999999999172,0.009999999999996123,0.0,0.0,0.0,0.6738669263033235,-0.2372937691063821,-0.04161027315143099,0.6738669263033235,-0.2372937691063821,-0.04161027315143099,0.0,0.0,0.0,0.0,0.0,0.0,-1.203800374303273,1.4266989600966344,0.14407526693231842,1.203800374303273,-1.4266989600966344,-0.14407526693231842,0.0,0.0,0.0,0.0,3.645813726448314,0.7173257504674685,0.19061722644042425,0.0,0.0,0.0,3.645813726448314,0.7173257504674685,0.19061722644042425,3.720597920665239
-1,0.20001999999998785,0.009999999999996123,0.0,0.0,0.0,0.6803961676123582,-0.2191003792254798,-0.03114672462610536,0.6803961676123582,-0.2191003792254798,-0.03114672462610536,0.0,0.0,0.0,0.0,0.0,0.0,-3.1656060805075255,1.4405773165546205,-0.5969737730498854,3.1656060805075255,-1.4405773165546205,0.5969737730498854,0.0,0.0,0.0,0.0,0.6529241309037292,1.8193389880909352,1.0463548525329687,0.0,0.0,0.0,0.6529241309037292,1.8193389880909352,1.0463548525329687,2.1979906168415346
-1,0.21001999999998397,0.009999999999996123,0.0,0.0,0.0,0.687953800357794,-0.22061601520003457,0.0014607429638961386,0.687953800357794,-0.22061601520003457,0.0014607429638961386,0.0,0.0,0.0,0.0,0.0,0.0,-0.12903439816356466,-0.11448295656063445,-1.04971783849038,0.12903439816356466,0.11448295656063445,1.04971783849038,0.0,0.0,0.0,0.0,0.7557632745438679,-0.15156359745553452,3.2607467590014143,0.0,0.0,0.0,0.7557632745438679,-0.15156359745553452,3.2607467590014143,3.350614731293522
-1,0.2200199999999801,0.009999999999996123,0.0,0.0,0.0,0.6909995554855288,-0.21784637073515256,0.026807108862284167,0.6909995554855288,-0.21784637073515256,0.026807108862284167,0.0,0.0,0.0,0.0,0.0,0.0,0.04716389411504451,-0.004023184740503893,-0.0034741687435562163,-0.04716389411504451,0.004023184740503893,0.0034741687435562163,0.0,0.0,0.0,0.0,0.30457551277360423,0.2769644464883083,2.534636589839786,0.0,0.0,0.0,0.30457551277360423,0.2769644464883083,2.534636589839786,2.5678508893926333
-1,0.23001999999997622,0.009999999999996123,0.0,0.0,0.0,0.6857784590952991,-0.2174009996367767,0.02719170326922356,0.6857784590952991,-0.2174009996367767,0.02719170326922356,0.0,0.0,0.0,0.0,0.0,0.0,0.6058690512498046,-0.05168197341315173,-0.04462929450690156,-0.6058690512498046,0.05168197341315173,0.04462929450690156,0.0,0.0,0.0,0.0,-0.5221096390231742,0.04453710983760356,0.0384594406939543,0.0,0.0,0.0,-0.5221096390231742,0.04453710983760356,0.0384594406939543,0.5254152242675195
-1,0.24001999999997234,0.009999999999996123,0.0,0.0,0.0,0.6489117439052985,-0.2140468317494049,0.02989353872640674,0.6489117439052985,-0.2140468317494049,0.02989353872640674,0.0,0.0,0.0,0.0,0.0,0.0,-0.1195599459058414,-0.04444086036785322,0.012415534355696423,0.1195599459058414,0.04444086036785322,-0.012415534355696423,0.0,0.0,0.0,0.0,-3.686671519001491,0.3354167887373106,0.27018354571842274,0.0,0.0,0.0,-3.686671519001491,0.3354167887373106,0.27018354571842274,3.711744934604288
-1,0.2500199999999685,0.00999999999999615,0.0,0.0,0.0,0.6569983973845382,-0.21104099367051035,0.029053791574184647,0.6569983973845382,-0.21104099367051035,0.029053791574184647,0.0,0.0,0.0,0.0,0.0,0.0,-0.9604200371206275,-0.35699156971687707,0.09973346739524303,0.9604200371206275,0.35699156971687707,-0.09973346739524303,0.0,0.0,0.0,0.0,0.8086653479242871,0.3005838078895698,-0.08397471522224176,0.0,0.0,0.0,0.8086653479242871,0.3005838078895698,-0.08397471522224176,0.866799874997429
-1,0.2600199999999785,0.010000000000010001,0.0,0.0,0.0,0.6891346428309302,-0.19909583606935474,0.025716648383126192,0.6891346428309302,-0.19909583606935474,0.025716648383126192,0.0,0.0,0.0,0.0,0.0,0.0,0.0,0.0,0.0,0.0,0.0,0.0,0.0,0.0,0.0,0.0,3.2136245446359792,1.1945157601143663,-0.33371431910551175,0.0,0.0,0.0,3.2136245446359792,1.1945157601143663,-0.33371431910551175,3.444650325043815
-1,0.2700199999999885,0.010000000000010001,0.0,0.0,0.0,0.6891346428309306,-0.19909583606935563,0.025716648383126095,0.6891346428309306,-0.19909583606935563,0.025716648383126095,0.0,0.0,0.0,0.0,0.0,0.0,0.0,0.0,0.0,0.0,0.0,0.0,0.0,0.0,0.0,0.0,4.440892098496185e-14,-8.88178419699237e-14,-9.714451465460406e-15,0.0,0.0,0.0,4.440892098496185e-14,-8.88178419699237e-14,-9.714451465460406e-15,9.977540720296615e-14
-1,0.2800199999999985,0.010000000000010001,0.0,0.0,0.0,0.6891346428309314,-0.19909583606935569,0.025716648383125953,0.6891346428309314,-0.19909583606935569,0.025716648383125953,0.0,0.0,0.0,0.0,0.0,0.0,0.0,0.0,0.0,0.0,0.0,0.0,0.0,0.0,0.0,0.0,7.771561172368325e-14,-5.5511151231202315e-15,-1.4224732502995593e-14,0.0,0.0,0.0,7.771561172368325e-14,-5.5511151231202315e-15,-1.4224732502995593e-14,7.920147851825877e-14
-1,0.2900000000000085,0.009980000000009981,0.0,0.0,0.0,0.6891346428309337,-0.19909583606935527,0.02571664838312605,0.6891346428309337,-0.19909583606935527,0.02571664838312605,0.0,0.0,0.0,0.0,0.0,0.0,0.0,0.0,0.0,0.0,0.0,0.0,0.0,0.0,0.0,0.0,2.33614063297645e-13,4.17167970174366e-14,9.733919304068542e-15,0.0,0.0,0.0,2.33614063297645e-13,4.17167970174366e-14,9.733919304068542e-15,2.375090964760049e-13
-1,0.3000000000000185,0.010000000000010001,0.0,0.0,0.0,0.6891346428309346,-0.19909583606935535,0.025716648383125727,0.6891346428309346,-0.19909583606935535,0.025716648383125727,0.0,0.0,0.0,0.0,0.0,0.0,0.0,0.0,0.0,0.0,0.0,0.0,0.0,0.0,0.0,0.0,8.88178419699237e-14,-8.326672684680347e-15,-3.2265856653136344e-14,0.0,0.0,0.0,8.88178419699237e-14,-8.326672684680347e-15,-3.2265856653136344e-14,9.486320696536084e-14
-1,0.3100000000000285,0.010000000000010001,0.0,0.0,0.0,0.6891346428309341,-0.1990958360693548,0.025716648383125464,0.6891346428309341,-0.1990958360693548,0.025716648383125464,0.0,0.0,0.0,0.0,0.0,0.0,0.0,0.0,0.0,0.0,0.0,0.0,0.0,0.0,0.0,0.0,-5.5511151231202316e-14,5.5511151231202316e-14,-2.63677968348211e-14,0.0,0.0,0.0,-5.5511151231202316e-14,5.5511151231202316e-14,-2.63677968348211e-14,8.281447054681464e-14
-1,0.3200000000000385,0.010000000000010001,0.0,0.0,0.0,0.6891346428309331,-0.1990958360693546,0.02571664838312572,0.6891346428309331,-0.1990958360693546,0.02571664838312572,0.0,0.0,0.0,0.0,0.0,0.0,0.0,0.0,0.0,0.0,0.0,0.0,0.0,0.0,0.0,0.0,-9.992007221616416e-14,1.942890293092081e-14,2.567390744443107e-14,0.0,0.0,0.0,-9.992007221616416e-14,1.942890293092081e-14,2.567390744443107e-14,1.049792961695201e-13
-1,0.3300000000000485,0.010000000000010001,0.0,0.0,0.0,0.6891346428309337,-0.19909583606935588,0.025716648383125814,0.6891346428309337,-0.19909583606935588,0.025716648383125814,0.0,0.0,0.0,0.0,0.0,0.0,0.0,0.0,0.0,0.0,0.0,0.0,0.0,0.0,0.0,0.0,6.661338147744277e-14,-1.2767564783176532e-13,9.367506770265391e-15,0.0,0.0,0.0,6.661338147744277e-14,-1.2767564783176532e-13,9.367506770265391e-15,1.443127292521739e-13
-1,0.3400000000000585,0.010000000000010001,0.0,0.0,0.0,0.6891346428309337,-0.19909583606935574,0.025716648383125894,0.6891346428309337,-0.19909583606935574,0.025716648383125894,0.0,0.0,0.0,0.0,0.0,0.0,0.0,0.0,0.0,0.0,0.0,0.0,0.0,0.0,0.0,0.0,0.0,1.3877787807800579e-14,7.979727989485333e-15,0.0,0.0,0.0,0.0,1.3877787807800579e-14,7.979727989485333e-15,1.600840570526978e-14
-1,0.3500000000000685,0.010000000000010001,0.0,0.0,0.0,0.6891346428309345,-0.19909583606935516,0.025716648383125835,0.6891346428309345,-0.19909583606935516,0.025716648383125835,0.0,0.0,0.0,0.0,0.0,0.0,0.0,0.0,0.0,0.0,0.0,0.0,0.0,0.0,0.0,0.0,7.771561172368325e-14,5.828670879276243e-14,-5.898059818315246e-15,0.0,0.0,0.0,7.771561172368325e-14,5.828670879276243e-14,-5.898059818315246e-15,9.732339819950291e-14
-1,0.3600000000000785,0.010000000000010001,0.0,0.0,0.0,0.6891346428309336,-0.19909583606935427,0.02571664838312599,0.6891346428309336,-0.19909583606935427,0.02571664838312599,0.0,0.0,0.0,0.0,0.0,0.0,0.0,0.0,0.0,0.0,0.0,0.0,0.0,0.0,0.0,0.0,-8.88178419699237e-14,8.88178419699237e-14,1.561251128377565e-14,0.0,0.0,0.0,-8.88178419699237e-14,8.88178419699237e-14,1.561251128377565e-14,1.265739649887555e-13
-1,0.3700000000000885,0.010000000000010001,0.0,0.0,0.0,0.6891346428309344,-0.19909583606935444,0.02571664838312592,0.6891346428309344,-0.19909583606935444,0.02571664838312592,0.0,0.0,0.0,0.0,0.0,0.0,0.0,0.0,0.0,0.0,0.0,0.0,0.0,0.0,0.0,0.0,7.771561172368325e-14,-1.6653345369360694e-14,-6.9388939039002896e-15,0.0,0.0,0.0,7.771561172368325e-14,-1.6653345369360694e-14,-6.9388939039002896e-15,7.97821939168577e-14
-1,0.3800000000000985,0.010000000000010001,0.0,0.0,0.0,0.6891346428309353,-0.19909583606935533,0.02571664838312575,0.6891346428309353,-0.19909583606935533,0.02571664838312575,0.0,0.0,0.0,0.0,0.0,0.0,0.0,0.0,0.0,0.0,0.0,0.0,0.0,0.0,0.0,0.0,8.88178419699237e-14,-8.88178419699237e-14,-1.7000290064555708e-14,0.0,0.0,0.0,8.88178419699237e-14,-8.88178419699237e-14,-1.7000290064555708e-14,1.2675262508787624e-13
-1,0.3900000000001085,0.010000000000010001,0.0,0.0,0.0,0.689134642830935,-0.19909583606935505,0.025716648383125703,0.689134642830935,-0.19909583606935505,0.025716648383125703,0.0,0.0,0.0,0.0,0.0,0.0,0.0,0.0,0.0,0.0,0.0,0.0,0.0,0.0,0.0,0.0,-3.330669073872139e-14,2.7755575615601158e-14,-4.857225732730203e-15,0.0,0.0,0.0,-3.330669073872139e-14,2.7755575615601158e-14,-4.857225732730203e-15,4.3626829675520534e-14
-1,0.4000000000001185,0.010000000000010001,0.0,0.0,0.0,0.6891346428309342,-0.19909583606935477,0.025716648383125932,0.6891346428309342,-0.19909583606935477,0.025716648383125932,0.0,0.0,0.0,0.0,0.0,0.0,0.0,0.0,0.0,0.0,0.0,0.0,0.0,0.0,0.0,0.0,-7.771561172368325e-14,2.7755575615601158e-14,2.2898349882870955e-14,0.0,0.0,0.0,-7.771561172368325e-14,2.7755575615601158e-14,2.2898349882870955e-14,8.564124421502774e-14
-1,0.4100000000001285,0.010000000000010001,0.0,0.0,0.0,0.6891346428309355,-0.19909583606935477,0.025716648383125866,0.6891346428309355,-0.19909583606935477,0.025716648383125866,0.0,0.0,0.0,0.0,0.0,0.0,0.0,0.0,0.0,0.0,0.0,0.0,0.0,0.0,0.0,0.0,1.3322676295488555e-13,0.0,-6.591949208705275e-15,0.0,0.0,0.0,1.3322676295488555e-13,0.0,-6.591949208705275e-15,1.333897453397652e-13
-1,0.4200000000001385,0.010000000000010001,0.0,0.0,0.0,0.687276922009221,-0.19678011119696143,0.04002132706586302,0.687276922009221,-0.19678011119696143,0.04002132706586302,0.0,0.0,0.0,0.0,0.0,0.0,0.0,0.0,0.0,0.0,0.0,0.0,0.0,0.0,0.0,0.0,-0.18577208217126792,0.23157248723910276,1.430467868272285,0.0,0.0,0.0,-0.18577208217126792,0.23157248723910276,1.430467868272285,1.4609501721550284
-1,0.4300000000001485,0.010000000000010001,0.0,0.0,0.0,0.6857798004474683,-0.19722079353248154,0.03159491150140541,0.6857798004474683,-0.19722079353248154,0.03159491150140541,0.0,0.0,0.0,0.0,0.0,0.0,0.0,0.0,0.0,0.0,0.0,0.0,0.0,0.0,0.0,0.0,-0.14971215617511374,-0.04406823355196688,-0.8426415564449186,0.0,0.0,0.0,-0.14971215617511374,-0.04406823355196688,-0.8426415564449186,0.8569717215654827
-1,0.4400000000001585,0.010000000000010001,0.0,0.0,0.0,0.685779800447469,-0.19722079353248104,0.031594911501405365,0.685779800447469,-0.19722079353248104,0.031594911501405365,0.0,0.0,0.0,0.0,0.0,0.0,0.0,0.0,0.0,0.0,0.0,0.0,0.0,0.0,0.0,0.0,6.661338147744277e-14,4.996003610808208e-14,-4.1633363423401734e-15,0.0,0.0,0.0,6.661338147744277e-14,4.996003610808208e-14,-4.1633363423401734e-15,8.337074528441996e-14
-1,0.4500000000001685,0.010000000000010001,0.0,0.0,0.0,0.6857798004474686,-0.1972207935324816,0.031594911501405476,0.6857798004474686,-0.1972207935324816,0.031594911501405476,0.0,0.0,0.0,0.0,0.0,0.0,0.0,0.0,0.0,0.0,0.0,0.0,0.0,0.0,0.0,0.0,-4.440892098496185e-14,-5.5511151231202316e-14,1.1102230246240463e-14,0.0,0.0,0.0,-4.440892098496185e-14,-5.5511151231202316e-14,1.1102230246240463e-14,7.195067539990528e-14
-1,0.4600000000001785,0.010000000000010001,0.0,0.0,0.0,0.6857798004474668,-0.1972207935324812,0.03159491150140539,0.6857798004474668,-0.1972207935324812,0.03159491150140539,0.0,0.0,0.0,0.0,0.0,0.0,0.0,0.0,0.0,0.0,0.0,0.0,0.0,0.0,0.0,0.0,-1.776356839398474e-13,3.885780586184162e-14,-8.326672684680347e-15,0.0,0.0,0.0,-1.776356839398474e-13,3.885780586184162e-14,-8.326672684680347e-15,1.8202664300363213e-13
-1,0.4700000000001885,0.010000000000010001,0.0,0.0,0.0,0.6857798004474651,-0.19722079353248226,0.03159491150140536,0.6857798004474651,-0.19722079353248226,0.03159491150140536,0.0,0.0,0.0,0.0,0.0,0.0,0.0,0.0,0.0,0.0,0.0,0.0,0.0,0.0,0.0,0.0,-1.6653345369360695e-13,-1.054711873392844e-13,-3.4694469519501448e-15,0.0,0.0,0.0,-1.6653345369360695e-13,-1.054711873392844e-13,-3.4694469519501448e-15,1.971537461475981e-13
-1,0.4800000000001985,0.010000000000010001,0.0,0.0,0.0,0.6857798004474686,-0.19722079353248126,0.03159491150140531,0.6857798004474686,-0.19722079353248126,0.03159491150140531,0.0,0.0,0.0,0.0,0.0,0.0,0.0,0.0,0.0,0.0,0.0,0.0,0.0,0.0,0.0,0.0,3.4416913763345436e-13,9.992007221616416e-14,-4.857225732730203e-15,0.0,0.0,0.0,3.4416913763345436e-13,9.992007221616416e-14,-4.857225732730203e-15,3.5841318163937246e-13
-1,0.4900000000002085,0.010000000000010001,0.0,0.0,0.0,0.6857798004474684,-0.19722079353248104,0.03159491150140529,0.6857798004474684,-0.19722079353248104,0.03159491150140529,0.0,0.0,0.0,0.0,0.0,0.0,0.0,0.0,0.0,0.0,0.0,0.0,0.0,0.0,0.0,0.0,-1.1102230246240463e-14,2.2204460492480926e-14,-2.0816681711700867e-15,0.0,0.0,0.0,-1.1102230246240463e-14,2.2204460492480926e-14,-2.0816681711700867e-15,2.4912465244883843e-14
-1,0.5000000000002185,0.010000000000010001,0.0,0.0,0.0,0.6857798004474673,-0.1972207935324806,0.031594911501405275,0.6857798004474673,-0.1972207935324806,0.031594911501405275,0.0,0.0,0.0,0.0,0.0,0.0,0.0,0.0,0.0,0.0,0.0,0.0,0.0,0.0,0.0,0.0,-1.1102230246240463e-13,4.440892098496185e-14,-1.3877787807800579e-15,0.0,0.0,0.0,-1.1102230246240463e-13,4.440892098496185e-14,-1.3877787807800579e-15,1.1958273218590813e-13
-1,0.5100000000002285,0.010000000000010001,0.0,0.0,0.0,0.6850665870167916,-0.19972290491791547,0.040472442304812575,0.6850665870167916,-0.19972290491791547,0.040472442304812575,0.0,0.0,0.0,0.0,0.0,0.0,0.0,0.0,0.0,0.0,0.0,0.0,0.0,0.0,0.0,0.0,-0.071321343067505,-0.2502111385432378,0.8877530803398422,0.0,0.0,0.0,-0.071321343067505,-0.2502111385432378,0.8877530803398422,0.9250934436482265
-1,0.5200000000002385,0.010000000000010001,0.0,0.0,0.0,0.6850665870167915,-0.1997229049179162,0.04047244230481229,0.6850665870167915,-0.1997229049179162,0.04047244230481229,0.0,0.0,0.0,0.0,0.0,0.0,0.0,0.0,0.0,0.0,0.0,0.0,0.0,0.0,0.0,0.0,-1.1102230246240463e-14,-7.2164496600563e-14,-2.844946500599119e-14,0.0,0.0,0.0,-1.1102230246240463e-14,-7.2164496600563e-14,-2.844946500599119e-14,7.836036080302542e-14
-1,0.5300000000002485,0.010000000000010001,0.0,0.0,0.0,0.6850665870167914,-0.1997229049179153,0.04047244230481248,0.6850665870167914,-0.1997229049179153,0.04047244230481248,0.0,0.0,0.0,0.0,0.0,0.0,0.0,0.0,0.0,0.0,0.0,0.0,0.0,0.0,0.0,0.0,-1.1102230246240463e-14,8.88178419699237e-14,1.8735013540530783e-14,0.0,0.0,0.0,-1.1102230246240463e-14,8.88178419699237e-14,1.8735013540530783e-14,9.144872498290367e-14
-1,0.5400000000002585,0.010000000000010001,0.0,0.0,0.0,0.685066587016792,-0.19972290491791514,0.040472442304812416,0.685066587016792,-0.19972290491791514,0.040472442304812416,0.0,0.0,0.0,0.0,0.0,0.0,0.0,0.0,0.0,0.0,0.0,0.0,0.0,0.0,0.0,0.0,6.661338147744277e-14,1.6653345369360694e-14,-6.24500451351026e-15,0.0,0.0,0.0,6.661338147744277e-14,1.6653345369360694e-14,-6.24500451351026e-15,6.89469113537676e-14
-1,0.5500000000002685,0.010000000000010001,0.0,0.0,0.0,0.6850665870167916,-0.19972290491791503,0.040472442304812395,0.6850665870167916,-0.19972290491791503,0.040472442304812395,0.0,0.0,0.0,0.0,0.0,0.0,0.0,0.0,0.0,0.0,0.0,0.0,0.0,0.0,0.0,0.0,-4.440892098496185e-14,1.1102230246240463e-14,-2.0816681711700867e-15,0.0,0.0,0.0,-4.440892098496185e-14,1.1102230246240463e-14,-2.0816681711700867e-15,4.582297591671655e-14
-1,0.5600000000002785,0.010000000000010001,0.0,0.0,0.0,0.685066587016792,-0.19972290491791522,0.04047244230481246,0.685066587016792,-0.19972290491791522,0.04047244230481246,0.0,0.0,0.0,0.0,0.0,0.0,0.0,0.0,0.0,0.0,0.0,0.0,0.0,0.0,0.0,0.0,4.440892098496185e-14,-1.942890293092081e-14,6.24500451351026e-15,0.0,0.0,0.0,4.440892098496185e-14,-1.942890293092081e-14,6.24500451351026e-15,4.887365971074288e-14
-1,0.5700000000002885,0.010000000000010001,0.0,0.0,0.0,0.6850665870167931,-0.19972290491791514,0.04047244230481265,0.6850665870167931,-0.19972290491791514,0.04047244230481265,0.0,0.0,0.0,0.0,0.0,0.0,0.0,0.0,0.0,0.0,0.0,0.0,0.0,0.0,0.0,0.0,1.1102230246240463e-13,8.326672684680347e-15,1.942890293092081e-14,0.0,0.0,0.0,1.1102230246240463e-13,8.326672684680347e-15,1.942890293092081e-14,1.1301666864295109e-13
-1,0.5800000000002985,0.010000000000010001,0.0,0.0,0.0,0.685066587016794,-0.19972290491791508,0.04047244230481233,0.685066587016794,-0.19972290491791508,0.04047244230481233,0.0,0.0,0.0,0.0,0.0,0.0,0.0,0.0,0.0,0.0,0.0,0.0,0.0,0.0,0.0,0.0,8.88178419699237e-14,5.5511151231202315e-15,-3.191891195794133e-14,0.0,0.0,0.0,8.88178419699237e-14,5.5511151231202315e-15,-3.191891195794133e-14,9.454227029156475e-14
-1,0.5900000000003085,0.010000000000010001,0.0,0.0,0.0,0.6850665870167953,-0.1997229049179152,0.040472442304812416,0.6850665870167953,-0.1997229049179152,0.040472442304812416,0.0,0.0,0.0,0.0,0.0,0.0,0.0,0.0,0.0,0.0,0.0,0.0,0.0,0.0,0.0,0.0,1.3322676295488555e-13,-1.1102230246240463e-14,8.326672684680347e-15,0.0,0.0,0.0,1.3322676295488555e-13,-1.1102230246240463e-14,8.326672684680347e-15,1.3394761424480693e-13
-1,0.6000000000003185,0.010000000000010001,0.0,0.0,0.0,0.6850665870167947,-0.1997229049179143,0.040472442304812374,0.6850665870167947,-0.1997229049179143,0.040472442304812374,0.0,0.0,0.0,0.0,0.0,0.0,0.0,0.0,0.0,0.0,0.0,0.0,0.0,0.0,0.0,0.0,-6.661338147744277e-14,8.88178419699237e-14,-4.1633363423401734e-15,0.0,0.0,0.0,-6.661338147744277e-14,8.88178419699237e-14,-4.1633363423401734e-15,1.1110033759423555e-13
-1,0.6100000000003285,0.010000000000010001,0.0,0.0,0.0,0.6850665870167918,-0.1997229049179153,0.04047244230481247,0.6850665870167918,-0.1997229049179153,0.04047244230481247,0.0,0.0,0.0,0.0,0.0,0.0,0.0,0.0,0.0,0.0,0.0,0.0,0.0,0.0,0.0,0.0,-2.88657986402252e-13,-9.992007221616416e-14,9.714451465460406e-15,0.0,0.0,0.0,-2.88657986402252e-13,-9.992007221616416e-14,9.714451465460406e-15,3.0561712077820664e-13
-1,0.6200000000003385,0.010000000000010001,0.0,0.0,0.0,0.6897547126524175,-0.20019228075840037,0.028830979751253413,0.6897547126524175,-0.20019228075840037,0.028830979751253413,0.0,0.0,0.0,0.0,0.0,0.0,0.0,0.0,0.0,0.0,0.0,0.0,0.0,0.0,0.0,0.0,0.46881256356210177,-0.04693758404845951,-1.1641462553547417,0.0,0.0,0.0,0.46881256356210177,-0.04693758404845951,-1.1641462553547417,1.2558761325888965
-1,0.6300000000003485,0.010000000000010001,0.0,0.0,0.0,0.6897547126524189,-0.20019228075840048,0.02883097975125349,0.6897547126524189,-0.20019228075840048,0.02883097975125349,0.0,0.0,0.0,0.0,0.0,0.0,0.0,0.0,0.0,0.0,0.0,0.0,0.0,0.0,0.0,0.0,1.44328993201126e-13,-1.1102230246240463e-14,7.632783294290318e-15,0.0,0.0,0.0,1.44328993201126e-13,-1.1102230246240463e-14,7.632783294290318e-15,1.4495646648462708e-13
-1,0.6400000000003585,0.010000000000010001,0.0,0.0,0.0,0.6897547126524177,-0.2001922807584003,0.02883097975125326,0.6897547126524177,-0.2001922807584003,0.02883097975125326,0.0,0.0,0.0,0.0,0.0,0.0,0.0,0.0,0.0,0.0,0.0,0.0,0.0,0.0,0.0,0.0,-1.221245327086451e-13,1.942890293092081e-14,-2.2898349882870955e-14,0.0,0.0,0.0,-1.221245327086451e-13,1.942890293092081e-14,-2.2898349882870955e-14,1.257625468323636e-13
-1,0.6500000000003685,0.010000000000010001,0.0,0.0,0.0,0.6897547126524178,-0.20019228075839984,0.028830979751253392,0.6897547126524178,-0.20019228075839984,0.028830979751253392,0.0,0.0,0.0,0.0,0.0,0.0,0.0,0.0,0.0,0.0,0.0,0.0,0.0,0.0,0.0,0.0,1.1102230246240463e-14,4.440892098496185e-14,1.318389841741055e-14,0.0,0.0,0.0,1.1102230246240463e-14,4.440892098496185e-14,1.318389841741055e-14,4.763640369475557e-14
-1,0.6600000000003785,0.010000000000010001,0.0,0.0,0.0,0.689754712652418,-0.20019228075840137,0.02883097975125326,0.689754712652418,-0.20019228075840137,0.02883097975125326,0.0,0.0,0.0,0.0,0.0,0.0,0.0,0.0,0.0,0.0,0.0,0.0,0.0,0.0,0.0,0.0,1.1102230246240463e-14,-1.5265566588580638e-13,-1.318389841741055e-14,0.0,0.0,0.0,1.1102230246240463e-14,-1.5265566588580638e-13,-1.318389841741055e-14,1.5362560665774467e-13
-1,0.6700000000003885,0.010000000000010001,0.0,0.0,0.0,0.6897547126524164,-0.2001922807584008,0.028830979751253275,0.6897547126524164,-0.2001922807584008,0.028830979751253275,0.0,0.0,0.0,0.0,0.0,0.0,0.0,0.0,0.0,0.0,0.0,0.0,0.0,0.0,0.0,0.0,-1.554312234473665e-13,5.828670879276243e-14,1.3877787807800579e-15,0.0,0.0,0.0,-1.554312234473665e-13,5.828670879276243e-14,1.3877787807800579e-15,1.6600642028000556e-13
-1,0.6800000000003985,0.010000000000010001,0.0,0.0,0.0,0.6897547126524177,-0.20019228075840012,0.02883097975125315,0.6897547126524177,-0.20019228075840012,0.02883097975125315,0.0,0.0,0.0,0.0,0.0,0.0,0.0,0.0,0.0,0.0,0.0,0.0,0.0,0.0,0.0,0.0,1.3322676295488555e-13,6.661338147744277e-14,-1.249000902702052e-14,0.0,0.0,0.0,1.3322676295488555e-13,6.661338147744277e-14,-1.249000902702052e-14,1.4947479146930307e-13
-1,0.6900000000004085,0.010000000000010001,0.0,0.0,0.0,0.6906383902695787,-0.20174518809873201,0.025497854557116426,0.6906383902695787,-0.20174518809873201,0.025497854557116426,0.0,0.0,0.0,0.0,0.0,0.0,0.0,0.0,0.0,0.0,0.0,0.0,0.0,0.0,0.0,0.0,0.08836776171601324,-0.1552907340330341,-0.333312519413339,0.0,0.0,0.0,0.08836776171601324,-0.1552907340330341,-0.333312519413339,0.3781815820275812
-1,0.7000000000004185,0.010000000000010001,0.0,0.0,0.0,0.6883626440326799,-0.19931300148499237,0.03390034448517827,0.6883626440326799,-0.19931300148499237,0.03390034448517827,0.0,0.0,0.0,0.0,0.0,0.0,0.0,0.0,0.0,0.0,0.0,0.0,0.0,0.0,0.0,0.0,-0.2275746236896581,0.2432186613737213,0.8402489928053443,0.0,0.0,0.0,-0.2275746236896581,0.2432186613737213,0.8402489928053443,0.9038605514670446
-1,0.7100000000004285,0.010000000000010001,0.0,0.0,0.0,0.6883626440326799,-0.19931300148499267,0.03390034448517837,0.6883626440326799,-0.19931300148499267,0.03390034448517837,0.0,0.0,0.0,0.0,0.0,0.0,0.0,0.0,0.0,0.0,0.0,0.0,0.0,0.0,0.0,0.0,0.0,-3.053113317716127e-14,9.714451465460406e-15,0.0,0.0,0.0,0.0,-3.053113317716127e-14,9.714451465460406e-15,3.2039361110302176e-14
-1,0.7200000000004385,0.010000000000010001,0.0,0.0,0.0,0.6906031986706399,-0.2030987717680008,0.046881957764437515,0.6906031986706399,-0.2030987717680008,0.046881957764437515,0.0,0.0,0.0,0.0,0.0,0.0,0.0,0.0,0.0,0.0,0.0,0.0,0.0,0.0,0.0,0.0,0.22405546379577831,-0.37857702830043527,1.2981613279246165,0.0,0.0,0.0,0.22405546379577831,-0.37857702830043527,1.2981613279246165,1.3706729188732567
-1,0.7300000000004485,0.010000000000010001,0.0,0.0,0.0,0.6906031986706381,-0.2030987717680014,0.04688195776443737,0.6906031986706381,-0.2030987717680014,0.04688195776443737,0.0,0.0,0.0,0.0,0.0,0.0,0.0,0.0,0.0,0.0,0.0,0.0,0.0,0.0,0.0,0.0,-1.776356839398474e-13,-5.828670879276243e-14,-1.4571677198190608e-14,0.0,0.0,0.0,-1.776356839398474e-13,-5.828670879276243e-14,-1.4571677198190608e-14,1.875209599139198e-13
-1,0.7400000000004585,0.010000000000010001,0.0,0.0,0.0,0.6906031986706381,-0.20309877176800178,0.046881957764437925,0.6906031986706381,-0.20309877176800178,0.046881957764437925,0.0,0.0,0.0,0.0,0.0,0.0,0.0,0.0,0.0,0.0,0.0,0.0,0.0,0.0,0.0,0.0,0.0,-3.885780586184162e-14,5.5511151231202316e-14,0.0,0.0,0.0,0.0,-3.885780586184162e-14,5.5511151231202316e-14,6.775999547970755e-14
-1,0.7500000000004685,0.010000000000010001,0.0,0.0,0.0,0.6906031986706354,-0.20309877176800237,0.04688195776443785,0.6906031986706354,-0.20309877176800237,0.04688195776443785,0.0,0.0,0.0,0.0,0.0,0.0,0.0,0.0,0.0,0.0,0.0,0.0,0.0,0.0,0.0,0.0,-2.7755575615601156e-13,-5.828670879276243e-14,-7.632783294290318e-15,0.0,0.0,0.0,-2.7755575615601156e-13,-5.828670879276243e-14,-7.632783294290318e-15,2.837125262973865e-13
-1,0.7600000000004785,0.010000000000010001,0.0,0.0,0.0,0.6906031986706379,-0.20309877176800134,0.04688195776443793,0.6906031986706379,-0.20309877176800134,0.04688195776443793,0.0,0.0,0.0,0.0,0.0,0.0,0.0,0.0,0.0,0.0,0.0,0.0,0.0,0.0,0.0,0.0,2.5535129566353064e-13,1.0269562977772428e-13,8.326672684680347e-15,0.0,0.0,0.0,2.5535129566353064e-13,1.0269562977772428e-13,8.326672684680347e-15,2.7535433544886316e-13
-1,0.7700000000004885,0.010000000000010001,0.0,0.0,0.0,0.6895586844074162,-0.20321949041328424,0.044778585486679116,0.6895586844074162,-0.20321949041328424,0.044778585486679116,0.0,0.0,0.0,0.0,0.0,0.0,0.0,0.0,0.0,0.0,0.0,0.0,0.0,0.0,0.0,0.0,-0.1044514263220674,-0.01207186452827816,-0.21033722777567118,0.0,0.0,0.0,-0.1044514263220674,-0.01207186452827816,-0.21033722777567118,0.23515437432090852
-1,0.7800000000004985,0.010000000000010001,0.0,0.0,0.0,0.6895586844074141,-0.2032194904132845,0.04477858548667887,0.6895586844074141,-0.2032194904132845,0.04477858548667887,0.0,0.0,0.0,0.0,0.0,0.0,0.0,0.0,0.0,0.0,0.0,0.0,0.0,0.0,0.0,0.0,-2.109423746785688e-13,-2.498001805404104e-14,-2.498001805404104e-14,0.0,0.0,0.0,-2.109423746785688e-13,-2.498001805404104e-14,-2.498001805404104e-14,2.1388007863986337e-13
-1,0.7900000000005085,0.010000000000010001,0.0,0.0,0.0,0.6895586844074153,-0.20321949041328458,0.044778585486679075,0.6895586844074153,-0.20321949041328458,0.044778585486679075,0.0,0.0,0.0,0.0,0.0,0.0,0.0,0.0,0.0,0.0,0.0,0.0,0.0,0.0,0.0,0.0,1.221245327086451e-13,-8.326672684680347e-15,2.081668171170087e-14,0.0,0.0,0.0,1.221245327086451e-13,-8.326672684680347e-15,2.081668171170087e-14,1.2416549119940286e-13
-1,0.8000000000005185,0.010000000000010001,0.0,0.0,0.0,0.6858998303750065,-0.20418281180157638,0.04156601881470116,0.6858998303750065,-0.20418281180157638,0.04156601881470116,0.0,0.0,0.0,0.0,0.0,0.0,0.0,0.0,0.0,0.0,0.0,0.0,0.0,0.0,0.0,0.0,-0.3658854032405184,-0.09633213882908412,-0.32125666719747054,0.0,0.0,0.0,-0.3658854032405184,-0.09633213882908412,-0.32125666719747054,0.49634449276151843
-1,0.8100000000005285,0.010000000000010001,0.0,0.0,0.0,0.6858998303750077,-0.2041828118015758,0.041566018814701275,0.6858998303750077,-0.2041828118015758,0.041566018814701275,0.0,0.0,0.0,0.0,0.0,0.0,0.0,0.0,0.0,0.0,0.0,0.0,0.0,0.0,0.0,0.0,1.221245327086451e-13,5.828670879276243e-14,1.1796119636630492e-14,0.0,0.0,0.0,1.221245327086451e-13,5.828670879276243e-14,1.1796119636630492e-14,1.3583405445498163e-13
-1,0.8200000000005385,0.010000000000010001,0.0,0.0,0.0,0.6858998303750082,-0.20418281180157616,0.041566018814700914,0.6858998303750082,-0.20418281180157616,0.041566018814700914,0.0,0.0,0.0,0.0,0.0,0.0,0.0,0.0,0.0,0.0,0.0,0.0,0.0,0.0,0.0,0.0,5.5511151231202316e-14,-3.60822483002815e-14,-3.60822483002815e-14,0.0,0.0,0.0,5.5511151231202316e-14,-3.60822483002815e-14,-3.60822483002815e-14,7.540122807898919e-14
-1,0.8300000000005485,0.010000000000010001,0.0,0.0,0.0,0.685899830375007,-0.20418281180157632,0.041566018814700796,0.685899830375007,-0.20418281180157632,0.041566018814700796,0.0,0.0,0.0,0.0,0.0,0.0,0.0,0.0,0.0,0.0,0.0,0.0,0.0,0.0,0.0,0.0,-1.221245327086451e-13,-1.6653345369360694e-14,-1.1796119636630492e-14,0.0,0.0,0.0,-1.221245327086451e-13,-1.6653345369360694e-14,-1.1796119636630492e-14,1.2381794635584064e-13
-1,0.8400000000005585,0.010000000000010001,0.0,0.0,0.0,0.6858998303750087,-0.2041828118015765,0.04156601881470169,0.6858998303750087,-0.2041828118015765,0.04156601881470169,0.0,0.0,0.0,0.0,0.0,0.0,0.0,0.0,0.0,0.0,0.0,0.0,0.0,0.0,0.0,0.0,1.6653345369360695e-13,-1.6653345369360694e-14,8.951173136031373e-14,0.0,0.0,0.0,1.6653345369360695e-13,-1.6653345369360694e-14,8.951173136031373e-14,1.8979745826072832e-13
-1,0.8500000000005685,0.010000000000010001,0.0,0.0,0.0,0.6858998303750083,-0.20418281180157652,0.041566018814700637,0.6858998303750083,-0.20418281180157652,0.041566018814700637,0.0,0.0,0.0,0.0,0.0,0.0,0.0,0.0,0.0,0.0,0.0,0.0,0.0,0.0,0.0,0.0,-3.330669073872139e-14,-2.7755575615601157e-15,-1.054711873392844e-13,0.0,0.0,0.0,-3.330669073872139e-14,-2.7755575615601157e-15,-1.054711873392844e-13,1.106400050908386e-13
-1,0.8600000000005785,0.010000000000010001,0.0,0.0,0.0,0.6858998303750077,-0.204182811801577,0.04156601881470059,0.6858998303750077,-0.204182811801577,0.04156601881470059,0.0,0.0,0.0,0.0,0.0,0.0,0.0,0.0,0.0,0.0,0.0,0.0,0.0,0.0,0.0,0.0,-6.661338147744277e-14,-4.7184478546521966e-14,-4.857225732730203e-15,0.0,0.0,0.0,-6.661338147744277e-14,-4.7184478546521966e-14,-4.857225732730203e-15,8.177597599163952e-14
-1,0.8700000000005885,0.010000000000010001,0.0,0.0,0.0,0.6861471885642453,-0.2006157004168567,0.03321192837935072,0.6861471885642453,-0.2006157004168567,0.03321192837935072,0.0,0.0,0.0,0.0,0.0,0.0,0.0,0.0,0.0,0.0,0.0,0.0,0.0,0.0,0.0,0.0,0.024735818923735352,0.3567111384716728,-0.8354090435341515,0.0,0.0,0.0,0.024735818923735352,0.3567111384716728,-0.8354090435341515,0.908715008716281
-1,0.8800000000005985,0.010000000000010001,0.0,0.0,0.0,0.6861471885642464,-0.20061570041685567,0.03321192837935101,0.6861471885642464,-0.20061570041685567,0.03321192837935101,0.0,0.0,0.0,0.0,0.0,0.0,0.0,0.0,0.0,0.0,0.0,0.0,0.0,0.0,0.0,0.0,1.1102230246240463e-13,1.0269562977772428e-13,2.9143354396381216e-14,0.0,0.0,0.0,1.1102230246240463e-13,1.0269562977772428e-13,2.9143354396381216e-14,1.5401843761371604e-13
-1,0.8900000000006085,0.010000000000010001,0.0,0.0,0.0,0.6861471885642464,-0.20061570041685592,0.033211928379350664,0.6861471885642464,-0.20061570041685592,0.033211928379350664,0.0,0.0,0.0,0.0,0.0,0.0,0.0,0.0,0.0,0.0,0.0,0.0,0.0,0.0,0.0,0.0,0.0,-2.498001805404104e-14,-3.4694469519501445e-14,0.0,0.0,0.0,0.0,-2.498001805404104e-14,-3.4694469519501445e-14,4.275169607418905e-14
-1,0.9000000000006185,0.010000000000010001,0.0,0.0,0.0,0.6861471885642457,-0.20061570041685636,0.03321192837935093,0.6861471885642457,-0.20061570041685636,0.03321192837935093,0.0,0.0,0.0,0.0,0.0,0.0,0.0,0.0,0.0,0.0,0.0,0.0,0.0,0.0,0.0,0.0,-6.661338147744277e-14,-4.440892098496185e-14,2.63677968348211e-14,0.0,0.0,0.0,-6.661338147744277e-14,-4.440892098496185e-14,2.63677968348211e-14,8.428971209364938e-14
-1,0.9100000000006285,0.010000000000010001,0.0,0.0,0.0,0.6861471885642464,-0.2006157004168566,0.03321192837935082,0.6861471885642464,-0.2006157004168566,0.03321192837935082,0.0,0.0,0.0,0.0,0.0,0.0,0.0,0.0,0.0,0.0,0.0,0.0,0.0,0.0,0.0,0.0,6.661338147744277e-14,-2.498001805404104e-14,-1.0408340855850434e-14,0.0,0.0,0.0,6.661338147744277e-14,-2.498001805404104e-14,-1.0408340855850434e-14,7.190046907504219e-14
-1,0.9200000000006385,0.010000000000010001,0.0,0.0,0.0,0.6861471885642451,-0.20061570041685567,0.033211928379350907,0.6861471885642451,-0.20061570041685567,0.033211928379350907,0.0,0.0,0.0,0.0,0.0,0.0,0.0,0.0,0.0,0.0,0.0,0.0,0.0,0.0,0.0,0.0,-1.3322676295488555e-13,9.436895709304393e-14,8.326672684680347e-15,0.0,0.0,0.0,-1.3322676295488555e-13,9.436895709304393e-14,8.326672684680347e-15,1.634753923630827e-13
-1,0.9300000000006485,0.010000000000010001,0.0,0.0,0.0,0.6861471885642453,-0.2006157004168553,0.03321192837935091,0.6861471885642453,-0.2006157004168553,0.03321192837935091,0.0,0.0,0.0,0.0,0.0,0.0,0.0,0.0,0.0,0.0,0.0,0.0,0.0,0.0,0.0,0.0,2.2204460492480926e-14,3.60822483002815e-14,6.938893903900289e-16,0.0,0.0,0.0,2.2204460492480926e-14,3.60822483002815e-14,6.938893903900289e-16,4.237272932738e-14
-1,0.9400000000006585,0.010000000000010001,0.0,0.0,0.0,0.6881208104471352,-0.19784514682897006,0.035313596219222886,0.6881208104471352,-0.19784514682897006,0.035313596219222886,0.0,0.0,0.0,0.0,0.0,0.0,0.0,0.0,0.0,0.0,0.0,0.0,0.0,0.0,0.0,0.0,0.19736218828879906,0.2770553587882479,0.21016678398698704,0.0,0.0,0.0,0.19736218828879906,0.2770553587882479,0.21016678398698704,0.3998519504652453
-1,0.9500000000006685,0.010000000000010001,0.0,0.0,0.0,0.6881208104471379,-0.1978451468289696,0.03531359621922316,0.6881208104471379,-0.1978451468289696,0.03531359621922316,0.0,0.0,0.0,0.0,0.0,0.0,0.0,0.0,0.0,0.0,0.0,0.0,0.0,0.0,0.0,0.0,2.664535259097711e-13,4.7184478546521966e-14,2.7755575615601158e-14,0.0,0.0,0.0,2.664535259097711e-13,4.7184478546521966e-14,2.7755575615601158e-14,2.72018801672255e-13
-1,0.9600000000006785,0.010000000000010001,0.0,0.0,0.0,0.6881208104471398,-0.19784514682897011,0.03531359621922289,0.6881208104471398,-0.19784514682897011,0.03531359621922289,0.0,0.0,0.0,0.0,0.0,0.0,0.0,0.0,0.0,0.0,0.0,0.0,0.0,0.0,0.0,0.0,1.8873791418608787e-13,-5.27355936696422e-14,-2.706168622521113e-14,0.0,0.0,0.0,1.8873791418608787e-13,-5.27355936696422e-14,-2.706168622521113e-14,1.9782663610433368e-13
-1,0.9700000000006885,0.010000000000010001,0.0,0.0,0.0,0.6881208104471395,-0.19784514682897067,0.035313596219222886,0.6881208104471395,-0.19784514682897067,0.035313596219222886,0.0,0.0,0.0,0.0,0.0,0.0,0.0,0.0,0.0,0.0,0.0,0.0,0.0,0.0,0.0,0.0,-3.330669073872139e-14,-5.5511151231202316e-14,-6.938893903900289e-16,0.0,0.0,0.0,-3.330669073872139e-14,-5.5511151231202316e-14,-6.938893903900289e-16,6.47402891672901e-14
-1,0.9800000000006985,0.010000000000010001,0.0,0.0,0.0,0.6881208104471386,-0.19784514682897045,0.0353135962192224,0.6881208104471386,-0.19784514682897045,0.0353135962192224,0.0,0.0,0.0,0.0,0.0,0.0,0.0,0.0,0.0,0.0,0.0,0.0,0.0,0.0,0.0,0.0,-8.88178419699237e-14,2.2204460492480926e-14,-4.8572257327302024e-14,0.0,0.0,0.0,-8.88178419699237e-14,2.2204460492480926e-14,-4.8572257327302024e-14,1.0363836789445371e-13
-1,0.9900000000007085,0.010000000000010001,0.0,0.0,0.0,0.6881208104471368,-0.19784514682897042,0.03531359621922252,0.6881208104471368,-0.19784514682897042,0.03531359621922252,0.0,0.0,0.0,0.0,0.0,0.0,0.0,0.0,0.0,0.0,0.0,0.0,0.0,0.0,0.0,0.0,-1.776356839398474e-13,2.7755575615601157e-15,1.1796119636630492e-14,0.0,0.0,0.0,-1.776356839398474e-13,2.7755575615601157e-15,1.1796119636630492e-14,1.7804855620598725e-13
-1,1.0000000000007185,0.010000000000010001,0.0,0.0,0.0,0.6881239394734207,-0.19784514682897045,0.035313596219221983,0.6881239394734207,-0.19784514682897045,0.035313596219221983,0.0,0.0,0.0,0.0,0.0,0.0,0.0,0.0,0.0,0.0,0.0,0.0,0.0,0.0,0.0,0.0,0.00031290262838514567,-2.7755575615601157e-15,-5.342948306003223e-14,0.0,0.0,0.0,0.00031290262838514567,-2.7755575615601157e-15,-5.342948306003223e-14,0.00031290262838514567
-1,1.010000000000673,0.00999999999995449,3.129026282975434e-06,0.0,0.0,0.6881208104471354,-0.19784514682897011,0.035313596219221956,0.6881239394734183,-0.19784514682897011,0.035313596219221956,0.0,0.0,0.0,0.0,0.0,0.0,0.0,0.0,0.0,0.0,0.0,0.0,0.0,0.0,0.0,0.0,-2.331468351723439e-13,3.330669073890628e-14,-2.775557561575523e-15,0.0,0.0,0.0,-2.331468351723439e-13,3.330669073890628e-14,-2.775557561575523e-15,2.355302233655691e-13
-1,1.0200000000006275,0.00999999999995449,3.129026282975434e-06,0.0,0.0,0.6881208104471368,-0.19784514682896973,0.03531359621922248,0.6881239394734198,-0.19784514682896973,0.03531359621922248,0.0,0.0,0.0,0.0,0.0,0.0,0.0,0.0,0.0,0.0,0.0,0.0,0.0,0.0,0.0,0.0,1.443289932019272e-13,3.885780586205732e-14,5.273559366993494e-14,0.0,0.0,0.0,1.443289932019272e-13,3.885780586205732e-14,5.273559366993494e-14,1.5849867568789261e-13
-1,1.030000000000582,0.00999999999995449,3.129026282975434e-06,0.0,0.0,0.6881208104471382,-0.1978451468289702,0.035313596219222164,0.6881239394734212,-0.1978451468289702,0.035313596219222164,0.0,0.0,0.0,0.0,0.0,0.0,0.0,0.0,0.0,0.0,0.0,0.0,0.0,0.0,0.0,0.0,1.443289932019272e-13,-4.7184478546783894e-14,-3.1918911958118515e-14,0.0,0.0,0.0,1.443289932019272e-13,-4.7184478546783894e-14,-3.1918911958118515e-14,1.5516459078992208e-13
-1,1.0400000000005365,0.00999999999995449,3.129026282975434e-06,0.0,0.0,0.6881208104471385,-0.1978451468289696,0.03531359621922199,0.6881239394734214,-0.1978451468289696,0.03531359621922199,0.0,0.0,0.0,0.0,0.0,0.0,0.0,0.0,0.0,0.0,0.0,0.0,0.0,0.0,0.0,0.0,2.2204460492604184e-14,6.10622663546615e-14,-1.734723475984702e-14,0.0,0.0,0.0,2.2204460492604184e-14,6.10622663546615e-14,-1.734723475984702e-14,6.725001852749552e-14
-1,1.050000000000491,0.00999999999995449,3.129026282975434e-06,0.0,0.0,0.6881208104471384,-0.1978451468289696,0.035313596219222636,0.6881239394734213,-0.1978451468289696,0.035313596219222636,0.0,0.0,0.0,0.0,0.0,0.0,0.0,0.0,0.0,0.0,0.0,0.0,0.0,0.0,0.0,0.0,-1.1102230246302092e-14,0.0,6.453171330663091e-14,0.0,0.0,0.0,-1.1102230246302092e-14,0.0,6.453171330663091e-14,6.547977961730712e-14
-1,1.0600000000004455,0.00999999999995449,3.129026282975434e-06,0.0,0.0,0.6881208104471388,-0.19784514682897011,0.035313596219222636,0.6881239394734218,-0.19784514682897011,0.035313596219222636,0.0,0.0,0.0,0.0,0.0,0.0,0.0,0.0,0.0,0.0,0.0,0.0,0.0,0.0,0.0,0.0,4.440892098520837e-14,-5.273559366993494e-14,0.0,0.0,0.0,0.0,4.440892098520837e-14,-5.273559366993494e-14,0.0,6.894341957569962e-14
-1,1.0700000000004,0.00999999999995449,3.129026282975434e-06,0.0,0.0,0.6881208104471378,-0.1978451468289701,0.03531359621922217,0.6881239394734208,-0.1978451468289701,0.03531359621922217,0.0,0.0,0.0,0.0,0.0,0.0,0.0,0.0,0.0,0.0,0.0,0.0,0.0,0.0,0.0,0.0,-9.992007221671883e-14,2.775557561575523e-15,-4.649058915639001e-14,0.0,0.0,0.0,-9.992007221671883e-14,2.775557561575523e-15,-4.649058915639001e-14,1.1024109683634399e-13
-1,1.0800000000003545,0.00999999999995449,3.129026282975434e-06,0.0,0.0,0.6881208104471388,-0.19784514682896878,0.03531359621922221,0.6881239394734218,-0.19784514682896878,0.03531359621922221,0.0,0.0,0.0,0.0,0.0,0.0,0.0,0.0,0.0,0.0,0.0,0.0,0.0,0.0,0.0,0.0,9.992007221671883e-14,1.3045120539404957e-13,4.163336342363285e-15,0.0,0.0,0.0,9.992007221671883e-14,1.3045120539404957e-13,4.163336342363285e-15,1.6437418042397794e-13
-1,1.090000000000309,0.00999999999995449,3.129026282975434e-06,0.0,0.0,0.688120810447137,-0.19784514682896995,0.03531359621922262,0.68812393947342,-0.19784514682896995,0.03531359621922262,0.0,0.0,0.0,0.0,0.0,0.0,0.0,0.0,0.0,0.0,0.0,0.0,0.0,0.0,0.0,0.0,-1.7763568394083347e-13,-1.1657341758617196e-13,4.0939474033238964e-14,0.0,0.0,0.0,-1.7763568394083347e-13,-1.1657341758617196e-13,4.0939474033238964e-14,2.163789232595586e-13
-1,1.1000000000002634,0.00999999999995449,3.129026282975434e-06,0.0,0.0,0.6907410983937307,-0.19938186890776752,0.0441408418234899,0.6907442274200136,-0.19938186890776752,0.0441408418234899,0.0,0.0,0.0,0.0,0.0,0.0,0.0,0.0,0.0,0.0,0.0,0.0,0.0,0.0,0.0,0.0,0.26202879466055606,-0.15367220788045635,0.8827245604307452,0.0,0.0,0.0,0.26202879466055606,-0.15367220788045635,0.8827245604307452,0.9335292637586518
-1,1.110000000000218,0.00999999999995449,3.129026282975434e-06,0.0,0.0,0.6907410983937319,-0.19938186890776755,0.044140841823490054,0.6907442274200148,-0.19938186890776755,0.044140841823490054,0.0,0.0,0.0,0.0,0.0,0.0,0.0,0.0,0.0,0.0,0.0,0.0,0.0,0.0,0.0,0.0,1.22124532709323e-13,-2.775557561575523e-15,1.5265566588665376e-14,0.0,0.0,0.0,1.22124532709323e-13,-2.775557561575523e-15,1.5265566588665376e-14,1.2310622540115953e-13
-1,1.1200000000001724,0.00999999999995449,3.129026282975434e-06,0.0,0.0,0.6907410983937333,-0.19938186890776793,0.044140841823490366,0.6907442274200163,-0.19938186890776793,0.044140841823490366,0.0,0.0,0.0,0.0,0.0,0.0,0.0,0.0,0.0,0.0,0.0,0.0,0.0,0.0,0.0,0.0,1.443289932019272e-13,-3.885780586205732e-14,3.1225022567724636e-14,0.0,0.0,0.0,1.443289932019272e-13,-3.885780586205732e-14,3.1225022567724636e-14,1.5269508633040616e-13
-1,1.130000000000127,0.00999999999995449,3.129026282975434e-06,0.0,0.0,0.690741098393731,-0.1993818689077676,0.0441408418234901,0.690744227420014,-0.1993818689077676,0.0441408418234901,0.0,0.0,0.0,0.0,0.0,0.0,0.0,0.0,0.0,0.0,0.0,0.0,0.0,0.0,0.0,0.0,-2.331468351723439e-13,3.330669073890628e-14,-2.636779683496747e-14,0.0,0.0,0.0,-2.331468351723439e-13,3.330669073890628e-14,-2.636779683496747e-14,2.3698532255983144e-13
-1,1.1400000000000814,0.00999999999995449,3.129026282975434e-06,0.0,0.0,0.6907410983937322,-0.19938186890776793,0.044140841823489874,0.6907442274200152,-0.19938186890776793,0.044140841823489874,0.0,0.0,0.0,0.0,0.0,0.0,0.0,0.0,0.0,0.0,0.0,0.0,0.0,0.0,0.0,0.0,1.22124532709323e-13,-3.330669073890628e-14,-2.2898349882998065e-14,0.0,0.0,0.0,1.22124532709323e-13,-3.330669073890628e-14,-2.2898349882998065e-14,1.2863930800813508e-13
-1,1.1500000000000359,0.00999999999995449,3.129026282975434e-06,0.0,0.0,0.6907410983937329,-0.19938186890776735,0.0441408418234899,0.6907442274200158,-0.19938186890776735,0.0441408418234899,0.0,0.0,0.0,0.0,0.0,0.0,0.0,0.0,0.0,0.0,0.0,0.0,0.0,0.0,0.0,0.0,6.661338147781255e-14,5.828670879308598e-14,2.775557561575523e-15,0.0,0.0,0.0,6.661338147781255e-14,5.828670879308598e-14,2.775557561575523e-15,8.855725116339263e-14
-1,1.1600199999999903,0.010019999999954399,3.129026282975434e-06,0.0,0.0,0.691828884320833,-0.20014104288156045,0.03790556092868436,0.691832013347116,-0.20014104288156045,0.03790556092868436,0.0,0.0,0.0,0.0,0.0,0.0,0.0,0.0,0.0,0.0,0.0,0.0,0.0,0.0,0.0,0.0,0.10856146977096578,-0.07576586564835915,-0.6222835224385145,0.0,0.0,0.0,0.10856146977096578,-0.07576586564835915,-0.6222835224385145,0.6362097464003225
-1,1.1700199999999448,0.00999999999995449,3.129026282975434e-06,0.0,0.0,0.6918288843208337,-0.20014104288156095,0.03790556092868422,0.6918320133471166,-0.20014104288156095,0.03790556092868422,0.0,0.0,0.0,0.0,0.0,0.0,0.0,0.0,0.0,0.0,0.0,0.0,0.0,0.0,0.0,0.0,6.661338147781255e-14,-4.996003610835941e-14,-1.4571677198271494e-14,0.0,0.0,0.0,6.661338147781255e-14,-4.996003610835941e-14,-1.4571677198271494e-14,8.453213339451326e-14
-1,1.1800199999998993,0.00999999999995449,3.129026282975434e-06,0.0,0.0,0.6918288843208327,-0.2001410428815603,0.03790556092868426,0.6918320133471156,-0.2001410428815603,0.03790556092868426,0.0,0.0,0.0,0.0,0.0,0.0,0.0,0.0,0.0,0.0,0.0,0.0,0.0,0.0,0.0,0.0,-9.992007221671883e-14,6.661338147781255e-14,4.163336342363285e-15,0.0,0.0,0.0,-9.992007221671883e-14,6.661338147781255e-14,4.163336342363285e-15,1.201611284617556e-13
-1,1.1900199999998538,0.00999999999995449,3.129026282975434e-06,0.0,0.0,0.6918288843208329,-0.20014104288156043,0.03790556092868431,0.6918320133471159,-0.20014104288156043,0.03790556092868431,0.0,0.0,0.0,0.0,0.0,0.0,0.0,0.0,0.0,0.0,0.0,0.0,0.0,0.0,0.0,0.0,2.2204460492604184e-14,-1.3877787807877615e-14,4.857225732757165e-15,0.0,0.0,0.0,2.2204460492604184e-14,-1.3877787807877615e-14,4.857225732757165e-15,2.6631254233082132e-14
-1,1.2000199999998082,0.00999999999995449,3.129026282975434e-06,0.0,0.0,0.6918288843208326,-0.2001410428815604,0.03790556092868437,0.6918320133471155,-0.2001410428815604,0.03790556092868437,0.0,0.0,0.0,0.0,0.0,0.0,0.0,0.0,0.0,0.0,0.0,0.0,0.0,0.0,0.0,0.0,-3.330669073890628e-14,2.775557561575523e-15,6.245004513544927e-15,0.0,0.0,0.0,-3.330669073890628e-14,2.775557561575523e-15,6.245004513544927e-15,3.400058012930016e-14
-1,1.2100199999997627,0.00999999999995449,3.129026282975434e-06,0.0,0.0,0.6918288843208339,-0.20014104288156007,0.03790556092868425,0.6918320133471169,-0.20014104288156007,0.03790556092868425,0.0,0.0,0.0,0.0,0.0,0.0,0.0,0.0,0.0,0.0,0.0,0.0,0.0,0.0,0.0,0.0,1.332267629556251e-13,3.330669073890628e-14,-1.1796119636695973e-14,0.0,0.0,0.0,1.332267629556251e-13,3.330669073890628e-14,-1.1796119636695973e-14,1.3783270458818804e-13
-1,1.2200199999997172,0.00999999999995449,3.129026282975434e-06,0.0,0.0,0.6918288843208326,-0.20014104288155965,0.03790556092868412,0.6918320133471155,-0.20014104288155965,0.03790556092868412,0.0,0.0,0.0,0.0,0.0,0.0,0.0,0.0,0.0,0.0,0.0,0.0,0.0,0.0,0.0,0.0,-1.332267629556251e-13,4.163336342363284e-14,-1.3183898417483735e-14,0.0,0.0,0.0,-1.332267629556251e-13,4.163336342363284e-14,-1.3183898417483735e-14,1.402017207279609e-13
-1,1.2300199999996717,0.00999999999995449,3.129026282975434e-06,0.0,0.0,0.6918288843208322,-0.20014104288155965,0.03790556092868419,0.6918320133471152,-0.20014104288155965,0.03790556092868419,0.0,0.0,0.0,0.0,0.0,0.0,0.0,0.0,0.0,0.0,0.0,0.0,0.0,0.0,0.0,0.0,-3.330669073890628e-14,0.0,6.938893903938807e-15,0.0,0.0,0.0,-3.330669073890628e-14,0.0,6.938893903938807e-15,3.402181501018522e-14
-1,1.2400199999996262,0.00999999999995449,3.129026282975434e-06,0.0,0.0,0.6918288843208317,-0.20014104288155984,0.03790556092868406,0.6918320133471146,-0.20014104288155984,0.03790556092868406,0.0,0.0,0.0,0.0,0.0,0.0,0.0,0.0,0.0,0.0,0.0,0.0,0.0,0.0,0.0,0.0,-5.551115123151046e-14,-1.942890293102866e-14,-1.3183898417483735e-14,0.0,0.0,0.0,-5.551115123151046e-14,-1.942890293102866e-14,-1.3183898417483735e-14,6.027259209320178e-14
-1,1.2500199999995807,0.00999999999995449,3.129026282975434e-06,0.0,0.0,0.6918288843208323,-0.20014104288155943,0.037905560928684454,0.6918320133471153,-0.20014104288155943,0.037905560928684454,0.0,0.0,0.0,0.0,0.0,0.0,0.0,0.0,0.0,0.0,0.0,0.0,0.0,0.0,0.0,0.0,6.661338147781255e-14,4.163336342363284e-14,3.95516952524512e-14,0.0,0.0,0.0,6.661338147781255e-14,4.163336342363284e-14,3.95516952524512e-14,8.794894052355402e-14
-1,1.2600199999995352,0.00999999999995449,3.129026282975434e-06,0.0,0.0,0.6918288843208329,-0.2001410428815606,0.03790556092868399,0.6918320133471159,-0.2001410428815606,0.03790556092868399,0.0,0.0,0.0,0.0,0.0,0.0,0.0,0.0,0.0,0.0,0.0,0.0,0.0,0.0,0.0,0.0,5.551115123151046e-14,-1.1657341758617196e-13,-4.649058915639001e-14,0.0,0.0,0.0,5.551115123151046e-14,-1.1657341758617196e-13,-4.649058915639001e-14,1.372305522792789e-13
-1,1.2700199999994897,0.00999999999995449,3.129026282975434e-06,0.0,0.0,0.6918288843208311,-0.20014104288156037,0.0379055609286844,0.6918320133471141,-0.20014104288156037,0.0379055609286844,0.0,0.0,0.0,0.0,0.0,0.0,0.0,0.0,0.0,0.0,0.0,0.0,0.0,0.0,0.0,0.0,-1.7763568394083347e-13,2.2204460492604184e-14,4.0939474033238964e-14,0.0,0.0,0.0,-1.7763568394083347e-13,2.2204460492604184e-14,4.0939474033238964e-14,1.8363963300173945e-13
-1,1.2800199999994442,0.00999999999995449,3.129026282975434e-06,0.0,0.0,0.6918288843208333,-0.20014104288156034,0.037905560928684044,0.6918320133471163,-0.20014104288156034,0.037905560928684044,0.0,0.0,0.0,0.0,0.0,0.0,0.0,0.0,0.0,0.0,0.0,0.0,0.0,0.0,0.0,0.0,2.2204460492604183e-13,2.775557561575523e-15,-3.538835891008792e-14,0.0,0.0,0.0,2.2204460492604183e-13,2.775557561575523e-15,-3.538835891008792e-14,2.248640616970369e-13
-1,1.2900199999993986,0.00999999999995449,3.129026282975434e-06,0.0,0.0,0.691828884320833,-0.20014104288155998,0.03790556092868446,0.691832013347116,-0.20014104288155998,0.03790556092868446,0.0,0.0,0.0,0.0,0.0,0.0,0.0,0.0,0.0,0.0,0.0,0.0,0.0,0.0,0.0,0.0,-3.330669073890628e-14,3.60822483004818e-14,4.163336342363284e-14,0.0,0.0,0.0,-3.330669073890628e-14,3.60822483004818e-14,4.163336342363284e-14,6.437857749561616e-14
-1,1.3000199999993531,0.00999999999995449,3.129026282975434e-06,0.0,0.0,0.6918288843208319,-0.20014104288156093,0.03790556092868455,0.6918320133471149,-0.20014104288156093,0.03790556092868455,0.0,0.0,0.0,0.0,0.0,0.0,0.0,0.0,0.0,0.0,0.0,0.0,0.0,0.0,0.0,0.0,-1.1102230246302092e-13,-9.436895709356779e-14,9.02056207512045e-15,0.0,0.0,0.0,-1.1102230246302092e-13,-9.436895709356779e-14,9.02056207512045e-15,1.4598911687954426e-13
-1,1.3100199999993076,0.00999999999995449,3.129026282975434e-06,0.0,0.0,0.6918288843208313,-0.20014104288156065,0.037905560928684336,0.6918320133471143,-0.20014104288156065,0.037905560928684336,0.0,0.0,0.0,0.0,0.0,0.0,0.0,0.0,0.0,0.0,0.0,0.0,0.0,0.0,0.0,0.0,-5.551115123151046e-14,2.775557561575523e-14,-2.1510571102210302e-14,0.0,0.0,0.0,-5.551115123151046e-14,2.775557561575523e-14,-2.1510571102210302e-14,6.56853450775192e-14
-1,1.3200199999992621,0.00999999999995449,3.129026282975434e-06,0.0,0.0,0.6918288843208309,-0.20014104288156054,0.03790556092868442,0.6918320133471139,-0.20014104288156054,0.03790556092868442,0.0,0.0,0.0,0.0,0.0,0.0,0.0,0.0,0.0,0.0,0.0,0.0,0.0,0.0,0.0,0.0,-4.440892098520837e-14,1.1102230246302092e-14,8.32667268472657e-15,0.0,0.0,0.0,-4.440892098520837e-14,1.1102230246302092e-14,8.32667268472657e-15,4.652682298965787e-14
-1,1.3300199999992166,0.00999999999995449,3.129026282975434e-06,0.0,0.0,0.6918288843208321,-0.20014104288156032,0.03790556092868463,0.6918320133471151,-0.20014104288156032,0.03790556092868463,0.0,0.0,0.0,0.0,0.0,0.0,0.0,0.0,0.0,0.0,0.0,0.0,0.0,0.0,0.0,0.0,1.22124532709323e-13,2.2204460492604184e-14,2.081668171181642e-14,0.0,0.0,0.0,1.22124532709323e-13,2.2204460492604184e-14,2.081668171181642e-14,1.258601358362893e-13
-1,1.340019999999171,0.00999999999995449,3.129026282975434e-06,0.0,0.0,0.6918288843208302,-0.20014104288156045,0.03790556092868481,0.6918320133471132,-0.20014104288156045,0.03790556092868481,0.0,0.0,0.0,0.0,0.0,0.0,0.0,0.0,0.0,0.0,0.0,0.0,0.0,0.0,0.0,0.0,-1.8873791418713557e-13,-1.3877787807877615e-14,1.80411241502409e-14,0.0,0.0,0.0,-1.8873791418713557e-13,-1.3877787807877615e-14,1.80411241502409e-14,1.90105432344148e-13
-1,1.3500199999991256,0.00999999999995449,3.129026282975434e-06,0.0,0.0,0.691828884320831,-0.20014104288156087,0.037905560928684655,0.691832013347114,-0.20014104288156087,0.037905560928684655,0.0,0.0,0.0,0.0,0.0,0.0,0.0,0.0,0.0,0.0,0.0,0.0,0.0,0.0,0.0,0.0,7.771561172411465e-14,-4.163336342363284e-14,-1.5265566588665376e-14,0.0,0.0,0.0,7.771561172411465e-14,-4.163336342363284e-14,-1.5265566588665376e-14,8.947676111086392e-14
-1,1.36001999999908,0.00999999999995449,3.129026282975434e-06,0.0,0.0,0.6918288843208319,-0.20014104288156043,0.03790556092868431,0.6918320133471149,-0.20014104288156043,0.03790556092868431,0.0,0.0,0.0,0.0,0.0,0.0,0.0,0.0,0.0,0.0,0.0,0.0,0.0,0.0,0.0,0.0,8.881784197041674e-14,4.440892098520837e-14,-3.469446951969404e-14,0.0,0.0,0.0,8.881784197041674e-14,4.440892098520837e-14,-3.469446951969404e-14,1.0518777272385502e-13
-1,1.3700199999990346,0.00999999999995449,3.129026282975434e-06,0.0,0.0,0.6918288843208326,-0.2001410428815609,0.03790556092868444,0.6918320133471155,-0.2001410428815609,0.03790556092868444,0.0,0.0,0.0,0.0,0.0,0.0,0.0,0.0,0.0,0.0,0.0,0.0,0.0,0.0,0.0,0.0,6.661338147781255e-14,-4.7184478546783894e-14,1.3183898417483735e-14,0.0,0.0,0.0,6.661338147781255e-14,-4.7184478546783894e-14,1.3183898417483735e-14,8.268937528560136e-14
-1,1.380019999998989,0.00999999999995449,3.129026282975434e-06,0.0,0.0,0.691828884320832,-0.20014104288156012,0.037905560928684516,0.691832013347115,-0.20014104288156012,0.037905560928684516,0.0,0.0,0.0,0.0,0.0,0.0,0.0,0.0,0.0,0.0,0.0,0.0,0.0,0.0,0.0,0.0,-5.551115123151046e-14,7.771561172411465e-14,7.632783294332688e-15,0.0,0.0,0.0,-5.551115123151046e-14,7.771561172411465e-14,7.632783294332688e-15,9.580951725960848e-14
-1,1.3900199999989435,0.00999999999995449,3.129026282975434e-06,0.0,0.0,0.6918288843208321,-0.20014104288156,0.03790556092868427,0.6918320133471151,-0.20014104288156,0.03790556092868427,0.0,0.0,0.0,0.0,0.0,0.0,0.0,0.0,0.0,0.0,0.0,0.0,0.0,0.0,0.0,0.0,1.1102230246302092e-14,1.1102230246302092e-14,-2.4286128663785825e-14,0.0,0.0,0.0,1.1102230246302092e-14,1.1102230246302092e-14,-2.4286128663785825e-14,2.891945847276137e-14
-1,1.400019999998898,0.00999999999995449,3.129026282975434e-06,0.0,0.0,0.6918288843208314,-0.2001410428815608,0.037905560928684495,0.6918320133471144,-0.2001410428815608,0.037905560928684495,0.0,0.0,0.0,0.0,0.0,0.0,0.0,0.0,0.0,0.0,0.0,0.0,0.0,0.0,0.0,0.0,-6.661338147781255e-14,-7.771561172411465e-14,2.2204460492604184e-14,0.0,0.0,0.0,-6.661338147781255e-14,-7.771561172411465e-14,2.2204460492604184e-14,1.0473823066736208e-13
-1,1.4100199999988525,0.00999999999995449,3.129026282975434e-06,0.0,0.0,0.6918288843208316,-0.2001410428815613,0.037905560928684544,0.6918320133471145,-0.2001410428815613,0.037905560928684544,0.0,0.0,0.0,0.0,0.0,0.0,0.0,0.0,0.0,0.0,0.0,0.0,0.0,0.0,0.0,0.0,1.1102230246302092e-14,-4.996003610835941e-14,4.857225732757165e-15,0.0,0.0,0.0,1.1102230246302092e-14,-4.996003610835941e-14,4.857225732757165e-15,5.140872850216624e-14
-1,1.420019999998807,0.00999999999995449,3.129026282975434e-06,0.0,0.0,0.6918288843208309,-0.2001410428815611,0.03790556092868441,0.6918320133471139,-0.2001410428815611,0.03790556092868441,0.0,0.0,0.0,0.0,0.0,0.0,0.0,0.0,0.0,0.0,0.0,0.0,0.0,0.0,0.0,0.0,-6.661338147781255e-14,1.942890293102866e-14,-1.3183898417483735e-14,0.0,0.0,0.0,-6.661338147781255e-14,1.942890293102866e-14,-1.3183898417483735e-14,7.063030538299014e-14
-1,1.4300199999987615,0.00999999999995449,3.129026282975434e-06,0.0,0.0,0.6918288843208308,-0.2001410428815607,0.03790556092868428,0.6918320133471138,-0.2001410428815607,0.03790556092868428,0.0,0.0,0.0,0.0,0.0,0.0,0.0,0.0,0.0,0.0,0.0,0.0,0.0,0.0,0.0,0.0,-1.1102230246302092e-14,3.885780586205732e-14,-1.3183898417483735e-14,0.0,0.0,0.0,-1.1102230246302092e-14,3.885780586205732e-14,-1.3183898417483735e-14,4.250886696135021e-14
-1,1.440019999998716,0.00999999999995449,3.129026282975434e-06,0.0,0.0,0.6918288843208311,-0.20014104288156084,0.037905560928684294,0.6918320133471141,-0.20014104288156084,0.037905560928684294,0.0,0.0,0.0,0.0,0.0,0.0,0.0,0.0,0.0,0.0,0.0,0.0,0.0,0.0,0.0,0.0,3.330669073890628e-14,-1.3877787807877615e-14,1.3877787807877615e-15,0.0,0.0,0.0,3.330669073890628e-14,-1.3877787807877615e-14,1.3877787807877615e-15,3.610892649140966e-14
-1,1.4500199999986705,0.00999999999995449,3.129026282975434e-06,0.0,0.0,0.6918288843208305,-0.20014104288156068,0.03790556092868364,0.6918320133471134,-0.20014104288156068,0.03790556092868364,0.0,0.0,0.0,0.0,0.0,0.0,0.0,0.0,0.0,0.0,0.0,0.0,0.0,0.0,0.0,0.0,-6.661338147781255e-14,1.665334536945314e-14,-6.522560269702479e-14,0.0,0.0,0.0,-6.661338147781255e-14,1.665334536945314e-14,-6.522560269702479e-14,9.470509886533561e-14
-1,1.460019999998625,0.00999999999995449,3.129026282975434e-06,0.0,0.0,0.6886888548171027,-0.19603053335506665,0.03989603038427434,0.6886919838433857,-0.19603053335506665,0.03989603038427434,0.0,0.0,0.0,0.0,0.0,0.0,0.0,0.0,0.0,0.0,0.0,0.0,0.0,0.0,0.0,0.0,-0.3140029503742005,0.41105095265127345,0.19904694555997574,0.0,0.0,0.0,-0.3140029503742005,0.41105095265127345,0.19904694555997574,0.5542385993919748
-1,1.4700199999985795,0.00999999999995449,3.129026282975434e-06,0.0,0.0,0.6898857090348242,-0.19654280068443317,0.03799162457505997,0.6898888380611071,-0.19654280068443317,0.03799162457505997,0.0,0.0,0.0,0.0,0.0,0.0,0.0,0.0,0.0,0.0,0.0,0.0,0.0,0.0,0.0,0.0,0.11968542177268683,-0.05122673293688483,-0.1904405809223041,0.0,0.0,0.0,0.11968542177268683,-0.05122673293688483,-0.1904405809223041,0.2306867859551507
-1,1.480019999998534,0.00999999999995449,3.129026282975434e-06,0.0,0.0,0.6921164109074611,-0.1979939684289526,0.04026478832428622,0.6921195399337441,-0.1979939684289526,0.04026478832428622,0.0,0.0,0.0,0.0,0.0,0.0,0.0,0.0,0.0,0.0,0.0,0.0,0.0,0.0,0.0,0.0,0.22307018726471162,-0.1451167744526026,0.22731637492365975,0.0,0.0,0.0,0.22307018726471162,-0.1451167744526026,0.22731637492365975,0.3499884583558076
-1,1.4900199999984884,0.00999999999995449,3.129026282975434e-06,0.0,0.0,0.6921164109074608,-0.19799396842895325,0.040264788324286406,0.6921195399337438,-0.19799396842895325,0.040264788324286406,0.0,0.0,0.0,0.0,0.0,0.0,0.0,0.0,0.0,0.0,0.0,0.0,0.0,0.0,0.0,0.0,-3.330669073890628e-14,-6.661338147781255e-14,1.873501354063478e-14,0.0,0.0,0.0,-3.330669073890628e-14,-6.661338147781255e-14,1.873501354063478e-14,7.679634738874952e-14
-1,1.500019999998443,0.00999999999995449,3.129026282975434e-06,0.0,0.0,0.6921164109074623,-0.19799396842895298,0.040264788324286094,0.6921195399337453,-0.19799396842895298,0.040264788324286094,1.0,0.0,0.0,0.0,0.0,0.0,0.0,0.0,0.0,0.0,0.0,0.0,0.0,0.0,0.0,0.0,1.554312234482293e-13,2.775557561575523e-14,-3.1225022567724636e-14,1.0,0.0,0.0,-0.9999999999998446,2.775557561575523e-14,-3.1225022567724636e-14,0.9999999999998446
-1,1.5100199999983974,0.00999999999995449,0.004973129026282959,0.0,0.0,0.6921164109074625,-0.1979939684289525,0.0402647883242863,0.6970895399337455,-0.1979939684289525,0.0402647883242863,0.5,0.0,0.0,0.0,0.0,0.0,0.0,0.0,0.0,0.0,0.0,0.0,0.0,0.0,0.0,0.0,0.49700000000227595,4.7184478546783894e-14,2.081668171181642e-14,0.5,0.0,0.0,-0.0029999999977240455,4.7184478546783894e-14,2.081668171181642e-14,0.0029999999977240455
-1,1.520019999998352,0.00999999999995449,0.00997312902628282,0.0,0.0,0.692116410907463,-0.1979939684289528,0.04026478832428626,0.7020895399337458,-0.1979939684289528,0.04026478832428626,0.5,0.0,0.0,0.0,0.0,0.0,0.0,0.0,0.0,0.0,0.0,0.0,0.0,0.0,0.0,0.0,0.5000000000023093,-3.053113317733075e-14,-4.163336342363285e-15,0.5,0.0,0.0,2.3092638912203256e-12,-3.053113317733075e-14,-4.163336342363285e-15,2.309469463482172e-12
-1,1.5300199999983064,0.00999999999995449,0.014973129026282684,0.0,0.0,0.6921164109074628,-0.19799396842895226,0.040264788324286024,0.7070895399337455,-0.19799396842895226,0.040264788324286024,0.5,0.0,0.0,0.0,0.0,0.0,0.0,0.0,0.0,0.0,0.0,0.0,0.0,0.0,0.0,0.0,0.5000000000022427,5.551115123151046e-14,-2.3592239273391947e-14,0.5,0.0,0.0,2.2426505097428162e-12,5.551115123151046e-14,-2.3592239273391947e-14,2.243461475157239e-12
-1,1.540019999998261,0.00999999999995449,0.019973129026282548,0.0,0.0,0.6921164109074653,-0.1979939684289521,0.04026478832428636,0.7120895399337479,-0.1979939684289521,0.04026478832428636,0.5,0.0,0.0,0.0,0.0,0.0,0.0,0.0,0.0,0.0,0.0,0.0,0.0,0.0,0.0,0.0,0.5000000000025202,1.665334536945314e-14,3.330669073890628e-14,0.5,0.0,0.0,2.5202062658991053e-12,1.665334536945314e-14,3.330669073890628e-14,2.520481361215965e-12
-1,1.5500199999982154,0.00999999999995449,0.024973129026282407,0.0,0.0,0.6921164109074671,-0.19799396842895306,0.040264788324286344,0.7170895399337496,-0.19799396842895306,0.040264788324286344,0.5,0.0,0.0,0.0,0.0,0.0,0.0,0.0,0.0,0.0,0.0,0.0,0.0,0.0,0.0,0.0,0.5000000000024425,-9.71445146551433e-14,-1.3877787807877615e-15,0.5,0.0,0.0,2.4424906541753444e-12,-9.71445146551433e-14,-1.3877787807877615e-15,2.444422135882309e-12
-1,1.5600199999981699,0.00999999999995449,0.029973129026282273,0.0,0.0,0.6921164109074665,-0.19799396842895234,0.04026478832428656,0.7220895399337487,-0.19799396842895234,0.04026478832428656,0.5,0.0,0.0,0.0,0.0,0.0,0.0,0.0,0.0,0.0,0.0,0.0,0.0,0.0,0.0,0.0,0.5000000000021871,7.21644966009636e-14,2.1510571102210302e-14,0.5,0.0,0.0,2.1871393585115584e-12,7.21644966009636e-14,2.1510571102210302e-14,2.1884352841217774e-12
-1,1.5700199999981244,0.00999999999995449,0.034973129026282135,0.0,0.0,0.6921164109074663,-0.19799396842895278,0.04026478832428642,0.7270895399337485,-0.19799396842895278,0.04026478832428642,0.5,0.0,0.0,0.0,0.0,0.0,0.0,0.0,0.0,0.0,0.0,0.0,0.0,0.0,0.0,0.0,0.5000000000022538,-4.440892098520837e-14,-1.3877787807877615e-14,0.5,0.0,0.0,2.2537527399890678e-12,-4.440892098520837e-14,-1.3877787807877615e-14,2.2542329423255575e-12
-1,1.5800199999980789,0.00999999999995449,0.039973129026282,0.0,0.0,0.6921164109074652,-0.19799396842895314,0.040264788324286524,0.7320895399337473,-0.19799396842895314,0.040264788324286524,0.5,0.0,0.0,0.0,0.0,0.0,0.0,0.0,0.0,0.0,0.0,0.0,0.0,0.0,0.0,0.0,0.5000000000021538,-3.60822483004818e-14,1.040834085590821e-14,0.5,0.0,0.0,2.1538326677728037e-12,-3.60822483004818e-14,1.040834085590821e-14,2.154160027241965e-12
-1,1.5900199999980333,0.00999999999995449,0.04497312902628186,0.0,0.0,0.6921164109074641,-0.19799396842895362,0.04026478832428635,0.7370895399337459,-0.19799396842895362,0.04026478832428635,0.5,0.0,0.0,0.0,0.0,0.0,0.0,0.0,0.0,0.0,0.0,0.0,0.0,0.0,0.0,0.0,0.5000000000021427,-4.7184478546783894e-14,-1.734723475984702e-14,0.5,0.0,0.0,2.142730437526552e-12,-4.7184478546783894e-14,-1.734723475984702e-14,2.143320094963017e-12
-1,1.6000199999979878,0.00999999999995449,0.049973129026281725,0.0,0.0,0.6921164109074621,-0.19799396842895328,0.04026478832428655,0.7420895399337438,-0.19799396842895328,0.04026478832428655,0.5,0.0,0.0,0.0,0.0,0.0,0.0,0.0,0.0,0.0,0.0,0.0,0.0,0.0,0.0,0.0,0.500000000002065,3.330669073890628e-14,2.0122792321422543e-14,0.5,0.0,0.0,2.065014825802791e-12,3.330669073890628e-14,2.0122792321422543e-14,2.0653814401228943e-12
-1,1.6100199999979423,0.00999999999995449,0.054973129026281584,0.0,0.0,0.6921164109074625,-0.1979939684289541,0.04026478832428645,0.747089539933744,-0.1979939684289541,0.04026478832428645,0.5,0.0,0.0,0.0,0.0,0.0,0.0,0.0,0.0,0.0,0.0,0.0,0.0,0.0,0.0,0.0,0.5000000000022982,-8.049116928569017e-14,-1.040834085590821e-14,0.5,0.0,0.0,2.298161660974074e-12,-8.049116928569017e-14,-1.040834085590821e-14,2.2995943515897462e-12
-1,1.6200199999978968,0.00999999999995449,0.059973129026281456,0.0,0.0,0.692116410907461,-0.1979939684289534,0.04026478832428626,0.7520895399337425,-0.1979939684289534,0.04026478832428626,0.5,0.0,0.0,0.0,0.0,0.0,0.0,0.0,0.0,0.0,0.0,0.0,0.0,0.0,0.0,0.0,0.5000000000021205,6.938893903938808e-14,-1.873501354063478e-14,0.5,0.0,0.0,2.120525977034049e-12,6.938893903938808e-14,-1.873501354063478e-14,2.1217436802944853e-12
-1,1.6300199999978513,0.00999999999995449,0.06497312902628131,0.0,0.0,0.6921164109074628,-0.19799396842895303,0.04026478832428659,0.7570895399337441,-0.19799396842895303,0.04026478832428659,0.5,0.0,0.0,0.0,0.0,0.0,0.0,0.0,0.0,0.0,0.0,0.0,0.0,0.0,0.0,0.0,0.5000000000024314,3.60822483004818e-14,3.330669073890628e-14,0.5,0.0,0.0,2.431388423929093e-12,3.60822483004818e-14,3.330669073890628e-14,2.4318842349722968e-12
-1,1.6400199999978058,0.00999999999995449,0.06997312902628118,0.0,0.0,0.6921164109074618,-0.1979939684289535,0.04026478832428647,0.762089539933743,-0.1979939684289535,0.04026478832428647,0.5,0.0,0.0,0.0,0.0,0.0,0.0,0.0,0.0,0.0,0.0,0.0,0.0,0.0,0.0,0.0,0.5000000000021649,-4.7184478546783894e-14,-1.2490009027089853e-14,0.5,0.0,0.0,2.1649348980190553e-12,-4.7184478546783894e-14,-1.2490009027089853e-14,2.1654850468202283e-12
-1,1.6500199999977603,0.00999999999995449,0.07497312902628103,0.0,0.0,0.6921164109074608,-0.19799396842895287,0.04026478832428607,0.7670895399337418,-0.19799396842895287,0.04026478832428607,0.5,0.0,0.0,0.0,0.0,0.0,0.0,0.0,0.0,0.0,0.0,0.0,0.0,0.0,0.0,0.0,0.5000000000021649,6.383782391623703e-14,-3.95516952524512e-14,0.5,0.0,0.0,2.1649348980190553e-12,6.383782391623703e-14,-3.95516952524512e-14,2.1662369946569744e-12
-1,1.6600199999977148,0.00999999999995449,0.0799731290262809,0.0,0.0,0.6921164109074616,-0.19799396842895212,0.04026478832428623,0.7720895399337424,-0.19799396842895212,0.04026478832428623,0.5,0.0,0.0,0.0,0.0,0.0,0.0,0.0,0.0,0.0,0.0,0.0,0.0,0.0,0.0,0.0,0.5000000000023315,7.494005416253912e-14,1.5959455979059257e-14,0.5,0.0,0.0,2.3314683517128287e-12,7.494005416253912e-14,1.5959455979059257e-14,2.332727028820896e-12
-1,1.6700199999976693,0.00999999999995449,0.08497312902628076,0.0,0.0,0.6921164109074619,-0.19799396842895267,0.040264788324286295,0.7770895399337426,-0.19799396842895267,0.040264788324286295,0.5,0.0,0.0,0.0,0.0,0.0,0.0,0.0,0.0,0.0,0.0,0.0,0.0,0.0,0.0,0.0,0.5000000000022982,-5.551115123151046e-14,6.245004513544927e-15,0.5,0.0,0.0,2.298161660974074e-12,-5.551115123151046e-14,6.245004513544927e-15,2.2988404703161845e-12
-1,1.6800199999976237,0.00999999999995449,0.08997312902628063,0.0,0.0,0.6921164109074618,-0.19799396842895264,0.04026478832428653,0.7820895399337424,-0.19799396842895264,0.04026478832428653,0.5,0.0,0.0,0.0,0.0,0.0,0.0,0.0,0.0,0.0,0.0,0.0,0.0,0.0,0.0,0.0,0.5000000000022538,2.775557561575523e-15,2.3592239273391947e-14,0.5,0.0,0.0,2.2537527399890678e-12,2.775557561575523e-15,2.3592239273391947e-14,2.253877927147329e-12
-1,1.6900199999975782,0.00999999999995449,0.09497312902628048,0.0,0.0,0.6921164109074605,-0.1979939684289521,0.040264788324286524,0.787089539933741,-0.1979939684289521,0.040264788324286524,0.5,0.0,0.0,0.0,0.0,0.0,0.0,0.0,0.0,0.0,0.0,0.0,0.0,0.0,0.0,0.0,0.5000000000021316,5.551115123151046e-14,-6.938893903938807e-16,0.5,0.0,0.0,2.1316282072803006e-12,5.551115123151046e-14,-6.938893903938807e-16,2.1323509991243377e-12
-1,1.7000199999975327,0.00999999999995449,0.09997312902628035,0.0,0.0,0.692116410907462,-0.1979939684289524,0.04026478832428636,0.7920895399337423,-0.1979939684289524,0.04026478832428636,0.5,0.0,0.0,0.0,0.0,0.0,0.0,0.0,0.0,0.0,0.0,0.0,0.0,0.0,0.0,0.0,0.5000000000024092,-3.053113317733075e-14,-1.665334536945314e-14,0.5,0.0,0.0,2.4091839634365897e-12,-3.053113317733075e-14,-1.665334536945314e-14,2.409434965647573e-12
-1,1.7100199999974872,0.00999999999995449,0.10497312902628021,0.0,0.0,0.692116410907462,-0.1979939684289527,0.040264788324286864,0.7970895399337422,-0.1979939684289527,0.040264788324286864,0.5,0.0,0.0,0.0,0.0,0.0,0.0,0.0,0.0,0.0,0.0,0.0,0.0,0.0,0.0,0.0,0.5000000000022649,-3.053113317733075e-14,5.06539254987533e-14,0.5,0.0,0.0,2.2648549702353193e-12,-3.053113317733075e-14,5.06539254987533e-14,2.2656270669422085e-12
-1,1.7200199999974417,0.00999999999995449,0.10997312902628008,0.0,0.0,0.6921164109074616,-0.1979939684289527,0.04026478832428655,0.8020895399337417,-0.1979939684289527,0.04026478832428655,0.5,0.0,0.0,0.0,0.0,0.0,0.0,0.0,0.0,0.0,0.0,0.0,0.0,0.0,0.0,0.0,0.5000000000022204,0.0,-3.1225022567724636e-14,0.5,0.0,0.0,2.220446049250313e-12,0.0,-3.1225022567724636e-14,2.2206655893370526e-12
-1,1.7300199999973962,0.00999999999995449,0.11497312902627993,0.0,0.0,0.6921164109074611,-0.19799396842895273,0.04026478832428684,0.807089539933741,-0.19799396842895273,0.04026478832428684,0.5,0.0,0.0,0.0,0.0,0.0,0.0,0.0,0.0,0.0,0.0,0.0,0.0,0.0,0.0,0.0,0.5000000000022093,-2.775557561575523e-15,2.914335439654299e-14,0.5,0.0,0.0,2.2093438190040615e-12,-2.775557561575523e-15,2.914335439654299e-14,2.2095377682666374e-12
-1,1.7400199999973507,0.00999999999995449,0.11997312902628264,0.0,0.0,0.6921164109074611,-0.19799396842895128,0.04026478832428703,0.8120895399337438,-0.19799396842895128,0.04026478832428703,0.5,0.0,0.0,0.0,0.0,0.0,0.0,0.0,0.0,0.0,0.0,0.0,0.0,0.0,0.0,0.0,0.5000000000025535,1.443289932019272e-13,1.873501354063478e-14,0.5,0.0,0.0,2.55351295663786e-12,1.443289932019272e-13,1.873501354063478e-14,2.557657185536888e-12
-1,1.7500199999973052,0.00999999999995449,0.12497312902628904,0.0,0.0,0.6921164109074607,-0.1979939684289513,0.04026478832428685,0.8170895399337497,-0.1979939684289513,0.04026478832428685,0.5,0.0,0.0,0.0,0.0,0.0,0.0,0.0,0.0,0.0,0.0,0.0,0.0,0.0,0.0,0.0,0.5000000000028644,-2.775557561575523e-15,-1.80411241502409e-14,0.5,0.0,0.0,2.864375403532904e-12,-2.775557561575523e-15,-1.80411241502409e-14,2.8644335632450383e-12
-1,1.7600199999972597,0.00999999999995449,0.12997312902629543,0.0,0.0,0.6921164109074616,-0.19799396842895173,0.040264788324287,0.822089539933757,-0.19799396842895173,0.040264788324287,0.5,0.0,0.0,0.0,0.0,0.0,0.0,0.0,0.0,0.0,0.0,0.0,0.0,0.0,0.0,0.0,0.5000000000030087,-4.163336342363284e-14,1.5265566588665376e-14,0.5,0.0,0.0,3.0087043967341742e-12,-4.163336342363284e-14,1.5265566588665376e-14,3.009031159925199e-12
-1,1.7700199999972142,0.00999999999995449,0.13497312902630185,0.0,0.0,0.6921164109074615,-0.19799396842895278,0.04026478832428632,0.8270895399337633,-0.19799396842895278,0.04026478832428632,0.5,0.0,0.0,0.0,0.0,0.0,0.0,0.0,0.0,0.0,0.0,0.0,0.0,0.0,0.0,0.0,0.5000000000029088,-1.0547118733986988e-13,-6.800116025860031e-14,0.5,0.0,0.0,2.90878432451791e-12,-1.0547118733986988e-13,-6.800116025860031e-14,2.9114900954178966e-12
-1,1.7800199999971686,0.00999999999995449,0.13997312902630824,0.0,0.0,0.6921164109074621,-0.19799396842895287,0.04026478832428659,0.8320895399337703,-0.19799396842895287,0.04026478832428659,0.5,0.0,0.0,0.0,0.0,0.0,0.0,0.0,0.0,0.0,0.0,0.0,0.0,0.0,0.0,0.0,0.5000000000029754,-8.32667268472657e-15,2.7061686225361348e-14,0.5,0.0,0.0,2.9753977059954195e-12,-8.32667268472657e-15,2.7061686225361348e-14,2.9755324191112694e-12
-1,1.7900199999971231,0.00999999999995449,0.14497312902631465,0.0,0.0,0.6921164109074605,-0.19799396842895334,0.040264788324286586,0.8370895399337751,-0.19799396842895334,0.040264788324286586,0.5,0.0,0.0,0.0,0.0,0.0,0.0,0.0,0.0,0.0,0.0,0.0,0.0,0.0,0.0,0.0,0.5000000000027534,-4.7184478546783894e-14,-6.938893903938807e-16,0.5,0.0,0.0,2.7533531010703882e-12,-4.7184478546783894e-14,-6.938893903938807e-16,2.75375746130122e-12
-1,1.8000199999970776,0.00999999999995449,0.14997312902632104,0.0,0.0,0.6921164109074628,-0.19799396842895295,0.04026478832428667,0.8420895399337838,-0.19799396842895295,0.04026478832428667,0.5,0.0,0.0,0.0,0.0,0.0,0.0,0.0,0.0,0.0,0.0,0.0,0.0,0.0,0.0,0.0,0.5000000000031419,3.885780586205732e-14,8.32667268472657e-15,0.5,0.0,0.0,3.141931159689193e-12,3.885780586205732e-14,8.32667268472657e-15,3.1421824700007935e-12
-1,1.8100199999970321,0.00999999999995449,0.15497312902632746,0.0,0.0,0.6921164109074626,-0.19799396842895264,0.04026478832428652,0.84708953993379,-0.19799396842895264,0.04026478832428652,0.5,0.0,0.0,0.0,0.0,0.0,0.0,0.0,0.0,0.0,0.0,0.0,0.0,0.0,0.0,0.0,0.5000000000028977,3.053113317733075e-14,-1.5265566588665376e-14,0.5,0.0,0.0,2.8976820942716586e-12,3.053113317733075e-14,-1.5265566588665376e-14,2.89788314241257e-12
-1,1.8200199999969866,0.00999999999995449,0.15997312902633384,0.0,0.0,0.6921164109074631,-0.1979939684289527,0.040264788324286635,0.852089539933797,-0.1979939684289527,0.040264788324286635,0.5,0.0,0.0,0.0,0.0,0.0,0.0,0.0,0.0,0.0,0.0,0.0,0.0,0.0,0.0,0.0,0.5000000000029754,-5.551115123151046e-15,1.1796119636695973e-14,0.5,0.0,0.0,2.9753977059954195e-12,-5.551115123151046e-15,1.1796119636695973e-14,2.9754262673036275e-12
-1,1.830019999996941,0.00999999999995449,0.16497312902634026,0.0,0.0,0.6921164109074631,-0.1979939684289528,0.04026478832428632,0.8570895399338034,-0.1979939684289528,0.04026478832428632,0.5,0.0,0.0,0.0,0.0,0.0,0.0,0.0,0.0,0.0,0.0,0.0,0.0,0.0,0.0,0.0,0.5000000000029199,-1.1102230246302092e-14,-3.1225022567724636e-14,0.5,0.0,0.0,2.9198865547641617e-12,-1.1102230246302092e-14,-3.1225022567724636e-14,2.920074614499315e-12
-1,1.8400199999968956,0.00999999999995449,0.16997312902634665,0.0,0.0,0.6921164109074643,-0.1979939684289532,0.04026478832428577,0.862089539933811,-0.1979939684289532,0.04026478832428577,0.5,0.0,0.0,0.0,0.0,0.0,0.0,0.0,0.0,0.0,0.0,0.0,0.0,0.0,0.0,0.0,0.5000000000030309,-3.885780586205732e-14,-5.551115123151046e-14,0.5,0.0,0.0,3.0309088572266774e-12,-3.885780586205732e-14,-5.551115123151046e-14,3.0316661949829807e-12
-1,1.85001999999685,0.00999999999995449,0.17497312902635306,0.0,0.0,0.6921164109074643,-0.19799396842895248,0.04026478832428638,0.8670895399338174,-0.19799396842895248,0.04026478832428638,0.5,0.0,0.0,0.0,0.0,0.0,0.0,0.0,0.0,0.0,0.0,0.0,0.0,0.0,0.0,0.0,0.5000000000029199,7.21644966009636e-14,6.10622663546615e-14,0.5,0.0,0.0,2.9198865547641617e-12,7.21644966009636e-14,6.10622663546615e-14,2.9214164043550112e-12
-1,1.8600199999968046,0.00999999999995449,0.17997312902635945,0.0,0.0,0.6921164109074635,-0.19799396842895206,0.04026478832428646,0.8720895399338229,-0.19799396842895206,0.04026478832428646,0.5,0.0,0.0,0.0,0.0,0.0,0.0,0.0,0.0,0.0,0.0,0.0,0.0,0.0,0.0,0.0,0.50000000000282,4.163336342363284e-14,8.32667268472657e-15,0.5,0.0,0.0,2.8199664825478976e-12,4.163336342363284e-14,8.32667268472657e-15,2.8202860906513587e-12
-1,1.870019999996759,0.00999999999995449,0.18497312902636587,0.0,0.0,0.692116410907463,-0.19799396842895273,0.04026478832428628,0.8770895399338289,-0.19799396842895273,0.04026478832428628,0.5,0.0,0.0,0.0,0.0,0.0,0.0,0.0,0.0,0.0,0.0,0.0,0.0,0.0,0.0,0.0,0.5000000000028755,-6.661338147781255e-14,-1.80411241502409e-14,0.5,0.0,0.0,2.8754776337791554e-12,-6.661338147781255e-14,-1.80411241502409e-14,2.8763056943094007e-12
-1,1.8800199999967135,0.00999999999995449,0.18997312902637226,0.0,0.0,0.6921164109074638,-0.19799396842895256,0.04026478832428665,0.882089539933836,-0.19799396842895256,0.04026478832428665,0.5,0.0,0.0,0.0,0.0,0.0,0.0,0.0,0.0,0.0,0.0,0.0,0.0,0.0,0.0,0.0,0.5000000000029865,1.665334536945314e-14,3.677613769087568e-14,0.5,0.0,0.0,2.986499936241671e-12,1.665334536945314e-14,3.677613769087568e-14,2.986772788041795e-12
-1,1.890019999996668,0.00999999999995449,0.19497312902637867,0.0,0.0,0.6921164109074629,-0.1979939684289523,0.040264788324286586,0.8870895399338415,-0.1979939684289523,0.040264788324286586,0.5,0.0,0.0,0.0,0.0,0.0,0.0,0.0,0.0,0.0,0.0,0.0,0.0,0.0,0.0,0.0,0.5000000000028311,2.4980018054179706e-14,-6.245004513544927e-15,0.5,0.0,0.0,2.831068712794149e-12,2.4980018054179706e-14,-6.245004513544927e-15,2.831185804207361e-12
-1,1.9000199999966225,0.00999999999995449,0.19997312902638506,0.0,0.0,0.6921164109074629,-0.19799396842895242,0.04026478832428631,0.892089539933848,-0.19799396842895242,0.04026478832428631,0.5,0.0,0.0,0.0,0.0,0.0,0.0,0.0,0.0,0.0,0.0,0.0,0.0,0.0,0.0,0.0,0.5000000000029199,-1.1102230246302092e-14,-2.775557561575523e-14,0.5,0.0,0.0,2.9198865547641617e-12,-1.1102230246302092e-14,-2.775557561575523e-14,2.920039575791179e-12
-1,1.910019999996577,0.00999999999995449,0.20497312902639148,0.0,0.0,0.6921164109074629,-0.19799396842895267,0.040264788324286274,0.8970895399338543,-0.19799396842895267,0.040264788324286274,0.5,0.0,0.0,0.0,0.0,0.0,0.0,0.0,0.0,0.0,0.0,0.0,0.0,0.0,0.0,0.0,0.5000000000029088,-2.4980018054179706e-14,-3.4694469519694036e-15,0.5,0.0,0.0,2.90878432451791e-12,-2.4980018054179706e-14,-3.4694469519694036e-15,2.9088936530793376e-12
-1,1.9200199999965315,0.00999999999995449,0.20997312902639786,0.0,0.0,0.6921164109074637,-0.19799396842895275,0.040264788324286344,0.9020895399338615,-0.19799396842895275,0.040264788324286344,0.5,0.0,0.0,0.0,0.0,0.0,0.0,0.0,0.0,0.0,0.0,0.0,0.0,0.0,0.0,0.0,0.5000000000029976,-8.32667268472657e-15,6.938893903938807e-15,0.5,0.0,0.0,2.9976021664879227e-12,-8.32667268472657e-15,6.938893903938807e-15,2.9976217623742485e-12
-1,1.930019999996486,0.00999999999995449,0.21497312902640428,0.0,0.0,0.6921164109074617,-0.19799396842895275,0.040264788324286586,0.907089539933866,-0.19799396842895275,0.040264788324286586,0.5,0.0,0.0,0.0,0.0,0.0,0.0,0.0,0.0,0.0,0.0,0.0,0.0,0.0,0.0,0.0,0.50000000000272,0.0,2.4286128663785825e-14,0.5,0.0,0.0,2.7200464103316335e-12,0.0,2.4286128663785825e-14,2.720154828388171e-12
-1,1.9400199999964405,0.00999999999995449,0.21997312902641067,0.0,0.0,0.6921164109074615,-0.1979939684289523,0.04026478832428653,0.9120895399338721,-0.1979939684289523,0.04026478832428653,0.5,0.0,0.0,0.0,0.0,0.0,0.0,0.0,0.0,0.0,0.0,0.0,0.0,0.0,0.0,0.0,0.5000000000028866,4.440892098520837e-14,-5.551115123151046e-15,0.5,0.0,0.0,2.886579864025407e-12,4.440892098520837e-14,-5.551115123151046e-15,2.8869267878730692e-12
-1,1.950019999996395,0.00999999999995449,0.22497312902641708,0.0,0.0,0.6921164109074633,-0.19799396842895217,0.04026478832428608,0.9170895399338804,-0.19799396842895217,0.04026478832428608,0.5,0.0,0.0,0.0,0.0,0.0,0.0,0.0,0.0,0.0,0.0,0.0,0.0,0.0,0.0,0.0,0.5000000000031086,1.3877787807877615e-14,-4.5102810375602246e-14,0.5,0.0,0.0,3.1086244689504383e-12,1.3877787807877615e-14,-4.5102810375602246e-14,3.1089826222505028e-12
-1,1.9600199999963495,0.00999999999995449,0.22997312902642347,0.0,0.0,0.6921164109074618,-0.1979939684289519,0.04026478832428662,0.9220895399338853,-0.1979939684289519,0.04026478832428662,0.5,0.0,0.0,0.0,0.0,0.0,0.0,0.0,0.0,0.0,0.0,0.0,0.0,0.0,0.0,0.0,0.5000000000027645,2.775557561575523e-14,5.4123372450722695e-14,0.5,0.0,0.0,2.7644553313166398e-12,2.775557561575523e-14,5.4123372450722695e-14,2.7651244077379583e-12
-1,1.970019999996304,0.00999999999995449,0.2349731290264299,0.0,0.0,0.6921164109074622,-0.1979939684289519,0.040264788324286496,0.9270895399338921,-0.1979939684289519,0.040264788324286496,0.5,0.0,0.0,0.0,0.0,0.0,0.0,0.0,0.0,0.0,0.0,0.0,0.0,0.0,0.0,0.0,0.5000000000029532,0.0,-1.2490009027089853e-14,0.5,0.0,0.0,2.9531932455029164e-12,0.0,-1.2490009027089853e-14,2.9532196575279575e-12
-1,1.9800199999962584,0.00999999999995449,0.23997312902643628,0.0,0.0,0.6921164109074637,-0.1979939684289518,0.04026478832428651,0.9320895399339,-0.1979939684289518,0.04026478832428651,0.5,0.0,0.0,0.0,0.0,0.0,0.0,0.0,0.0,0.0,0.0,0.0,0.0,0.0,0.0,0.0,0.5000000000030642,8.32667268472657e-15,1.3877787807877615e-15,0.5,0.0,0.0,3.064215547965432e-12,8.32667268472657e-15,1.3877787807877615e-15,3.0642271756188435e-12
-1,1.990019999996213,0.00999999999995449,0.2449731290264427,0.0,0.0,0.6921164109074648,-0.19799396842895245,0.04026478832428695,0.9370895399339074,-0.19799396842895245,0.04026478832428695,0.5,0.0,0.0,0.0,0.0,0.0,0.0,0.0,0.0,0.0,0.0,0.0,0.0,0.0,0.0,0.0,0.5000000000030198,-6.383782391623703e-14,4.371503159481449e-14,0.5,0.0,0.0,3.0198066269804258e-12,-6.383782391623703e-14,4.371503159481449e-14,3.0207976324316387e-12
-1,2.0000199999961676,0.009999999999954712,0.24997312902644908,0.0,0.0,0.6921164109074651,-0.19799396842895273,0.04026478832428667,0.9420895399339142,-0.19799396842895273,0.04026478832428667,0.5,0.0,0.0,0.0,0.0,0.0,0.0,0.0,0.0,0.0,0.0,0.0,0.0,0.0,0.0,0.0,0.5000000000029421,-2.7755575615754614e-14,-2.7755575615754614e-14,0.5,0.0,0.0,2.942091015256665e-12,-2.7755575615754614e-14,-2.7755575615754614e-14,2.9423528486586236e-12
-1,2.010019999996233,0.010000000000065512,0.25497312902645547,0.0,0.0,0.6921164109074652,-0.19799396842895292,0.040264788324286614,0.9470895399339208,-0.19799396842895292,0.040264788324286614,0.5,0.0,0.0,0.0,0.0,0.0,0.0,0.0,0.0,0.0,0.0,0.0,0.0,0.0,0.0,0.0,0.4999999999973799,-1.9428902930812955e-14,-5.551115123089416e-15,0.5,0.0,0.0,-2.6201263381153694e-12,-1.9428902930812955e-14,-5.551115123089416e-15,2.620204252502858e-12
-1,2.0200199999962987,0.010000000000065512,0.2599731290264619,0.0,0.0,0.6921164109074643,-0.1979939684289526,0.04026478832428642,0.9520895399339262,-0.1979939684289526,0.04026478832428642,0.5,0.0,0.0,0.0,0.0,0.0,0.0,0.0,0.0,0.0,0.0,0.0,0.0,0.0,0.0,0.0,0.49999999999726885,3.33066907385365e-14,-1.9428902930812955e-14,0.5,0.0,0.0,-2.731148640577885e-12,3.33066907385365e-14,-1.9428902930812955e-14,2.731420823463034e-12
-1,2.030019999996364,0.010000000000065512,0.2649731290264683,0.0,0.0,0.6921164109074625,-0.1979939684289527,0.040264788324286684,0.9570895399339308,-0.1979939684289527,0.040264788324286684,0.5,0.0,0.0,0.0,0.0,0.0,0.0,0.0,0.0,0.0,0.0,0.0,0.0,0.0,0.0,0.0,0.49999999999718003,-1.1102230246178832e-14,2.6367796834674726e-14,0.5,0.0,0.0,-2.8199664825478976e-12,-1.1102230246178832e-14,2.6367796834674726e-14,2.8201116082382123e-12
-1,2.0400199999964297,0.010000000000065512,0.2699731290264747,0.0,0.0,0.6921164109074645,-0.19799396842895325,0.04026478832428692,0.9620895399339391,-0.19799396842895325,0.04026478832428692,0.5,0.0,0.0,0.0,0.0,0.0,0.0,0.0,0.0,0.0,0.0,0.0,0.0,0.0,0.0,0.0,0.4999999999975575,-5.551115123089416e-14,2.359223927313002e-14,0.5,0.0,0.0,-2.4424906541753444e-12,-5.551115123089416e-14,2.359223927313002e-14,2.4432352889967026e-12
-1,2.050019999996495,0.010000000000065512,0.2749731290264811,0.0,0.0,0.6921164109074633,-0.19799396842895292,0.04026478832428668,0.9670895399339444,-0.19799396842895292,0.04026478832428668,0.5,0.0,0.0,0.0,0.0,0.0,0.0,0.0,0.0,0.0,0.0,0.0,0.0,0.0,0.0,0.0,0.49999999999725775,3.33066907385365e-14,-2.4286128663516196e-14,0.5,0.0,0.0,-2.7422508708241367e-12,3.33066907385365e-14,-2.4286128663516196e-14,2.7425606629989332e-12
-1,2.0600199999965607,0.010000000000065512,0.27997312902648747,0.0,0.0,0.6921164109074661,-0.19799396842895262,0.0402647883242865,0.9720895399339535,-0.19799396842895262,0.0402647883242865,0.5,0.0,0.0,0.0,0.0,0.0,0.0,0.0,0.0,0.0,0.0,0.0,0.0,0.0,0.0,0.0,0.4999999999976352,3.053113317699179e-14,-1.7347234759654424e-14,0.5,0.0,0.0,-2.3647750424515834e-12,3.053113317699179e-14,-1.7347234759654424e-14,2.3650357456175512e-12
-1,2.0700199999966262,0.010000000000065512,0.2849731290264939,0.0,0.0,0.6921164109074638,-0.19799396842895295,0.0402647883242865,0.9770895399339576,-0.19799396842895295,0.0402647883242865,0.5,0.0,0.0,0.0,0.0,0.0,0.0,0.0,0.0,0.0,0.0,0.0,0.0,0.0,0.0,0.0,0.4999999999971356,-3.33066907385365e-14,0.0,0.5,0.0,0.0,-2.864375403532904e-12,-3.33066907385365e-14,0.0,2.8645690405386004e-12
-1,2.0800199999966917,0.010000000000065512,0.2899731290265003,0.0,0.0,0.6921164109074641,-0.19799396842895267,0.040264788324286566,0.9820895399339644,-0.19799396842895267,0.040264788324286566,0.5,0.0,0.0,0.0,0.0,0.0,0.0,0.0,0.0,0.0,0.0,0.0,0.0,0.0,0.0,0.0,0.4999999999974021,2.775557561544708e-14,6.245004513475594e-15,0.5,0.0,0.0,-2.5979218776228663e-12,2.775557561544708e-14,6.245004513475594e-15,2.598077645931822e-12
-1,2.0900199999967572,0.010000000000065512,0.2949731290265067,0.0,0.0,0.6921164109074648,-0.1979939684289527,0.04026478832428662,0.9870895399339714,-0.1979939684289527,0.04026478832428662,0.5,0.0,0.0,0.0,0.0,0.0,0.0,0.0,0.0,0.0,0.0,0.0,0.0,0.0,0.0,0.0,0.4999999999974243,-2.775557561544708e-15,5.551115123089416e-15,0.5,0.0,0.0,-2.575717417130363e-12,-2.775557561544708e-15,5.551115123089416e-15,2.575724894375872e-12
-1,2.1000199999968228,0.010000000000065512,0.2999731290265131,0.0,0.0,0.6921164109074662,-0.1979939684289534,0.040264788324286496,0.9920895399339793,-0.1979939684289534,0.040264788324286496,0.5,0.0,0.0,0.0,0.0,0.0,0.0,0.0,0.0,0.0,0.0,0.0,0.0,0.0,0.0,0.0,0.4999999999975131,-6.93889390386177e-14,-1.2490009026951187e-14,0.5,0.0,0.0,-2.4868995751603507e-12,-6.93889390386177e-14,-1.2490009026951187e-14,2.4878987765017953e-12
-1,2.1100199999968883,0.010000000000065512,0.3049731290265195,0.0,0.0,0.6921164109074665,-0.19799396842895273,0.0402647883242863,0.997089539933986,-0.19799396842895273,0.0402647883242863,0.5,0.0,0.0,0.0,0.0,0.0,0.0,0.0,0.0,0.0,0.0,0.0,0.0,0.0,0.0,0.0,0.499999999997391,6.6613381477073e-14,-1.9428902930812955e-14,0.5,0.0,0.0,-2.609024107869118e-12,6.6613381477073e-14,-1.9428902930812955e-14,2.609946670011315e-12
-1,2.120019999996954,0.010000000000065512,0.3099731290265259,0.0,0.0,0.6921164109074668,-0.19799396842895217,0.04026478832428669,1.0020895399339926,-0.19799396842895217,0.04026478832428669,0.5,0.0,0.0,0.0,0.0,0.0,0.0,0.0,0.0,0.0,0.0,0.0,0.0,0.0,0.0,0.0,0.499999999997391,5.551115123089416e-14,3.885780586162591e-14,0.5,0.0,0.0,-2.609024107869118e-12,5.551115123089416e-14,3.885780586162591e-14,2.609903870342662e-12
-1,2.1300199999970193,0.010000000000065512,0.3149731290265323,0.0,0.0,0.6921164109074676,-0.19799396842895284,0.040264788324286475,1.0070895399339999,-0.19799396842895284,0.040264788324286475,0.5,0.0,0.0,0.0,0.0,0.0,0.0,0.0,0.0,0.0,0.0,0.0,0.0,0.0,0.0,0.0,0.4999999999974465,-6.6613381477073e-14,-2.151057110197149e-14,0.5,0.0,0.0,-2.55351295663786e-12,-6.6613381477073e-14,-2.151057110197149e-14,2.5544722482302226e-12
-1,2.140019999997085,0.010000000000065512,0.3199731290265387,0.0,0.0,0.692116410907468,-0.19799396842895284,0.040264788324286704,1.0120895399340066,-0.19799396842895284,0.040264788324286704,0.5,0.0,0.0,0.0,0.0,0.0,0.0,0.0,0.0,0.0,0.0,0.0,0.0,0.0,0.0,0.0,0.4999999999974021,0.0,2.289834988274384e-14,0.5,0.0,0.0,-2.5979218776228663e-12,0.0,2.289834988274384e-14,2.5980227898651835e-12
-1,2.1500199999971503,0.010000000000065512,0.3249731290265451,0.0,0.0,0.6921164109074679,-0.19799396842895306,0.040264788324286614,1.017089539934013,-0.19799396842895306,0.040264788324286614,0.5,0.0,0.0,0.0,0.0,0.0,0.0,0.0,0.0,0.0,0.0,0.0,0.0,0.0,0.0,0.0,0.49999999999735767,-2.2204460492357665e-14,-9.020562075020302e-15,0.5,0.0,0.0,-2.6423307986078726e-12,-2.2204460492357665e-14,-9.020562075020302e-15,2.64243948991791e-12
-1,2.160019999997216,0.010000000000065512,0.3299731290265515,0.0,0.0,0.6921164109074688,-0.19799396842895298,0.040264788324286746,1.0220895399340204,-0.19799396842895298,0.040264788324286746,0.5,0.0,0.0,0.0,0.0,0.0,0.0,0.0,0.0,0.0,0.0,0.0,0.0,0.0,0.0,0.0,0.4999999999974687,8.326672684634124e-15,1.3183898417337363e-14,0.5,0.0,0.0,-2.531308496145357e-12,8.326672684634124e-15,1.3183898417337363e-14,2.5313565239438606e-12
-1,2.1700199999972813,0.010000000000065512,0.3349731290265579,0.0,0.0,0.6921164109074663,-0.19799396842895267,0.040264788324286496,1.0270895399340243,-0.19799396842895267,0.040264788324286496,0.5,0.0,0.0,0.0,0.0,0.0,0.0,0.0,0.0,0.0,0.0,0.0,0.0,0.0,0.0,0.0,0.4999999999971134,3.053113317699179e-14,-2.4980018053902375e-14,0.5,0.0,0.0,-2.886579864025407e-12,3.053113317699179e-14,-2.4980018053902375e-14,2.886849400781409e-12
-1,2.180019999997347,0.010000000000065512,0.3399731290265643,0.0,0.0,0.6921164109074656,-0.19799396842895267,0.040264788324286295,1.03208953993403,-0.19799396842895267,0.040264788324286295,0.5,0.0,0.0,0.0,0.0,0.0,0.0,0.0,0.0,0.0,0.0,0.0,0.0,0.0,0.0,0.0,0.49999999999729106,0.0,-2.0122792321199134e-14,0.5,0.0,0.0,-2.708944180085382e-12,0.0,-2.0122792321199134e-14,2.7090189179090765e-12
-1,2.1900199999974124,0.010000000000065512,0.34497312902657074,0.0,0.0,0.692116410907467,-0.19799396842895275,0.04026478832428661,1.0370895399340379,-0.19799396842895275,0.04026478832428661,0.5,0.0,0.0,0.0,0.0,0.0,0.0,0.0,0.0,0.0,0.0,0.0,0.0,0.0,0.0,0.0,0.4999999999975131,-8.326672684634124e-15,3.1225022567377967e-14,0.5,0.0,0.0,-2.4868995751603507e-12,-8.326672684634124e-15,3.1225022567377967e-14,2.4871095336645437e-12
-1,2.200019999997478,0.010000000000065512,0.3499731290265771,0.0,0.0,0.6921164109074678,-0.19799396842895253,0.040264788324287225,1.0420895399340449,-0.19799396842895253,0.040264788324287225,0.5,0.0,0.0,0.0,0.0,0.0,0.0,0.0,0.0,0.0,0.0,0.0,0.0,0.0,0.0,0.0,0.4999999999974243,2.2204460492357665e-14,6.175615574436975e-14,0.5,0.0,0.0,-2.575717417130363e-12,2.2204460492357665e-14,6.175615574436975e-14,2.5765533322147225e-12
-1,2.2100199999975434,0.010000000000065512,0.3549731290265835,0.0,0.0,0.6921164109074661,-0.19799396842895292,0.040264788324286704,1.0470895399340496,-0.19799396842895292,0.040264788324286704,0.5,0.0,0.0,0.0,0.0,0.0,0.0,0.0,0.0,0.0,0.0,0.0,0.0,0.0,0.0,0.0,0.49999999999720224,-3.885780586162591e-14,-5.204170427896328e-14,0.5,0.0,0.0,-2.7977620220553945e-12,-3.885780586162591e-14,-5.204170427896328e-14,2.7985157852183233e-12
-1,2.220019999997609,0.010000000000065512,0.3599731290265899,0.0,0.0,0.6921164109074637,-0.1979939684289527,0.04026478832428634,1.0520895399340535,-0.1979939684289527,0.04026478832428634,0.5,0.0,0.0,0.0,0.0,0.0,0.0,0.0,0.0,0.0,0.0,0.0,0.0,0.0,0.0,0.0,0.4999999999971134,2.2204460492357665e-14,-3.677613769046738e-14,0.5,0.0,0.0,-2.886579864025407e-12,2.2204460492357665e-14,-3.677613769046738e-14,2.8868995191669076e-12
-1,2.2300199999976744,0.010000000000065512,0.36497312902659634,0.0,0.0,0.6921164109074641,-0.19799396842895228,0.04026478832428654,1.0570895399340605,-0.19799396842895228,0.04026478832428654,0.5,0.0,0.0,0.0,0.0,0.0,0.0,0.0,0.0,0.0,0.0,0.0,0.0,0.0,0.0,0.0,0.4999999999974243,4.163336342317062e-14,2.0122792321199134e-14,0.5,0.0,0.0,-2.575717417130363e-12,4.163336342317062e-14,2.0122792321199134e-14,2.576132464884024e-12
-1,2.24001999999774,0.010000000000065512,0.36997312902660273,0.0,0.0,0.6921164109074649,-0.19799396842895212,0.04026478832428673,1.0620895399340675,-0.19799396842895212,0.04026478832428673,0.5,0.0,0.0,0.0,0.0,0.0,0.0,0.0,0.0,0.0,0.0,0.0,0.0,0.0,0.0,0.0,0.4999999999974243,1.665334536926825e-14,1.9428902930812955e-14,0.5,0.0,0.0,-2.575717417130363e-12,1.665334536926825e-14,1.9428902930812955e-14,2.5758445273521057e-12
-1,2.2500199999978054,0.010000000000065512,0.3749731290266091,0.0,0.0,0.6921164109074663,-0.19799396842895253,0.040264788324286614,1.0670895399340754,-0.19799396842895253,0.040264788324286614,0.5,0.0,0.0,0.0,0.0,0.0,0.0,0.0,0.0,0.0,0.0,0.0,0.0,0.0,0.0,0.0,0.4999999999975131,-4.163336342317062e-14,-1.179611963656501e-14,0.5,0.0,0.0,-2.4868995751603507e-12,-4.163336342317062e-14,-1.179611963656501e-14,2.487276016513073e-12
-1,2.260019999997871,0.010000000000065512,0.3799731290266155,0.0,0.0,0.6921164109074656,-0.19799396842895245,0.04026478832428671,1.072089539934081,-0.19799396842895245,0.04026478832428671,0.5,0.0,0.0,0.0,0.0,0.0,0.0,0.0,0.0,0.0,0.0,0.0,0.0,0.0,0.0,0.0,0.49999999999729106,8.326672684634124e-15,9.714451465406478e-15,0.5,0.0,0.0,-2.708944180085382e-12,8.326672684634124e-15,9.714451465406478e-15,2.7089743953872528e-12
-1,2.2700199999979365,0.010000000000065512,0.38497312902662195,0.0,0.0,0.6921164109074665,-0.1979939684289527,0.04026478832428684,1.0770895399340885,-0.1979939684289527,0.04026478832428684,0.5,0.0,0.0,0.0,0.0,0.0,0.0,0.0,0.0,0.0,0.0,0.0,0.0,0.0,0.0,0.0,0.4999999999974687,-2.4980018053902375e-14,1.3183898417337363e-14,0.5,0.0,0.0,-2.531308496145357e-12,-2.4980018053902375e-14,1.3183898417337363e-14,2.5314660809770137e-12
-1,2.280019999998002,0.010000000000065512,0.38997312902662834,0.0,0.0,0.6921164109074651,-0.1979939684289522,0.040264788324286496,1.0820895399340935,-0.1979939684289522,0.040264788324286496,0.5,0.0,0.0,0.0,0.0,0.0,0.0,0.0,0.0,0.0,0.0,0.0,0.0,0.0,0.0,0.0,0.49999999999722444,4.996003610780475e-14,-3.469446951930885e-14,0.5,0.0,0.0,-2.7755575615628914e-12,4.996003610780475e-14,-3.469446951930885e-14,2.7762239623222155e-12
-1,2.2900199999980675,0.010000000000065512,0.39497312902663473,0.0,0.0,0.6921164109074667,-0.1979939684289521,0.04026478832428691,1.0870895399341014,-0.1979939684289521,0.04026478832428691,0.5,0.0,0.0,0.0,0.0,0.0,0.0,0.0,0.0,0.0,0.0,0.0,0.0,0.0,0.0,0.0,0.4999999999975131,1.1102230246178832e-14,4.163336342317062e-14,0.5,0.0,0.0,-2.4868995751603507e-12,1.1102230246178832e-14,4.163336342317062e-14,2.4872728224702448e-12
-1,2.300019999998133,0.010000000000065512,0.3999731290266411,0.0,0.0,0.6921164109074659,-0.1979939684289521,0.040264788324286566,1.092089539934107,-0.1979939684289521,0.040264788324286566,0.5,0.0,0.0,0.0,0.0,0.0,0.0,0.0,0.0,0.0,0.0,0.0,0.0,0.0,0.0,0.0,0.49999999999729106,0.0,-3.469446951930885e-14,0.5,0.0,0.0,-2.708944180085382e-12,0.0,-3.469446951930885e-14,2.709166343551774e-12
-1,2.3100199999981985,0.010000000000065512,0.40497312902664756,0.0,0.0,0.6921164109074629,-0.19799396842895214,0.04026478832428651,1.0970895399341105,-0.19799396842895214,0.04026478832428651,0.5,0.0,0.0,0.0,0.0,0.0,0.0,0.0,0.0,0.0,0.0,0.0,0.0,0.0,0.0,0.0,0.499999999997069,-5.551115123089416e-15,-5.551115123089416e-15,0.5,0.0,0.0,-2.9309887850104133e-12,-5.551115123089416e-15,-5.551115123089416e-15,2.9309992984671692e-12
-1,2.320019999998264,0.010000000000065512,0.40997312902665395,0.0,0.0,0.6921164109074629,-0.19799396842895292,0.0402647883242867,1.1020895399341168,-0.19799396842895292,0.0402647883242867,0.5,0.0,0.0,0.0,0.0,0.0,0.0,0.0,0.0,0.0,0.0,0.0,0.0,0.0,0.0,0.0,0.49999999999735767,-7.771561172325182e-14,1.873501354042678e-14,0.5,0.0,0.0,-2.6423307986078726e-12,-7.771561172325182e-14,1.873501354042678e-14,2.6435398174246583e-12
-1,2.3300199999983295,0.010000000000065512,0.41497312902666034,0.0,0.0,0.6921164109074646,-0.19799396842895206,0.04026478832428654,1.107089539934125,-0.19799396842895206,0.04026478832428654,0.5,0.0,0.0,0.0,0.0,0.0,0.0,0.0,0.0,0.0,0.0,0.0,0.0,0.0,0.0,0.0,0.4999999999975353,8.604228440788596e-14,-1.5959455978882073e-14,0.5,0.0,0.0,-2.4646951146678475e-12,8.604228440788596e-14,-1.5959455978882073e-14,2.4662481601024708e-12
-1,2.340019999998395,0.010000000000065512,0.4199731290266667,0.0,0.0,0.6921164109074646,-0.1979939684289521,0.04026478832428661,1.1120895399341313,-0.1979939684289521,0.04026478832428661,0.5,0.0,0.0,0.0,0.0,0.0,0.0,0.0,0.0,0.0,0.0,0.0,0.0,0.0,0.0,0.0,0.49999999999735767,-2.775557561544708e-15,6.93889390386177e-15,0.5,0.0,0.0,-2.6423307986078726e-12,-2.775557561544708e-15,6.93889390386177e-15,2.6423413672801825e-12
-1,2.3500199999984606,0.010000000000065512,0.42497312902667317,0.0,0.0,0.6921164109074627,-0.19799396842895162,0.04026478832428658,1.1170895399341358,-0.19799396842895162,0.04026478832428658,0.5,0.0,0.0,0.0,0.0,0.0,0.0,0.0,0.0,0.0,0.0,0.0,0.0,0.0,0.0,0.0,0.49999999999718003,4.718447854626004e-14,-2.775557561544708e-15,0.5,0.0,0.0,-2.8199664825478976e-12,4.718447854626004e-14,-2.775557561544708e-15,2.820362572689728e-12
-1,2.360019999998526,0.010000000000065512,0.42997312902667956,0.0,0.0,0.6921164109074621,-0.1979939684289518,0.04026478832428641,1.1220895399341417,-0.1979939684289518,0.04026478832428641,0.5,0.0,0.0,0.0,0.0,0.0,0.0,0.0,0.0,0.0,0.0,0.0,0.0,0.0,0.0,0.0,0.49999999999731326,-1.9428902930812955e-14,-1.665334536926825e-14,0.5,0.0,0.0,-2.686739719592879e-12,-1.9428902930812955e-14,-1.665334536926825e-14,2.6868615775694708e-12
-1,2.3700199999985916,0.010000000000065512,0.43497312902668595,0.0,0.0,0.6921164109074618,-0.1979939684289515,0.040264788324286385,1.1270895399341478,-0.1979939684289515,0.040264788324286385,0.5,0.0,0.0,0.0,0.0,0.0,0.0,0.0,0.0,0.0,0.0,0.0,0.0,0.0,0.0,0.0,0.49999999999733546,3.053113317699179e-14,-2.775557561544708e-15,0.5,0.0,0.0,-2.6645352591003757e-12,3.053113317699179e-14,-2.775557561544708e-15,2.6647116168174664e-12
-1,2.380019999998657,0.010000000000065512,0.43997312902669233,0.0,0.0,0.6921164109074619,-0.19799396842895248,0.04026478832428646,1.1320895399341542,-0.19799396842895248,0.04026478832428646,0.5,0.0,0.0,0.0,0.0,0.0,0.0,0.0,0.0,0.0,0.0,0.0,0.0,0.0,0.0,0.0,0.49999999999735767,-9.714451465406478e-14,7.632783294247947e-15,0.5,0.0,0.0,-2.6423307986078726e-12,-9.714451465406478e-14,7.632783294247947e-15,2.644126957122125e-12
-1,2.3900199999987226,0.010000000000065512,0.4449731290266988,0.0,0.0,0.6921164109074629,-0.19799396842895228,0.040264788324286566,1.1370895399341616,-0.19799396842895228,0.040264788324286566,0.5,0.0,0.0,0.0,0.0,0.0,0.0,0.0,0.0,0.0,0.0,0.0,0.0,0.0,0.0,0.0,0.4999999999974687,1.9428902930812955e-14,1.0408340855792655e-14,0.5,0.0,0.0,-2.531308496145357e-12,1.9428902930812955e-14,1.0408340855792655e-14,2.531404455729296e-12
-1,2.400019999998788,0.010000000000065512,0.44997312902670517,0.0,0.0,0.6921164109074613,-0.19799396842895214,0.04026478832428642,1.1420895399341666,-0.19799396842895214,0.04026478832428642,0.5,0.0,0.0,0.0,0.0,0.0,0.0,0.0,0.0,0.0,0.0,0.0,0.0,0.0,0.0,0.0,0.49999999999722444,1.387778780772354e-14,-1.4571677198109718e-14,0.5,0.0,0.0,-2.7755575615628914e-12,1.387778780772354e-14,-1.4571677198109718e-14,2.7756305057265357e-12
-1,2.4100199999988536,0.010000000000065512,0.45497312902671155,0.0,0.0,0.6921164109074611,-0.19799396842895234,0.040264788324286364,1.1470895399341727,-0.19799396842895234,0.040264788324286364,0.5,0.0,0.0,0.0,0.0,0.0,0.0,0.0,0.0,0.0,0.0,0.0,0.0,0.0,0.0,0.0,0.49999999999733546,-1.9428902930812955e-14,-5.551115123089416e-15,0.5,0.0,0.0,-2.6645352591003757e-12,-1.9428902930812955e-14,-5.551115123089416e-15,2.664611874952394e-12
-1,2.420019999998919,0.010000000000065512,0.45997312902671794,0.0,0.0,0.6921164109074611,-0.1979939684289525,0.04026478832428631,1.152089539934179,-0.1979939684289525,0.04026478832428631,0.5,0.0,0.0,0.0,0.0,0.0,0.0,0.0,0.0,0.0,0.0,0.0,0.0,0.0,0.0,0.0,0.49999999999735767,-1.665334536926825e-14,-5.551115123089416e-15,0.5,0.0,0.0,-2.6423307986078726e-12,-1.665334536926825e-14,-5.551115123089416e-15,2.6423891079973093e-12
-1,2.4300199999989847,0.010000000000065512,0.4649731290267244,0.0,0.0,0.69211641090746,-0.19799396842895337,0.040264788324286406,1.1570895399341845,-0.19799396842895337,0.040264788324286406,0.5,0.0,0.0,0.0,0.0,0.0,0.0,0.0,0.0,0.0,0.0,0.0,0.0,0.0,0.0,0.0,0.49999999999726885,-8.604228440788596e-14,9.714451465406478e-15,0.5,0.0,0.0,-2.731148640577885e-12,-8.604228440788596e-14,9.714451465406478e-15,2.7325209134064884e-12
-1,2.44001999999905,0.010000000000065512,0.4699731290267308,0.0,0.0,0.6921164109074607,-0.19799396842895292,0.04026478832428684,1.1620895399341915,-0.19799396842895292,0.04026478832428684,0.5,0.0,0.0,0.0,0.0,0.0,0.0,0.0,0.0,0.0,0.0,0.0,0.0,0.0,0.0,0.0,0.4999999999974243,4.440892098471533e-14,4.371503159432915e-14,0.5,0.0,0.0,-2.575717417130363e-12,4.440892098471533e-14,4.371503159432915e-14,2.576471107767178e-12
-1,2.4500199999991157,0.010000000000065512,0.4749731290267176,0.0,0.0,0.6921164109074619,-0.19799396842895303,0.04026478832428676,1.1670895399341794,-0.19799396842895303,0.04026478832428676,0.5,0.0,0.0,0.0,0.0,0.0,0.0,0.0,0.0,0.0,0.0,0.0,0.0,0.0,0.0,0.0,0.4999999999955147,-1.1102230246178832e-14,-8.326672684634124e-15,0.5,0.0,0.0,-4.4853010194856324e-12,-1.1102230246178832e-14,-8.326672684634124e-15,4.4853224887842e-12
-1,2.460019999999181,0.010000000000065512,0.47997312902669786,0.0,0.0,0.6921164109074608,-0.19799396842895312,0.04026478832428678,1.1720895399341587,-0.19799396842895312,0.04026478832428678,0.5,0.0,0.0,0.0,0.0,0.0,0.0,0.0,0.0,0.0,0.0,0.0,0.0,0.0,0.0,0.0,0.4999999999946487,-8.326672684634124e-15,2.081668171158531e-15,0.5,0.0,0.0,-5.3512749786932545e-12,-8.326672684634124e-15,2.081668171158531e-15,5.351281861798056e-12
-1,2.4700199999992467,0.010000000000065512,0.4849731290266781,0.0,0.0,0.6921164109074622,-0.19799396842895328,0.04026478832428655,1.1770895399341403,-0.19799396842895328,0.04026478832428655,0.5,0.0,0.0,0.0,0.0,0.0,0.0,0.0,0.0,0.0,0.0,0.0,0.0,0.0,0.0,0.0,0.499999999994893,-1.665334536926825e-14,-2.289834988274384e-14,0.5,0.0,0.0,-5.10702591327572e-12,-1.665334536926825e-14,-2.289834988274384e-14,5.107104399482063e-12
-1,2.480019999999312,0.010000000000065512,0.48997312902665835,0.0,0.0,0.6921164109074621,-0.1979939684289532,0.040264788324286545,1.1820895399341205,-0.1979939684289532,0.040264788324286545,0.5,0.0,0.0,0.0,0.0,0.0,0.0,0.0,0.0,0.0,0.0,0.0,0.0,0.0,0.0,0.0,0.49999999999473754,8.326672684634124e-15,-6.93889390386177e-16,0.5,0.0,0.0,-5.262457136723242e-12,8.326672684634124e-15,-6.93889390386177e-16,5.262463770023492e-12
-1,2.4900199999993777,0.010000000000065512,0.4949731290266386,0.0,0.0,0.6921164109074629,-0.19799396842895253,0.04026478832428671,1.1870895399341015,-0.19799396842895253,0.04026478832428671,0.5,0.0,0.0,0.0,0.0,0.0,0.0,0.0,0.0,0.0,0.0,0.0,0.0,0.0,0.0,0.0,0.49999999999482636,6.6613381477073e-14,1.665334536926825e-14,0.5,0.0,0.0,-5.1736392947532295e-12,6.6613381477073e-14,1.665334536926825e-14,5.174094918796764e-12
-1,2.5000199999994432,0.010000000000065512,0.49997312902661883,0.0,0.0,0.6921164109074625,-0.19799396842895306,0.040264788324286586,1.1920895399340812,-0.19799396842895306,0.040264788324286586,0.5,0.0,0.0,0.0,0.0,0.0,0.0,0.0,0.0,0.0,0.0,0.0,0.0,0.0,0.0,0.0,0.49999999999469313,-5.273559366934945e-14,-1.2490009026951187e-14,0.5,0.0,0.0,-5.306866057708248e-12,-5.273559366934945e-14,-1.2490009026951187e-14,5.30714277155053e-12
-1,2.5100199999995088,0.010000000000065512,0.5049731290265991,0.0,0.0,0.6921164109074616,-0.19799396842895287,0.040264788324286566,1.1970895399340606,-0.19799396842895287,0.040264788324286566,0.5,0.0,0.0,0.0,0.0,0.0,0.0,0.0,0.0,0.0,0.0,0.0,0.0,0.0,0.0,0.0,0.49999999999467093,1.9428902930812955e-14,-2.081668171158531e-15,0.5,0.0,0.0,-5.329070518200751e-12,1.9428902930812955e-14,-2.081668171158531e-15,5.329106341927124e-12
-1,2.5200199999995743,0.010000000000065512,0.5099731290265793,0.0,0.0,0.6921164109074621,-0.19799396842895287,0.040264788324286836,1.2020895399340414,-0.19799396842895287,0.040264788324286836,0.5,0.0,0.0,0.0,0.0,0.0,0.0,0.0,0.0,0.0,0.0,0.0,0.0,0.0,0.0,0.0,0.49999999999480416,0.0,2.7061686225060905e-14,0.5,0.0,0.0,-5.195843755245733e-12,0.0,2.7061686225060905e-14,5.195914227909023e-12
-1,2.53001999999964,0.010000000000065512,0.5149731290265596,0.0,0.0,0.6921164109074627,-0.19799396842895375,0.04026478832428663,1.2070895399340222,-0.19799396842895375,0.04026478832428663,0.5,0.0,0.0,0.0,0.0,0.0,0.0,0.0,0.0,0.0,0.0,0.0,0.0,0.0,0.0,0.0,0.49999999999480416,-8.881784196943066e-14,-2.081668171158531e-14,0.5,0.0,0.0,-5.195843755245733e-12,-8.881784196943066e-14,-2.081668171158531e-14,5.196644520478158e-12
-1,2.5400199999997053,0.010000000000065512,0.5199731290265398,0.0,0.0,0.692116410907463,-0.1979939684289538,0.040264788324286836,1.2120895399340028,-0.1979939684289538,0.040264788324286836,0.5,0.0,0.0,0.0,0.0,0.0,0.0,0.0,0.0,0.0,0.0,0.0,0.0,0.0,0.0,0.0,0.49999999999478195,-5.551115123089416e-15,2.081668171158531e-14,0.5,0.0,0.0,-5.218048215738236e-12,-5.551115123089416e-15,2.081668171158531e-14,5.2180926909059e-12
-1,2.550019999999771,0.010000000000065512,0.52497312902652,0.0,0.0,0.6921164109074602,-0.19799396842895378,0.040264788324286496,1.2170895399339803,-0.19799396842895378,0.040264788324286496,0.5,0.0,0.0,0.0,0.0,0.0,0.0,0.0,0.0,0.0,0.0,0.0,0.0,0.0,0.0,0.0,0.4999999999944711,2.775557561544708e-15,-3.4000580128922676e-14,0.5,0.0,0.0,-5.5289106626332796e-12,2.775557561544708e-15,-3.4000580128922676e-14,5.529015903264237e-12
-1,2.5600199999998363,0.010000000000065512,0.5243976595768095,0.0009685156570794425,-0.0016674502515405785,0.703267349806844,-0.19993099974311201,0.04359968882736787,1.2276650093836534,-0.19896248408603256,0.04193223857582729,0.5,0.0,0.0,0.0,0.0,0.0,0.0,0.0,0.0,0.0,0.0,0.0,0.0,0.0,0.0,0.0,1.0575469449603854,-0.09685156570724385,0.16674502515298723,0.5,0.0,0.0,0.5575469449603854,-0.09685156570724385,0.16674502515298723,0.589951459891298
-1,2.570019999999902,0.010000000000065512,0.5293976595767897,0.0009685156570794425,-0.0016674502515405785,0.7032673498068444,-0.19993099974311182,0.04359968882736786,1.2326650093836342,-0.19896248408603237,0.04193223857582728,0.5,0.0,0.0,0.0,0.0,0.0,0.0,0.0,0.0,0.0,0.0,0.0,0.0,0.0,0.0,0.0,0.49999999999480416,1.9428902930812955e-14,-1.387778780772354e-15,0.5,0.0,0.0,-5.195843755245733e-12,1.9428902930812955e-14,-1.387778780772354e-15,5.19588026585728e-12
-1,2.5800199999999673,0.010000000000065512,0.53439765957677,0.0009685156570794425,-0.0016674502515405785,0.7032673498068435,-0.19993099974311146,0.0435996888273677,1.2376650093836135,-0.198962484086032,0.04193223857582712,0.5,0.0,0.0,0.0,0.0,0.0,0.0,0.0,0.0,0.0,0.0,0.0,0.0,0.0,0.0,0.0,0.4999999999946487,3.608224830008121e-14,-1.5959455978882073e-14,0.5,0.0,0.0,-5.3512749786932545e-12,3.608224830008121e-14,-1.5959455978882073e-14,5.351420421763368e-12
-1,2.5900000000000327,0.009980000000065381,0.5393876595767503,0.0009685156570794425,-0.0016674502515405785,0.7032673498068419,-0.19993099974311174,0.043599688827367644,1.2426550093835922,-0.1989624840860323,0.04193223857582706,0.5,0.0,0.0,0.0,0.0,0.0,0.0,0.0,0.0,0.0,0.0,0.0,0.0,0.0,0.0,0.0,0.4999999999945935,-2.781119801147002e-14,-5.562239602294004e-15,0.5,0.0,0.0,-5.406508574168356e-12,-2.781119801147002e-14,-5.562239602294004e-15,5.406582965589281e-12
-1,2.6000000000000982,0.010000000000065512,0.5443876595767305,0.0009685156570794425,-0.0016674502515405785,0.703267349806843,-0.1999309997431114,0.04359968882736802,1.2476550093835734,-0.19896248408603195,0.04193223857582744,0.5,0.0,0.0,0.0,0.0,0.0,0.0,0.0,0.0,0.0,0.0,0.0,0.0,0.0,0.0,0.0,0.49999999999484857,3.33066907385365e-14,3.747002708085356e-14,0.5,0.0,0.0,-5.151434834260726e-12,3.33066907385365e-14,3.747002708085356e-14,5.1516787739738035e-12
-1,2.6100000000001637,0.010000000000065512,0.5493876595767108,0.0009685156570794425,-0.0016674502515405785,0.7032673498068448,-0.19993099974311182,0.04359968882736778,1.2526550093835556,-0.19896248408603237,0.0419322385758272,0.5,0.0,0.0,0.0,0.0,0.0,0.0,0.0,0.0,0.0,0.0,0.0,0.0,0.0,0.0,0.0,0.4999999999949374,-4.163336342317062e-14,-2.359223927313002e-14,0.5,0.0,0.0,-5.062616992290714e-12,-4.163336342317062e-14,-2.359223927313002e-14,5.0628431480082925e-12
-1,2.6200000000002293,0.010000000000065512,0.554387659576691,0.0009685156570794425,-0.0016674502515405785,0.703267349806846,-0.1999309997431121,0.04359968882736753,1.257655009383537,-0.19896248408603265,0.04193223857582695,0.5,0.0,0.0,0.0,0.0,0.0,0.0,0.0,0.0,0.0,0.0,0.0,0.0,0.0,0.0,0.0,0.49999999999487077,-2.775557561544708e-14,-2.4980018053902375e-14,0.5,0.0,0.0,-5.129230373768223e-12,-2.775557561544708e-14,-2.4980018053902375e-14,5.1293662961876904e-12
-1,2.6300000000002948,0.010000000000065512,0.5593876595766712,0.0009685156570794425,-0.0016674502515405785,0.7032673498068459,-0.19993099974311176,0.043599688827367866,1.2626550093835172,-0.19896248408603232,0.041932238575827285,0.5,0.0,0.0,0.0,0.0,0.0,0.0,0.0,0.0,0.0,0.0,0.0,0.0,0.0,0.0,0.0,0.49999999999473754,3.33066907385365e-14,3.33066907385365e-14,0.5,0.0,0.0,-5.262457136723242e-12,3.33066907385365e-14,3.33066907385365e-14,5.262667934341411e-12
-1,2.6400000000003603,0.010000000000065512,0.5643876595766515,0.0009685156570794425,-0.0016674502515405785,0.7032673498068444,-0.19993099974311176,0.043599688827368026,1.2676550093834957,-0.19896248408603232,0.041932238575827445,0.5,0.0,0.0,0.0,0.0,0.0,0.0,0.0,0.0,0.0,0.0,0.0,0.0,0.0,0.0,0.0,0.4999999999945821,0.0,1.5959455978882073e-14,0.5,0.0,0.0,-5.417888360170764e-12,0.0,1.5959455978882073e-14,5.417911865978349e-12
-1,2.650000000000426,0.010000000000065512,0.5693876595766317,0.0009685156570794425,-0.0016674502515405785,0.7032673498068459,-0.19993099974311207,0.043599688827367956,1.2726550093834776,-0.19896248408603262,0.041932238575827376,0.5,0.0,0.0,0.0,0.0,0.0,0.0,0.0,0.0,0.0,0.0,0.0,0.0,0.0,0.0,0.0,0.4999999999949152,-3.053113317699179e-14,-6.93889390386177e-15,0.5,0.0,0.0,-5.084821452783217e-12,-3.053113317699179e-14,-6.93889390386177e-15,5.08491784643824e-12
-1,2.6600000000004913,0.010000000000065512,0.574387659576612,0.0009685156570794425,-0.0016674502515405785,0.7032673498068441,-0.19993099974311226,0.043599688827367984,1.277655009383456,-0.19896248408603281,0.0419322385758274,0.5,0.0,0.0,0.0,0.0,0.0,0.0,0.0,0.0,0.0,0.0,0.0,0.0,0.0,0.0,0.0,0.4999999999945599,-1.9428902930812955e-14,2.775557561544708e-15,0.5,0.0,0.0,-5.440092820663267e-12,-1.9428902930812955e-14,2.775557561544708e-15,5.44012822306799e-12
-1,2.670000000000557,0.010000000000065512,0.5793876595765922,0.0009685156570794425,-0.0016674502515405785,0.7032673498068448,-0.19993099974311204,0.04359968882736775,1.282655009383437,-0.1989624840860326,0.04193223857582717,0.5,0.0,0.0,0.0,0.0,0.0,0.0,0.0,0.0,0.0,0.0,0.0,0.0,0.0,0.0,0.0,0.49999999999482636,2.2204460492357665e-14,-2.359223927313002e-14,0.5,0.0,0.0,-5.1736392947532295e-12,2.2204460492357665e-14,-2.359223927313002e-14,5.173740734133705e-12
-1,2.6800000000006223,0.010000000000065512,0.5792391717583638,0.000633058823743726,-0.004978921154436588,0.7135643254432629,-0.19926008607644058,0.05022263063316001,1.2928034972016267,-0.19862702725269685,0.04524370947872342,0.5,0.0,0.0,0.0,0.0,0.0,0.0,0.0,0.0,0.0,0.0,0.0,0.0,0.0,0.0,0.0,1.0148487818123182,0.03354568333335479,0.33114709028745604,0.5,0.0,0.0,0.5148487818123182,0.03354568333335479,0.33114709028745604,0.6130684924294987
-1,2.690000000000688,0.010000000000065512,0.5842391717583441,0.000633058823743726,-0.004978921154436588,0.7135643254432652,-0.1992600860764405,0.05022263063315985,1.2978034972016093,-0.19862702725269676,0.04524370947872326,0.5,0.0,0.0,0.0,0.0,0.0,0.0,0.0,0.0,0.0,0.0,0.0,0.0,0.0,0.0,0.0,0.4999999999949818,8.326672684634124e-15,-1.5959455978882073e-14,0.5,0.0,0.0,-5.0182080713057076e-12,8.326672684634124e-15,-1.5959455978882073e-14,5.018240357399284e-12
-1,2.7000000000007534,0.010000000000065512,0.5892391717583243,0.000633058823743726,-0.004978921154436588,0.713564325443264,-0.1992600860764407,0.050222630633159765,1.3028034972015883,-0.19862702725269696,0.04524370947872318,0.5,0.0,0.0,0.0,0.0,0.0,0.0,0.0,0.0,0.0,0.0,0.0,0.0,0.0,0.0,0.0,0.4999999999946265,-1.9428902930812955e-14,-8.326672684634124e-15,0.5,0.0,0.0,-5.373479439185758e-12,-1.9428902930812955e-14,-8.326672684634124e-15,5.373521015042109e-12
-1,2.710000000000819,0.010000000000065512,0.5942391717583045,0.000633058823743726,-0.004978921154436588,0.7135643254432643,-0.19926008607644055,0.050222630633159966,1.3078034972015689,-0.19862702725269682,0.04524370947872338,0.5,0.0,0.0,0.0,0.0,0.0,0.0,0.0,0.0,0.0,0.0,0.0,0.0,0.0,0.0,0.0,0.49999999999478195,1.387778780772354e-14,2.0122792321199134e-14,0.5,0.0,0.0,-5.218048215738236e-12,1.387778780772354e-14,2.0122792321199134e-14,5.218105470526082e-12
-1,2.7200000000008844,0.010000000000065512,0.5992391717582848,0.000633058823743726,-0.004978921154436588,0.713564325443264,-0.1992600860764408,0.0502226306331597,1.3128034972015488,-0.19862702725269707,0.04524370947872312,0.5,0.0,0.0,0.0,0.0,0.0,0.0,0.0,0.0,0.0,0.0,0.0,0.0,0.0,0.0,0.0,0.49999999999471534,-2.4980018053902375e-14,-2.6367796834674726e-14,0.5,0.0,0.0,-5.284661597215745e-12,-2.4980018053902375e-14,-2.6367796834674726e-14,5.284786415655675e-12
-1,2.73000000000095,0.010000000000065512,0.604239171758265,0.000633058823743726,-0.004978921154436588,0.7135643254432626,-0.19926008607644066,0.05022263063315959,1.3178034972015276,-0.19862702725269693,0.045243709478723006,0.5,0.0,0.0,0.0,0.0,0.0,0.0,0.0,0.0,0.0,0.0,0.0,0.0,0.0,0.0,0.0,0.4999999999946043,1.387778780772354e-14,-1.1102230246178832e-14,0.5,0.0,0.0,-5.395683899678261e-12,1.387778780772354e-14,-1.1102230246178832e-14,5.395713168595796e-12
-1,2.7400000000010154,0.010000000000065512,0.6092391717582453,0.000633058823743726,-0.004978921154436588,0.7135643254432636,-0.1992600860764405,0.05022263063315982,1.3228034972015088,-0.19862702725269676,0.045243709478723235,0.5,0.0,0.0,0.0,0.0,0.0,0.0,0.0,0.0,0.0,0.0,0.0,0.0,0.0,0.0,0.0,0.49999999999484857,1.665334536926825e-14,2.289834988274384e-14,0.5,0.0,0.0,-5.151434834260726e-12,1.665334536926825e-14,2.289834988274384e-14,5.151512643872106e-12
-1,2.750000000001081,0.010000000000065512,0.6142391717582255,0.000633058823743726,-0.004978921154436588,0.7135643254432642,-0.1992600860764404,0.05022263063315979,1.3278034972014896,-0.19862702725269668,0.04524370947872321,0.5,0.0,0.0,0.0,0.0,0.0,0.0,0.0,0.0,0.0,0.0,0.0,0.0,0.0,0.0,0.0,0.49999999999480416,8.326672684634124e-15,-2.775557561544708e-15,0.5,0.0,0.0,-5.195843755245733e-12,8.326672684634124e-15,-2.775557561544708e-15,5.195851168588632e-12
-1,2.7600000000011464,0.010000000000065512,0.6192391717582058,0.000633058823743726,-0.004978921154436588,0.7135643254432625,-0.19926008607643997,0.050222630633159925,1.3328034972014682,-0.19862702725269624,0.04524370947872334,0.5,0.0,0.0,0.0,0.0,0.0,0.0,0.0,0.0,0.0,0.0,0.0,0.0,0.0,0.0,0.0,0.4999999999945821,4.440892098471533e-14,1.3183898417337363e-14,0.5,0.0,0.0,-5.417888360170764e-12,4.440892098471533e-14,1.3183898417337363e-14,5.418086401185788e-12
-1,2.770000000001212,0.010000000000065512,0.624239171758186,0.000633058823743726,-0.004978921154436588,0.7135643254432634,-0.19926008607643977,0.050222630633159904,1.3378034972014494,-0.19862702725269604,0.04524370947872332,0.5,0.0,0.0,0.0,0.0,0.0,0.0,0.0,0.0,0.0,0.0,0.0,0.0,0.0,0.0,0.0,0.49999999999484857,1.9428902930812955e-14,-2.081668171158531e-15,0.5,0.0,0.0,-5.151434834260726e-12,1.9428902930812955e-14,-2.081668171158531e-15,5.15147189327927e-12
-1,2.7800000000012774,0.010000000000065512,0.6292391717581662,0.000633058823743726,-0.004978921154436588,0.7135643254432635,-0.1992600860764402,0.05022263063315973,1.3428034972014298,-0.19862702725269646,0.045243709478723144,0.5,0.0,0.0,0.0,0.0,0.0,0.0,0.0,0.0,0.0,0.0,0.0,0.0,0.0,0.0,0.0,0.49999999999475975,-4.163336342317062e-14,-1.7347234759654424e-14,0.5,0.0,0.0,-5.240252676230739e-12,-4.163336342317062e-14,-1.7347234759654424e-14,5.240446772389464e-12
-1,2.790000000001343,0.010000000000065512,0.6342391717581465,0.000633058823743726,-0.004978921154436588,0.713564325443263,-0.19926008607644044,0.05022263063315977,1.3478034972014095,-0.1986270272526967,0.045243709478723186,0.5,0.0,0.0,0.0,0.0,0.0,0.0,0.0,0.0,0.0,0.0,0.0,0.0,0.0,0.0,0.0,0.49999999999469313,-2.4980018053902375e-14,4.163336342317062e-15,0.5,0.0,0.0,-5.306866057708248e-12,-2.4980018053902375e-14,4.163336342317062e-15,5.306926482355617e-12
-1,2.8000000000014085,0.010000000000065512,0.6392391717581267,0.000633058823743726,-0.004978921154436588,0.7135643254432635,-0.19926008607644047,0.05022263063315988,1.3528034972013903,-0.19862702725269674,0.0452437094787233,0.5,0.0,0.0,0.0,0.0,0.0,0.0,0.0,0.0,0.0,0.0,0.0,0.0,0.0,0.0,0.0,0.49999999999480416,-2.775557561544708e-15,1.1102230246178832e-14,0.5,0.0,0.0,-5.195843755245733e-12,-2.775557561544708e-15,1.1102230246178832e-14,5.195856357922368e-12
-1,2.810000000001474,0.010000000000065512,0.644239171758107,0.000633058823743726,-0.004978921154436588,0.7135643254432643,-0.19926008607644055,0.05022263063316002,1.3578034972013713,-0.19862702725269682,0.045243709478723436,0.5,0.0,0.0,0.0,0.0,0.0,0.0,0.0,0.0,0.0,0.0,0.0,0.0,0.0,0.0,0.0,0.49999999999482636,-8.326672684634124e-15,1.387778780772354e-14,0.5,0.0,0.0,-5.1736392947532295e-12,-8.326672684634124e-15,1.387778780772354e-14,5.173664608252755e-12
-1,2.8200000000015395,0.010000000000065512,0.6492391717580872,0.000633058823743726,-0.004978921154436588,0.713564325443265,-0.19926008607643952,0.05022263063315971,1.362803497201352,-0.1986270272526958,0.045243709478723124,0.5,0.0,0.0,0.0,0.0,0.0,0.0,0.0,0.0,0.0,0.0,0.0,0.0,0.0,0.0,0.0,0.49999999999480416,1.026956297771542e-13,-3.1225022567377967e-14,0.5,0.0,0.0,-5.195843755245733e-12,1.026956297771542e-13,-3.1225022567377967e-14,5.196952349534844e-12
-1,2.830000000001605,0.010000000000065512,0.6542391717580675,0.000633058823743726,-0.004978921154436588,0.713564325443264,-0.19926008607643994,0.05022263063315992,1.3678034972013315,-0.1986270272526962,0.04524370947872333,0.5,0.0,0.0,0.0,0.0,0.0,0.0,0.0,0.0,0.0,0.0,0.0,0.0,0.0,0.0,0.0,0.49999999999467093,-4.163336342317062e-14,2.081668171158531e-14,0.5,0.0,0.0,-5.329070518200751e-12,-4.163336342317062e-14,2.081668171158531e-14,5.329273802230829e-12
-1,2.8400000000016705,0.010000000000065512,0.6592391717580477,0.000633058823743726,-0.004978921154436588,0.7135643254432635,-0.19926008607643972,0.05022263063315998,1.3728034972013112,-0.198627027252696,0.045243709478723394,0.5,0.0,0.0,0.0,0.0,0.0,0.0,0.0,0.0,0.0,0.0,0.0,0.0,0.0,0.0,0.0,0.49999999999469313,2.2204460492357665e-14,6.245004513475594e-15,0.5,0.0,0.0,-5.306866057708248e-12,2.2204460492357665e-14,6.245004513475594e-15,5.306916184810442e-12
-1,2.850000000001736,0.010000000000065512,0.6642391717580279,0.000633058823743726,-0.004978921154436588,0.7135643254432635,-0.1992600860764394,0.05022263063315981,1.3778034972012914,-0.19862702725269568,0.04524370947872322,0.5,0.0,0.0,0.0,0.0,0.0,0.0,0.0,0.0,0.0,0.0,0.0,0.0,0.0,0.0,0.0,0.49999999999473754,3.053113317699179e-14,-1.7347234759654424e-14,0.5,0.0,0.0,-5.262457136723242e-12,3.053113317699179e-14,-1.7347234759654424e-14,5.262574293299455e-12
-1,2.8600000000018015,0.010000000000065512,0.6692391717580082,0.000633058823743726,-0.004978921154436588,0.7135643254432621,-0.1992600860764398,0.05022263063315977,1.3828034972012704,-0.19862702725269607,0.045243709478723186,0.5,0.0,0.0,0.0,0.0,0.0,0.0,0.0,0.0,0.0,0.0,0.0,0.0,0.0,0.0,0.0,0.4999999999946265,-3.885780586162591e-14,-3.469446951930885e-15,0.5,0.0,0.0,-5.373479439185758e-12,-3.885780586162591e-14,-3.469446951930885e-15,5.37362105562819e-12
-1,2.870000000001867,0.010000000000065512,0.6742391717579884,0.000633058823743726,-0.004978921154436588,0.7135643254432621,-0.19926008607643975,0.05022263063315974,1.3878034972012505,-0.19862702725269601,0.04524370947872315,0.5,0.0,0.0,0.0,0.0,0.0,0.0,0.0,0.0,0.0,0.0,0.0,0.0,0.0,0.0,0.0,0.49999999999473754,5.551115123089416e-15,-3.469446951930885e-15,0.5,0.0,0.0,-5.262457136723242e-12,5.551115123089416e-15,-3.469446951930885e-15,5.2624612081981794e-12
-1,2.8800000000019326,0.010000000000065512,0.6792391717579687,0.000633058823743726,-0.004978921154436588,0.7135643254432623,-0.1992600860764399,0.05022263063315962,1.392803497201231,-0.19862702725269618,0.04524370947872303,0.5,0.0,0.0,0.0,0.0,0.0,0.0,0.0,0.0,0.0,0.0,0.0,0.0,0.0,0.0,0.0,0.49999999999478195,-1.665334536926825e-14,-1.179611963656501e-14,0.5,0.0,0.0,-5.218048215738236e-12,-1.665334536926825e-14,-1.179611963656501e-14,5.218088123452828e-12
-1,2.890000000001998,0.010000000000065512,0.6842391717579489,0.000633058823743726,-0.004978921154436588,0.7135643254432631,-0.19926008607643972,0.050222630633159626,1.3978034972012119,-0.198627027252696,0.04524370947872304,0.5,0.0,0.0,0.0,0.0,0.0,0.0,0.0,0.0,0.0,0.0,0.0,0.0,0.0,0.0,0.0,0.49999999999480416,1.9428902930812955e-14,6.93889390386177e-16,0.5,0.0,0.0,-5.195843755245733e-12,1.9428902930812955e-14,6.93889390386177e-16,5.195880126857976e-12
-1,2.9000000000020636,0.010000000000065512,0.6892391717579291,0.000633058823743726,-0.004978921154436588,0.713564325443262,-0.19926008607644022,0.050222630633159765,1.4028034972011911,-0.1986270272526965,0.04524370947872318,0.5,0.0,0.0,0.0,0.0,0.0,0.0,0.0,0.0,0.0,0.0,0.0,0.0,0.0,0.0,0.0,0.4999999999946487,-4.996003610780475e-14,1.387778780772354e-14,0.5,0.0,0.0,-5.3512749786932545e-12,-4.996003610780475e-14,1.387778780772354e-14,5.35152618379008e-12
-1,2.910000000002129,0.010000000000065512,0.6942391717579094,0.000633058823743726,-0.004978921154436588,0.7135643254432613,-0.19926008607644038,0.050222630633159626,1.4078034972011708,-0.19862702725269665,0.04524370947872304,0.5,0.0,0.0,0.0,0.0,0.0,0.0,0.0,0.0,0.0,0.0,0.0,0.0,0.0,0.0,0.0,0.49999999999469313,-1.665334536926825e-14,-1.387778780772354e-14,0.5,0.0,0.0,-5.306866057708248e-12,-1.665334536926825e-14,-1.387778780772354e-14,5.306910332892606e-12
-1,2.9200000000021946,0.010000000000065512,0.6992391717578896,0.000633058823743726,-0.004978921154436588,0.7135643254432612,-0.1992600860764405,0.05022263063315972,1.4128034972011507,-0.19862702725269676,0.04524370947872314,0.5,0.0,0.0,0.0,0.0,0.0,0.0,0.0,0.0,0.0,0.0,0.0,0.0,0.0,0.0,0.0,0.49999999999471534,-1.1102230246178832e-14,9.714451465406478e-15,0.5,0.0,0.0,-5.284661597215745e-12,-1.1102230246178832e-14,9.714451465406478e-15,5.284682187905966e-12
-1,2.93000000000226,0.010000000000065512,0.7042391717578699,0.000633058823743726,-0.004978921154436588,0.7135643254432593,-0.1992600860764402,0.050222630633159834,1.4178034972011293,-0.19862702725269646,0.04524370947872325,0.5,0.0,0.0,0.0,0.0,0.0,0.0,0.0,0.0,0.0,0.0,0.0,0.0,0.0,0.0,0.0,0.4999999999945821,3.053113317699179e-14,1.1102230246178832e-14,0.5,0.0,0.0,-5.417888360170764e-12,3.053113317699179e-14,1.1102230246178832e-14,5.41798575975273e-12
-1,2.9400000000023256,0.010000000000065512,0.7092391717578501,0.000633058823743726,-0.004978921154436588,0.7135643254432592,-0.1992600860764398,0.050222630633159515,1.4228034972011092,-0.19862702725269607,0.04524370947872293,0.5,0.0,0.0,0.0,0.0,0.0,0.0,0.0,0.0,0.0,0.0,0.0,0.0,0.0,0.0,0.0,0.49999999999471534,3.885780586162591e-14,-3.1918911957764146e-14,0.5,0.0,0.0,-5.284661597215745e-12,3.885780586162591e-14,-3.1918911957764146e-14,5.284900845153466e-12
-1,2.950000000002391,0.010000000000065512,0.7142391717578304,0.000633058823743726,-0.004978921154436588,0.7135643254432609,-0.1992600860764401,0.050222630633159994,1.4278034972010913,-0.19862702725269638,0.04524370947872341,0.5,0.0,0.0,0.0,0.0,0.0,0.0,0.0,0.0,0.0,0.0,0.0,0.0,0.0,0.0,0.0,0.4999999999949374,-3.053113317699179e-14,4.787836793664621e-14,0.5,0.0,0.0,-5.062616992290714e-12,-3.053113317699179e-14,4.787836793664621e-14,5.062935442886866e-12
-1,2.9600000000024567,0.010000000000065512,0.7192391717578106,0.000633058823743726,-0.004978921154436588,0.7135643254432623,-0.19926008607643997,0.050222630633159834,1.432803497201073,-0.19862702725269624,0.04524370947872325,0.5,0.0,0.0,0.0,0.0,0.0,0.0,0.0,0.0,0.0,0.0,0.0,0.0,0.0,0.0,0.0,0.499999999994893,1.387778780772354e-14,-1.5959455978882073e-14,0.5,0.0,0.0,-5.10702591327572e-12,1.387778780772354e-14,-1.5959455978882073e-14,5.107069705427886e-12
-1,2.970000000002522,0.010000000000065512,0.7242391717577908,0.000633058823743726,-0.004978921154436588,0.7135643254432628,-0.19926008607644036,0.05022263063316005,1.4378034972010536,-0.19862702725269663,0.045243709478723464,0.5,0.0,0.0,0.0,0.0,0.0,0.0,0.0,0.0,0.0,0.0,0.0,0.0,0.0,0.0,0.0,0.49999999999478195,-3.885780586162591e-14,2.151057110197149e-14,0.5,0.0,0.0,-5.218048215738236e-12,-3.885780586162591e-14,2.151057110197149e-14,5.2182372325829054e-12
-1,2.9800000000025877,0.010000000000065512,0.7292391717577711,0.000633058823743726,-0.004978921154436588,0.7135643254432625,-0.19926008607644052,0.05022263063315994,1.4428034972010337,-0.1986270272526968,0.04524370947872335,0.5,0.0,0.0,0.0,0.0,0.0,0.0,0.0,0.0,0.0,0.0,0.0,0.0,0.0,0.0,0.0,0.49999999999473754,-1.665334536926825e-14,-1.1102230246178832e-14,0.5,0.0,0.0,-5.262457136723242e-12,-1.665334536926825e-14,-1.1102230246178832e-14,5.2624951980289545e-12
-1,2.990000000002653,0.010000000000065512,0.7342391717577513,0.000633058823743726,-0.004978921154436588,0.7135643254432624,-0.1992600860764402,0.050222630633159675,1.4478034972010136,-0.19862702725269646,0.04524370947872309,0.5,0.0,0.0,0.0,0.0,0.0,0.0,0.0,0.0,0.0,0.0,0.0,0.0,0.0,0.0,0.0,0.49999999999471534,3.33066907385365e-14,-2.6367796834674726e-14,0.5,0.0,0.0,-5.284661597215745e-12,3.33066907385365e-14,-2.6367796834674726e-14,5.2848323335224874e-12
-1,3.0000000000027187,0.010000000000065512,0.7392391717577316,0.000633058823743726,-0.004978921154436588,0.7135643254432644,-0.19926008607644008,0.05022263063315952,1.452803497200996,-0.19862702725269635,0.045243709478722936,0.5,0.0,0.0,0.0,0.0,0.0,0.0,0.0,0.0,0.0,0.0,0.0,0.0,0.0,0.0,0.0,0.4999999999949596,1.1102230246178832e-14,-1.5265566588495894e-14,0.5,0.0,0.0,-5.040412531798211e-12,1.1102230246178832e-14,-1.5265566588495894e-14,5.040447875709872e-12
-1,3.0100000000027842,0.010000000000065512,0.7442391717577118,0.000633058823743726,-0.004978921154436588,0.7135643254432644,-0.19926008607644002,0.05022263063315969,1.4578034972009761,-0.1986270272526963,0.0452437094787231,0.5,0.0,0.0,0.0,0.0,0.0,0.0,0.0,0.0,0.0,0.0,0.0,0.0,0.0,0.0,0.0,0.49999999999473754,5.551115123089416e-15,1.665334536926825e-14,0.5,0.0,0.0,-5.262457136723242e-12,5.551115123089416e-15,1.665334536926825e-14,5.262486414675147e-12
-1,3.0200000000028497,0.010000000000065512,0.7492391717576921,0.000633058823743726,-0.004978921154436588,0.7135643254432646,-0.1992600860764404,0.05022263063315976,1.4628034972009567,-0.19862702725269668,0.04524370947872317,0.5,0.0,0.0,0.0,0.0,0.0,0.0,0.0,0.0,0.0,0.0,0.0,0.0,0.0,0.0,0.0,0.49999999999478195,-3.885780586162591e-14,6.93889390386177e-15,0.5,0.0,0.0,-5.218048215738236e-12,-3.885780586162591e-14,6.93889390386177e-15,5.218197510548444e-12
-1,3.0300000000029153,0.010000000000065512,0.7542391717576723,0.000633058823743726,-0.004978921154436588,0.7135643254432651,-0.1992600860764402,0.05022263063315977,1.4678034972009373,-0.19862702725269646,0.045243709478723186,0.5,0.0,0.0,0.0,0.0,0.0,0.0,0.0,0.0,0.0,0.0,0.0,0.0,0.0,0.0,0.0,0.49999999999478195,2.2204460492357665e-14,1.387778780772354e-15,0.5,0.0,0.0,-5.218048215738236e-12,2.2204460492357665e-14,1.387778780772354e-15,5.218095643600708e-12
-1,3.0400000000029808,0.010000000000065512,0.7592391717576525,0.000633058823743726,-0.004978921154436588,0.7135643254432652,-0.19926008607644063,0.05022263063315944,1.4728034972009176,-0.1986270272526969,0.04524370947872285,0.5,0.0,0.0,0.0,0.0,0.0,0.0,0.0,0.0,0.0,0.0,0.0,0.0,0.0,0.0,0.0,0.49999999999475975,-4.440892098471533e-14,-3.33066907385365e-14,0.5,0.0,0.0,-5.240252676230739e-12,-4.440892098471533e-14,-3.33066907385365e-14,5.240546688910843e-12
-1,3.0500000000030463,0.010000000000065512,0.7642391717576328,0.000633058823743726,-0.004978921154436588,0.7135643254432654,-0.19926008607644077,0.05022263063315943,1.4778034972008982,-0.19862702725269704,0.045243709478722846,0.5,0.0,0.0,0.0,0.0,0.0,0.0,0.0,0.0,0.0,0.0,0.0,0.0,0.0,0.0,0.0,0.49999999999478195,-1.387778780772354e-14,-6.93889390386177e-16,0.5,0.0,0.0,-5.218048215738236e-12,-1.387778780772354e-14,-6.93889390386177e-16,5.218066716346765e-12
-1,3.060000000003112,0.010000000000065512,0.7675938311110855,0.002009962507441482,-0.0023345821587714664,0.7168550067363219,-0.20201389344383586,0.0449339526418292,1.4844488378474074,-0.20000393093639438,0.04259937048305773,0.5,0.0,0.0,0.0,0.0,0.0,0.0,0.0,0.0,0.0,0.0,0.0,0.0,0.0,0.0,0.0,0.6645340646465699,-0.13769036836883133,-0.26443389956477925,0.5,0.0,0.0,0.16453406464656994,-0.13769036836883133,-0.26443389956477925,0.3405222213155874
-1,3.0700000000031773,0.010000000000065512,0.7725938311110657,0.002009962507441482,-0.0023345821587714664,0.716855006736321,-0.202013893443836,0.0449339526418295,1.4894488378473867,-0.20000393093639451,0.042599370483058036,0.5,0.0,0.0,0.0,0.0,0.0,0.0,0.0,0.0,0.0,0.0,0.0,0.0,0.0,0.0,0.0,0.4999999999946487,-1.387778780772354e-14,3.053113317699179e-14,0.5,0.0,0.0,-5.3512749786932545e-12,-1.387778780772354e-14,3.053113317699179e-14,5.351380068793096e-12
-1,3.080000000003243,0.010000000000065512,0.777593831111046,0.002009962507441482,-0.0023345821587714664,0.7168550067363216,-0.20201389344383588,0.044933952641829415,1.4944488378473677,-0.2000039309363944,0.04259937048305795,0.5,0.0,0.0,0.0,0.0,0.0,0.0,0.0,0.0,0.0,0.0,0.0,0.0,0.0,0.0,0.0,0.49999999999482636,1.1102230246178832e-14,-8.326672684634124e-15,0.5,0.0,0.0,-5.1736392947532295e-12,1.1102230246178832e-14,-8.326672684634124e-15,5.1736579076325805e-12
-1,3.0900000000033083,0.010000000000065512,0.7825938311110262,0.002009962507441482,-0.0023345821587714664,0.7168550067363239,-0.20201389344383586,0.044933952641829214,1.49944883784735,-0.20000393093639438,0.042599370483057744,0.5,0.0,0.0,0.0,0.0,0.0,0.0,0.0,0.0,0.0,0.0,0.0,0.0,0.0,0.0,0.0,0.4999999999949596,2.775557561544708e-15,-2.081668171158531e-14,0.5,0.0,0.0,-5.040412531798211e-12,2.775557561544708e-15,-2.081668171158531e-14,5.04045628179292e-12
-1,3.100000000003374,0.010000000000065512,0.7875938311110064,0.002009962507441482,-0.0023345821587714664,0.7168550067363227,-0.20201389344383572,0.044933952641829464,1.5044488378473293,-0.20000393093639424,0.042599370483057994,0.5,0.0,0.0,0.0,0.0,0.0,0.0,0.0,0.0,0.0,0.0,0.0,0.0,0.0,0.0,0.0,0.4999999999946487,1.387778780772354e-14,2.4980018053902375e-14,0.5,0.0,0.0,-5.3512749786932545e-12,1.387778780772354e-14,2.4980018053902375e-14,5.351351277190174e-12
-1,3.1100000000034393,0.010000000000065512,0.7925938311109867,0.002009962507441482,-0.0023345821587714664,0.716855006736322,-0.20201389344383577,0.044933952641829186,1.5094488378473088,-0.2000039309363943,0.042599370483057716,0.5,0.0,0.0,0.0,0.0,0.0,0.0,0.0,0.0,0.0,0.0,0.0,0.0,0.0,0.0,0.0,0.49999999999467093,-5.551115123089416e-15,-2.775557561544708e-14,0.5,0.0,0.0,-5.329070518200751e-12,-5.551115123089416e-15,-2.775557561544708e-14,5.329145689021204e-12
-1,3.120000000003505,0.010000000000065512,0.7932465515333598,0.004837369157616203,-0.002473664624434199,0.7255495658915373,-0.2076687067441852,0.04521211757315444,1.518796117424897,-0.202831337586569,0.04273845294872024,0.5,0.0,0.0,0.0,0.0,0.0,0.0,0.0,0.0,0.0,0.0,0.0,0.0,0.0,0.0,0.0,0.934727957752695,-0.28274066501561734,0.013908246566160997,0.5,0.0,0.0,0.434727957752695,-0.28274066501561734,0.013908246566160997,0.5187717419326612
-1,3.1300000000035704,0.010000000000065512,0.79824655153334,0.004837369157616203,-0.002473664624434199,0.7255495658915382,-0.20766870674418494,0.04521211757315513,1.5237961174248782,-0.20283133758656874,0.04273845294872093,0.5,0.0,0.0,0.0,0.0,0.0,0.0,0.0,0.0,0.0,0.0,0.0,0.0,0.0,0.0,0.0,0.49999999999484857,2.4980018053902375e-14,6.93889390386177e-14,0.5,0.0,0.0,-5.151434834260726e-12,2.4980018053902375e-14,6.93889390386177e-14,5.15196270151461e-12
-1,3.140000000003636,0.010000000000065512,0.7964904098468802,0.0035619092875427347,-0.0027977596246919765,0.7390618492644192,-0.20511778700403824,0.045860307573670336,1.5355522591112996,-0.2015558777164955,0.04306254794897836,0.5,0.0,0.0,0.0,0.0,0.0,0.0,0.0,0.0,0.0,0.0,0.0,0.0,0.0,0.0,0.0,1.1756141686344346,0.12754598700648864,0.03240950002553062,0.5,0.0,0.0,0.6756141686344346,0.12754598700648864,0.03240950002553062,0.6883116004782736
-1,3.1500000000037014,0.010000000000065512,0.797170088110467,0.0010763691673953855,-0.0060572344853339075,0.7477024927372071,-0.20014670676374383,0.05237925729495413,1.5448725808476742,-0.19907033759634843,0.04632202280962022,0.5,0.0,0.0,0.0,0.0,0.0,0.0,0.0,0.0,0.0,0.0,0.0,0.0,0.0,0.0,0.0,0.9320321736313589,0.2485540120130784,0.3259474860620508,0.5,0.0,0.0,0.43203217363135893,0.2485540120130784,0.3259474860620508,0.5955440030850827
-1,3.160000000003767,0.010000000000065512,0.7955379211456522,0.0007917263179030593,-0.0018411140260931487,0.7609668266667992,-0.19957742106475918,0.04394701637647251,1.5565047478124514,-0.19878569474685612,0.042105902350379365,0.5,0.0,0.0,0.0,0.0,0.0,0.0,0.0,0.0,0.0,0.0,0.0,0.0,0.0,0.0,0.0,1.1632166964700996,0.02846428494904467,-0.4216120459213237,0.5,0.0,0.0,0.6632166964700996,0.02846428494904467,-0.4216120459213237,0.7863989568026759
-1,3.1700000000038324,0.010000000000065512,0.7927591400286728,-0.002102875515542528,0.0007562607581854053,0.7765243889007202,-0.19378821739786797,0.03875226680791567,1.569283528929393,-0.1958910929134105,0.03950852756610108,0.5,0.0,0.0,0.0,0.0,0.0,0.0,0.0,0.0,0.0,0.0,0.0,0.0,0.0,0.0,0.0,1.2778781116857811,0.28946018334266516,-0.25973747842612716,0.5,0.0,0.0,0.7778781116857811,0.28946018334266516,-0.25973747842612716,0.8696810404279082
-1,3.180000000003898,0.010000000000065512,0.797759140028653,-0.002102875515542528,0.0007562607581854053,0.77652438890072,-0.19378821739786786,0.03875226680791519,1.574283528929373,-0.1958910929134104,0.03950852756610059,0.5,0.0,0.0,0.0,0.0,0.0,0.0,0.0,0.0,0.0,0.0,0.0,0.0,0.0,0.0,0.0,0.49999999999473754,1.1102230246178832e-14,-4.857225732703239e-14,0.5,0.0,0.0,-5.262457136723242e-12,1.1102230246178832e-14,-4.857225732703239e-14,5.262693002593602e-12
-1,3.1900000000039634,0.010000000000065512,0.8027591400286332,-0.002102875515542528,0.0007562607581854053,0.7765243889007198,-0.19378821739786803,0.038752266807915964,1.579283528929353,-0.19589109291341056,0.03950852756610137,0.5,0.0,0.0,0.0,0.0,0.0,0.0,0.0,0.0,0.0,0.0,0.0,0.0,0.0,0.0,0.0,0.49999999999471534,-1.665334536926825e-14,7.771561172325182e-14,0.5,0.0,0.0,-5.284661597215745e-12,-1.665334536926825e-14,7.771561172325182e-14,5.285259241258122e-12
-1,3.200000000004029,0.010000000000065512,0.7977074534897683,-0.00272340643763785,0.006857320550687286,0.7966277619784137,-0.19254715555367727,0.02655014722291191,1.594335215468182,-0.19527056199131512,0.033407467773599195,0.5,0.0,0.0,0.0,0.0,0.0,0.0,0.0,0.0,0.0,0.0,0.0,0.0,0.0,0.0,0.0,1.505168653873044,0.06205309220913706,-0.6101059792462205,0.5,0.0,0.0,1.005168653873044,0.06205309220913706,-0.6101059792462205,1.1774735304428938
-1,3.2100000000040945,0.010000000000065512,0.8027074534897486,-0.00272340643763785,0.006857320550687286,0.7966277619784148,-0.19254715555367732,0.026550147222912036,1.5993352154681633,-0.19527056199131518,0.03340746777359932,0.5,0.0,0.0,0.0,0.0,0.0,0.0,0.0,0.0,0.0,0.0,0.0,0.0,0.0,0.0,0.0,0.49999999999484857,-5.551115123089416e-15,1.2490009026951187e-14,0.5,0.0,0.0,-5.151434834260726e-12,-5.551115123089416e-15,1.2490009026951187e-14,5.1514529665754925e-12
-1,3.22000000000416,0.010000000000065512,0.7999869379848003,-0.0023057408681399303,0.008670825396325701,0.8120687929882774,-0.19338248669267274,0.022923137531634948,1.6120557309730776,-0.19568822756081267,0.03159396292796065,0.5,0.0,0.0,0.0,0.0,0.0,0.0,0.0,0.0,0.0,0.0,0.0,0.0,0.0,0.0,0.0,1.272051550483104,-0.041766556949475224,-0.181350484562679,0.5,0.0,0.0,0.772051550483104,-0.041766556949475224,-0.181350484562679,0.7941637363503178
-1,3.2300000000042255,0.010000000000065512,0.8049869379847805,-0.0023057408681399303,0.008670825396325701,0.8120687929882758,-0.19338248669267247,0.02292313753163485,1.6170557309730564,-0.1956882275608124,0.03159396292796055,0.5,0.0,0.0,0.0,0.0,0.0,0.0,0.0,0.0,0.0,0.0,0.0,0.0,0.0,0.0,0.0,0.4999999999946043,2.775557561544708e-14,-9.714451465406478e-15,0.5,0.0,0.0,-5.395683899678261e-12,2.775557561544708e-14,-9.714451465406478e-15,5.395764031885774e-12
-1,3.240000000004291,0.010000000000065512,0.8023137104363844,-0.0015707580112358933,0.005359724207294892,0.8274152480850305,-0.19485245240648075,0.029545339909696627,1.629728958521415,-0.19642321041771665,0.03490506411699152,0.5,0.0,0.0,0.0,0.0,0.0,0.0,0.0,0.0,0.0,0.0,0.0,0.0,0.0,0.0,0.0,1.267322754827551,-0.07349828568994499,0.3311101189009277,0.5,0.0,0.0,0.767322754827551,-0.07349828568994499,0.3311101189009277,0.8389398780091987
-1,3.2500000000043565,0.010000000000065512,0.79692530088923,-0.0035909231507323877,0.0017952039402292365,0.8481920671793034,-0.1908121221274879,0.036674380443827634,1.6451173680685334,-0.1944030452782203,0.03846958438405687,0.5,0.0,0.0,0.0,0.0,0.0,0.0,0.0,0.0,0.0,0.0,0.0,0.0,0.0,0.0,0.0,1.5388409547017585,0.2020165139483115,0.35645202670419984,0.5,0.0,0.0,1.0388409547017585,0.2020165139483115,0.35645202670419984,1.1167180702464794
-1,3.260000000004422,0.010000000000065512,0.7917741599206429,-0.008377404768280357,0.005056623037602717,0.8684943491164411,-0.1812391588923915,0.0301515422490808,1.660268509037084,-0.18961656366067187,0.03520816528668352,0.5,0.0,0.0,0.0,0.0,0.0,-6.359377047750364,-5.912838744045207,1.9890582412901956,6.359377047750364,5.912838744045207,-1.9890582412901956,0.0,0.0,0.0,0.0,1.5151140968451267,0.4786481617517081,-0.3261419097351988,0.5,0.0,0.0,1.0151140968451267,0.4786481617517081,-0.3261419097351988,1.168729753898526
-1,3.2700000000044875,0.010000000000065512,0.7951808363711044,-0.009880428361607812,0.005562497833815412,0.8716809962154793,-0.17823311170573683,0.029139792656656015,1.6668618325865836,-0.18811354006734465,0.034702290490471424,0.5,0.0,0.0,0.0,0.0,0.0,0.0,0.0,0.0,0.0,0.0,0.0,0.0,0.0,0.0,0.0,0.6593323549456513,0.15030235933173663,-0.05058747962087786,0.5,0.0,0.0,0.15933235494565134,0.15030235933173663,-0.05058747962087786,0.22480367356341452
-1,3.280000000004553,0.010000000000065512,0.8001808363710846,-0.009880428361607812,0.005562497833815412,0.8716809962154811,-0.17823311170573689,0.02913979265665589,1.6718618325865657,-0.1881135400673447,0.0347022904904713,0.5,0.0,0.0,0.0,0.0,0.0,0.0,0.0,0.0,0.0,0.0,0.0,0.0,0.0,0.0,0.0,0.4999999999949374,-5.551115123089416e-15,-1.2490009026951187e-14,0.5,0.0,0.0,-5.062616992290714e-12,-5.551115123089416e-15,-1.2490009026951187e-14,5.062635442715116e-12
-1,3.2900000000046186,0.010000000000065512,0.7982222510535862,-0.013312858197869655,0.002731389103212691,0.8855981668504381,-0.17136825203321335,0.03480201011786119,1.6838204179040244,-0.184681110231083,0.037533399221073876,0.5,0.0,0.0,0.0,0.0,0.0,0.0,0.0,0.0,0.0,0.0,0.0,0.0,0.0,0.0,0.0,1.1958585317380293,0.3432429836239227,0.283110873058403,0.5,0.0,0.0,0.6958585317380293,0.3432429836239227,0.283110873058403,0.8259458871158264
-1,3.300000000004684,0.010000000000065512,0.8003752600623405,-0.013344726670597301,0.0020195570984391205,0.8912921488328905,-0.17130451508775785,0.036225674127408326,1.691667408895231,-0.18464924175835515,0.03824523122584745,0.5,0.0,0.0,0.0,0.0,0.0,0.0,0.0,0.0,0.0,0.0,0.0,0.0,0.0,0.0,0.0,0.7846990991155263,0.003186847272763854,0.07118320047689096,0.5,0.0,0.0,0.28469909911552627,0.003186847272763854,0.07118320047689096,0.2934804611262314
-1,3.3100000000047496,0.010000000000065512,0.8053752600623207,-0.013344726670597301,0.0020195570984391205,0.8912921488328897,-0.17130451508775793,0.036225674127408264,1.6966674088952103,-0.18464924175835523,0.03824523122584739,0.5,0.0,0.0,0.0,0.0,0.0,0.0,0.0,0.0,0.0,0.0,0.0,0.0,0.0,0.0,0.0,0.4999999999946487,-8.326672684634124e-15,-6.245004513475594e-15,0.5,0.0,0.0,-5.3512749786932545e-12,-8.326672684634124e-15,-6.245004513475594e-15,5.351285100903134e-12
-1,3.320000000004815,0.010000000000065512,0.7958974784216215,-0.010646020504932971,-0.0008733708979941085,0.9202477121142528,-0.17670192741908625,0.04201153012027485,1.7161451905358742,-0.1873479479240192,0.04113815922228074,0.5,0.0,0.0,0.0,0.0,0.0,0.0,0.0,0.0,0.0,0.0,0.0,0.0,0.0,0.0,0.0,1.9477781640536336,-0.2698706165646298,0.2892927996414404,0.5,0.0,0.0,1.4477781640536336,-0.2698706165646298,0.2892927996414404,1.5008604485160724
-1,3.3300000000048806,0.010000000000065512,0.799963703559974,-0.010223038754768168,-0.0013980539962566445,0.9221152618375079,-0.17754789091941575,0.04306089631679971,1.722078965397482,-0.1877709296741839,0.04166284232054307,0.5,0.0,0.0,0.0,0.0,0.0,0.0,0.0,0.0,0.0,0.0,0.0,0.0,0.0,0.0,0.0,0.5933774861568859,-0.0422981750161926,0.05246830982588895,0.5,0.0,0.0,0.0933774861568859,-0.0422981750161926,0.05246830982588895,0.11515821319673795
-1,3.340000000004946,0.010000000000065512,0.7994894308821101,-0.011938083603317431,-0.001106234982457961,0.9330638071931994,-0.17411780122231726,0.042477258289202284,1.7325532380753095,-0.1860558848256347,0.041371023306744324,0.5,0.0,0.0,0.0,0.0,0.0,0.0,0.0,0.0,0.0,0.0,0.0,0.0,0.0,0.0,0.0,1.0474272677758905,0.17150448485379663,-0.02918190137968338,0.5,0.0,0.0,0.5474272677758905,0.17150448485379663,-0.02918190137968338,0.5744057670303078
-1,3.3500000000050116,0.010000000000065512,0.7833042216610542,-0.019912918089689216,0.0052919975543108,0.9754342256352795,-0.15816813224957377,0.029680793215665004,1.7587384472963337,-0.17808105033926297,0.0349727907699758,0.5,0.0,0.0,0.0,0.0,0.0,0.0,0.0,0.0,0.0,0.0,0.0,0.0,0.0,0.0,0.0,2.6185209220852643,0.797483448631949,-0.6398232536726606,0.5,0.0,0.0,2.1185209220852643,0.797483448631949,-0.6398232536726606,2.352335976023658
-1,3.360000000005077,0.010000000000065512,0.774462972544427,-0.020356386043502327,0.006357823182806293,1.0031167238684966,-0.15728119634194745,0.027549141958674,1.7775796964129236,-0.17763758238544977,0.0339069651414803,0.5,0.0,0.0,0.0,0.0,0.0,0.0,0.0,0.0,0.0,0.0,0.0,0.0,0.0,0.0,0.0,1.8841249116466476,0.04434679538102928,-0.10658256284885226,0.5,0.0,0.0,1.3841249116466476,0.04434679538102928,-0.10658256284885226,1.388930614539415
-1,3.3700000000051427,0.010000000000065512,0.7734548458216747,-0.01841736005019958,0.007587300016106693,1.015132977313964,-0.16115924832855308,0.02509018829207298,1.7885878231356385,-0.17957660837875267,0.032677488308179674,0.5,0.0,0.0,0.0,0.0,0.0,0.0,0.0,0.0,0.0,0.0,0.0,0.0,0.0,0.0,0.0,1.100812672264278,-0.19390259932901924,-0.12294768332925686,0.5,0.0,0.0,0.6008126722642779,-0.19390259932901924,-0.12294768332925686,0.643187544978853
-1,3.380000000005208,0.010000000000065512,0.7756392103309525,-0.018600836514355772,0.006668625212749697,1.0207642482953694,-0.16079229540024073,0.02692753789878693,1.796403458626322,-0.1793931319145965,0.033596163111536625,0.5,0.0,0.0,0.0,0.0,0.0,0.0,0.0,0.0,0.0,0.0,0.0,0.0,0.0,0.0,0.0,0.7815635490632334,0.01834764641549717,0.09186748033509333,0.5,0.0,0.0,0.28156354906323344,0.01834764641549717,0.09186748033509333,0.2967394517639856
-1,3.3900000000052737,0.010000000000065512,0.769286033589274,-0.015190235291917285,0.008747446890422917,1.0434706017786866,-0.1676134978451176,0.02276989454344068,1.8127566353679607,-0.18280373313703488,0.031517341433863595,0.5,0.0,0.0,0.0,0.0,0.0,0.0,0.0,0.0,0.0,0.0,0.0,0.0,0.0,0.0,0.0,1.6353176741531588,-0.34106012224160426,-0.20788216776594115,0.5,0.0,0.0,1.1353176741531588,-0.34106012224160426,-0.20788216776594115,1.2035294860962331
-1,3.400000000005339,0.010000000000065512,0.7694110276238703,-0.014667707149927123,0.014098710537140895,1.0532206137094584,-0.16865855412909828,0.012067367250004665,1.8226316413333286,-0.1833262612790254,0.02616607778714556,0.5,0.0,0.0,0.0,0.0,0.0,0.0,0.0,0.0,0.0,0.0,0.0,0.0,0.0,0.0,0.0,0.9875005965303141,-0.05225281419871016,-0.5351263646682978,0.5,0.0,0.0,0.4875005965303141,-0.05225281419871016,-0.5351263646682978,0.7257736660779345
-1,3.4100000000054047,0.010000000000065512,0.7744110276238505,-0.014667707149927123,0.014098710537140895,1.0532206137094595,-0.1686585541290978,0.012067367250004502,1.82763164133331,-0.18332626127902493,0.026166077787145397,0.5,0.0,0.0,0.0,0.0,0.0,0.0,0.0,0.0,0.0,0.0,0.0,0.0,0.0,0.0,0.0,0.49999999999487077,4.718447854626004e-14,-1.630640067407516e-14,0.5,0.0,0.0,-5.129230373768223e-12,4.718447854626004e-14,-1.630640067407516e-14,5.129473316131504e-12
-1,3.42000000000547,0.010000000000065512,0.7737760322407274,-0.01144974199891936,0.01248931607833108,1.064490604475669,-0.17509448443111353,0.015286156167624375,1.8382666367163965,-0.18654422643003288,0.027775472245955453,0.5,0.0,0.0,0.0,0.0,0.0,0.0,0.0,0.0,0.0,0.0,0.0,0.0,0.0,0.0,0.0,1.063499538301676,-0.3217965150986864,0.16093944587995127,0.5,0.0,0.0,0.5634995383016761,-0.3217965150986864,0.16093944587995127,0.6685702895253475
-1,3.4300000000055357,0.010000000000065512,0.7753438662344845,-0.009814897034078507,0.009861958550259758,1.071354936488117,-0.17836417436079544,0.020540871223767024,1.8466988027226015,-0.18817907139487394,0.030402829774026783,0.5,0.0,0.0,0.0,0.0,0.0,0.0,0.0,0.0,0.0,0.0,0.0,0.0,0.0,0.0,0.0,0.8432166006149758,-0.16348449648303542,0.2627357528054118,0.5,0.0,0.0,0.34321660061497583,-0.16348449648303542,0.2627357528054118,0.4621199966786093
-1,3.4400000000056012,0.010000000000065512,0.7803438662344647,-0.009814897034078507,0.009861958550259758,1.0713549364881185,-0.17836417436079532,0.020540871223767136,1.8516988027225834,-0.18817907139487383,0.030402829774026894,0.5,0.0,0.0,0.0,0.0,0.0,0.0,0.0,0.0,0.0,0.0,0.0,0.0,0.0,0.0,0.0,0.4999999999949152,1.1102230246178832e-14,1.1102230246178832e-14,0.5,0.0,0.0,-5.084821452783217e-12,1.1102230246178832e-14,1.1102230246178832e-14,5.084845693402829e-12
-1,3.4500000000056668,0.010000000000065512,0.7831559003501821,-0.007229417002874925,0.012197336326340588,1.0757308682566467,-0.18353513442320252,0.0158701156716054,1.8588867686068289,-0.19076455142607746,0.02806745199794599,0.5,0.0,0.0,0.0,0.0,0.0,0.0,0.0,0.0,0.0,0.0,0.0,0.0,0.0,0.0,0.0,0.7187965884198438,-0.2585480031186686,-0.23353777760656044,0.5,0.0,0.0,0.21879658841984384,-0.2585480031186686,-0.23353777760656044,0.41141087806501286
-1,3.4600000000057323,0.010000000000065512,0.7881559003501624,-0.007229417002874925,0.012197336326340588,1.0757308682566473,-0.18353513442320246,0.015870115671605296,1.8638867686068097,-0.1907645514260774,0.028067451997945886,0.5,0.0,0.0,0.0,0.0,0.0,0.0,0.0,0.0,0.0,0.0,0.0,0.0,0.0,0.0,0.0,0.49999999999480416,5.551115123089416e-15,-1.0408340855792655e-14,0.5,0.0,0.0,-5.195843755245733e-12,5.551115123089416e-15,-1.0408340855792655e-14,5.1958571455886426e-12
-1,3.470000000005798,0.010000000000065512,0.78262815560578,-0.010495640136049825,0.013499138045031377,1.0967863577453731,-0.17700268815685324,0.013266512234223567,1.8794145133511533,-0.18749832829290308,0.026765650279254944,0.5,0.0,0.0,0.0,0.0,0.0,0.0,0.0,0.0,0.0,0.0,0.0,0.0,0.0,0.0,0.0,1.5527744744241871,0.32662231331529196,-0.13018017186824135,0.5,0.0,0.0,1.0527744744241871,0.32662231331529196,-0.13018017186824135,1.1099383346394525
-1,3.4800000000058633,0.010000000000065512,0.780873907519275,-0.008293713073098962,0.011854375211073714,1.1102948539183477,-0.18140654228275468,0.016556037902138894,1.8911687614376227,-0.18970025535585364,0.02841041311321261,0.5,0.0,0.0,0.0,0.0,0.0,0.0,0.0,0.0,0.0,0.0,0.0,0.0,0.0,0.0,0.0,1.1754248086392405,-0.22019270629361284,0.16447628339468892,0.5,0.0,0.0,0.6754248086392405,-0.22019270629361284,0.16447628339468892,0.7292022681187915
-1,3.490000000005929,0.010000000000065512,0.7838705398108481,-0.007620146183877214,0.012235027563646656,1.1143015893351618,-0.18275367606119758,0.01579473319699323,1.8981721291460099,-0.1903738222450748,0.028029760760639885,0.5,0.0,0.0,0.0,0.0,0.0,0.0,0.0,0.0,0.0,0.0,0.0,0.0,0.0,0.0,0.0,0.7003367708341285,-0.06735668892167428,-0.03806523525702295,0.5,0.0,0.0,0.20033677083412849,-0.06735668892167428,-0.03806523525702295,0.21475732217065338
-1,3.5000000000059943,0.010000000000065512,0.7775022093061456,-0.007235750035631923,0.01439192046618381,1.1370382503445298,-0.18352246835768785,0.01148094739191897,1.9145404596506754,-0.19075821839331977,0.025872867858102777,0.5,0.0,0.0,0.0,0.0,0.0,0.0,0.0,0.0,0.0,0.0,0.0,0.0,0.0,0.0,0.0,1.6368330504558342,-0.038439614824246265,-0.21568929025229777,0.5,0.0,0.0,1.1368330504558342,-0.038439614824246265,-0.21568929025229777,1.1577516393968499
-1,3.51000000000606,0.010000000000065512,0.7717490303204065,-0.00896415917868865,0.010184275564016503,1.1585446083159703,-0.18006565007157493,0.01989623719625354,1.930293638636377,-0.18902980925026358,0.03008051276027004,0.5,0.0,0.0,0.0,0.0,0.0,0.0,0.0,0.0,0.0,0.0,0.0,0.0,0.0,0.0,0.0,1.5753178985598297,0.1728409143044869,0.42076449021396994,0.5,0.0,0.0,1.0753178985598297,0.1728409143044869,0.42076449021396994,1.1675724049692855
-1,3.5200000000061253,0.010000000000065512,0.7692865677221606,-0.010164933402320006,0.014945111966452443,1.1734695335124279,-0.17766410162431212,0.01037456439138147,1.9427561012345884,-0.18782903502663212,0.025319676357833915,0.5,0.0,0.0,0.0,0.0,0.0,0.0,0.0,0.0,0.0,0.0,0.0,0.0,0.0,0.0,0.0,1.2462462598129844,0.12007742236235958,-0.47608364024049377,0.5,0.0,0.0,0.7462462598129844,0.12007742236235958,-0.47608364024049377,0.8932847811032586
-1,3.530000000006191,0.010000000000065512,0.771016937956133,-0.008261048501683512,0.016639484923399662,1.1800087930444463,-0.1814718714255847,0.006985818477487034,1.9510257310005792,-0.18973291992726823,0.023625303400886696,0.5,0.0,0.0,0.0,0.0,0.0,0.0,0.0,0.0,0.0,0.0,0.0,0.0,0.0,0.0,0.0,0.8269629765936596,-0.1903884900623643,-0.16943729569361188,0.5,0.0,0.0,0.3269629765936596,-0.1903884900623643,-0.16943729569361188,0.41456189210198446
-1,3.5400000000062564,0.010000000000065512,0.7640138683123163,-0.010281452905892986,0.016688076224201865,1.2040149323320455,-0.17743106261716607,0.0068886358758826535,1.9680288006443618,-0.18771251552305906,0.023576712100084517,0.5,0.0,0.0,0.0,0.0,0.0,0.0,0.0,0.0,0.0,0.0,0.0,0.0,0.0,0.0,0.0,1.700306964367123,0.20204044041959335,-0.004859130080186058,0.5,0.0,0.0,1.200306964367123,0.20204044041959335,-0.004859130080186058,1.2172020207912477
-1,3.550000000006322,0.010000000000065512,0.7636522740941137,-0.012571235546183323,0.015857036205599237,1.2144243658360483,-0.17305903516880622,0.008349923935160037,1.978076639930162,-0.18563027071498955,0.024206960140759272,0.5,0.0,0.0,0.0,0.0,0.0,0.0,0.0,0.0,0.0,0.0,0.0,0.0,0.0,0.0,0.0,1.0047839285734284,0.20822448080558698,0.06302480406706262,0.5,0.0,0.0,0.5047839285734284,0.20822448080558698,0.06302480406706262,0.5496693323084997
-1,3.5600000000063874,0.010000000000065512,0.7560764764474845,-0.012606805330210793,0.015591228619493936,1.239575961129271,-0.17298789560075167,0.008881539107370507,1.9956524375767555,-0.18559470093096248,0.024472767726864443,0.5,0.0,0.0,0.0,0.0,0.0,0.0,0.0,0.0,0.0,0.0,0.0,0.0,0.0,0.0,0.0,1.7575797646478417,0.003556978402684553,0.026580758610342984,0.5,0.0,0.0,1.2575797646478417,0.003556978402684553,0.026580758610342984,1.257865673780543
-1,3.570000000006453,0.010000000000065512,0.7571425618584481,-0.00899719023076501,0.01625025079887254,1.2474437903073043,-0.18020712579964215,0.0075634947486132465,2.0045863521657523,-0.18920431603040716,0.023813745547485783,0.5,0.0,0.0,0.0,0.0,0.0,0.0,0.0,0.0,0.0,0.0,0.0,0.0,0.0,0.0,0.0,0.8933914588938311,-0.3609615099421038,-0.06590221793743425,0.5,0.0,0.0,0.3933914588938311,-0.3609615099421038,-0.06590221793743425,0.5379527432027588
-1,3.5800000000065184,0.010000000000065512,0.7621425618584283,-0.00899719023076501,0.01625025079887254,1.2474437903073068,-0.18020712579964301,0.007563494748613566,2.0095863521657353,-0.18920431603040802,0.023813745547486102,0.5,0.0,0.0,0.0,0.0,0.0,0.0,0.0,0.0,0.0,0.0,0.0,0.0,0.0,0.0,0.0,0.4999999999950262,-8.604228440788596e-14,3.1918911957764146e-14,0.5,0.0,0.0,-4.973799150320701e-12,-8.604228440788596e-14,3.1918911957764146e-14,4.974645724006647e-12
-1,3.590000000006584,0.010000000000065512,0.7647155362821356,-0.010531714477096677,0.018768020468161475,1.2522978414598531,-0.17713807730697925,0.002527955410035488,2.0170133777419887,-0.18766979178407592,0.02129597587819696,0.5,0.0,0.0,0.0,0.0,0.0,0.0,0.0,0.0,0.0,0.0,0.0,0.0,0.0,0.0,0.0,0.7427025576204754,0.153452424632205,-0.25177696692726464,0.5,0.0,0.0,0.24270255762047543,0.153452424632205,-0.25177696692726464,0.38189503685713916
-1,3.6000000000066494,0.010000000000065512,0.7697155362821159,-0.010531714477096677,0.018768020468161475,1.2522978414598522,-0.17713807730697956,0.002527955410035676,2.022013377741968,-0.18766979178407622,0.021295975878197152,0.5,0.0,0.0,0.0,0.0,0.0,0.0,0.0,0.0,0.0,0.0,0.0,0.0,0.0,0.0,0.0,0.49999999999467093,-3.053113317699179e-14,1.908195823561987e-14,0.5,0.0,0.0,-5.329070518200751e-12,-3.053113317699179e-14,1.908195823561987e-14,5.329192139450369e-12
-1,3.610000000006715,0.010000000000065512,0.7747155362820961,-0.010531714477096677,0.018768020468161475,1.2522978414598527,-0.1771380773069795,0.002527955410035396,2.027013377741949,-0.18766979178407617,0.02129597587819687,0.5,0.0,0.0,0.0,0.0,0.0,0.0,0.0,0.0,0.0,0.0,0.0,0.0,0.0,0.0,0.0,0.49999999999480416,5.551115123089416e-15,-2.810252031064017e-14,0.5,0.0,0.0,-5.195843755245733e-12,5.551115123089416e-15,-2.810252031064017e-14,5.195922718387273e-12
-1,3.6200000000067805,0.010000000000065512,0.7773877418072663,-0.008429472860715357,0.017677581369365168,1.2569534304094752,-0.18134256053974188,0.004708833607628187,2.0343411722167417,-0.18977203340045723,0.022386414976993355,0.5,0.0,0.0,0.0,0.0,0.0,0.0,0.0,0.0,0.0,0.0,0.0,0.0,0.0,0.0,0.0,0.7327794474744698,-0.21022416163672897,0.10904390987893398,0.5,0.0,0.0,0.23277944747446977,-0.21022416163672897,0.10904390987893398,0.3320708412132418
-1,3.630000000006846,0.010000000000065512,0.7746618779238853,-0.008042856055161505,0.019237881015403364,1.2724051581762021,-0.18211579415084977,0.0015882343155517943,2.0470670361000876,-0.19015865020601128,0.02082611533095516,0.5,0.0,0.0,0.0,0.0,0.0,0.0,0.0,0.0,0.0,0.0,0.0,0.0,0.0,0.0,0.0,1.2725863883262476,-0.03866168055515136,-0.15602996460279744,0.5,0.0,0.0,0.7725863883262476,-0.03866168055515136,-0.15602996460279744,0.7891323100876647
-1,3.6400000000069115,0.010000000000065512,0.7781891979461916,-0.007447473398514852,0.01916332883145785,1.2753505181315499,-0.18330655946414273,0.0017373386834426238,2.0535397160777413,-0.19075403286265757,0.020900667514900474,0.5,0.0,0.0,0.0,0.0,0.0,0.0,0.0,0.0,0.0,0.0,0.0,0.0,0.0,0.0,0.0,0.6472679977611369,-0.05953826566423978,0.007455218394482747,0.5,0.0,0.0,0.14726799776113686,-0.05953826566423978,0.007455218394482747,0.15902279246758697
-1,3.650000000006977,0.010000000000065512,0.7831891979461718,-0.007447473398514852,0.01916332883145785,1.2753505181315503,-0.18330655946414268,0.0017373386834426958,2.058539716077722,-0.19075403286265752,0.020900667514900547,0.5,0.0,0.0,0.0,0.0,0.0,0.0,0.0,0.0,0.0,0.0,0.0,0.0,0.0,0.0,0.0,0.49999999999480416,5.551115123089416e-15,7.285838599054859e-15,0.5,0.0,0.0,-5.195843755245733e-12,5.551115123089416e-15,7.285838599054859e-15,5.195851828838971e-12
-1,3.6600000000070425,0.010000000000065512,0.7860134053991038,-0.007973994232797705,0.020443196191631447,1.2797021032256484,-0.18225351779557744,-0.0008223960369043748,2.065715508624752,-0.19022751202837515,0.019620800154727072,0.5,0.0,0.0,0.0,0.0,0.0,0.0,0.0,0.0,0.0,0.0,0.0,0.0,0.0,0.0,0.0,0.7175792546982925,0.05265208342789186,-0.12798673601650903,0.5,0.0,0.0,0.21757925469829253,0.05265208342789186,-0.12798673601650903,0.2578634882268556
-1,3.670000000007108,0.010000000000065512,0.791013405399084,-0.007973994232797705,0.020443196191631447,1.2797021032256475,-0.18225351779557777,-0.0008223960369044085,2.0707155086247315,-0.19022751202837548,0.019620800154727037,0.5,0.0,0.0,0.0,0.0,0.0,0.0,0.0,0.0,0.0,0.0,0.0,0.0,0.0,0.0,0.0,0.49999999999467093,-3.33066907385365e-14,-3.469446951930885e-15,0.5,0.0,0.0,-5.329070518200751e-12,-3.33066907385365e-14,-3.469446951930885e-15,5.329175729947975e-12
-1,3.6800000000071735,0.010000000000065512,0.7893527374597863,-0.006978737676910823,0.014604632707585663,1.293023439104208,-0.18424403090735073,0.010854730931187202,2.082376176563994,-0.19122276858426154,0.025459363638772867,0.5,0.0,0.0,0.0,0.0,0.0,0.0,0.0,0.0,0.0,0.0,0.0,0.0,0.0,0.0,0.0,1.1660667939186178,-0.09952565558795393,0.583856348400758,0.5,0.0,0.0,0.6660667939186178,-0.09952565558795393,0.583856348400758,0.8913128326514242
-1,3.690000000007239,0.010000000000065512,0.7909915238252854,-0.007045915170339483,0.016869017553319824,1.2997458663731727,-0.18410967592049376,0.006325961239718807,2.0907373901984583,-0.19115559109083324,0.023194978793038633,0.5,0.0,0.0,0.0,0.0,0.0,0.0,0.0,0.0,0.0,0.0,0.0,0.0,0.0,0.0,0.0,0.8361213634409406,0.006717749342785973,-0.22643848457193994,0.5,0.0,0.0,0.33612136344094057,0.006717749342785973,-0.22643848457193994,0.4053357699646875
-1,3.7000000000073046,0.010000000000065512,0.7952396919364826,-0.010360867162925235,0.0179089781735866,1.301249530150737,-0.17747977193532222,0.004246039999185214,2.0964892220872198,-0.18784063909824744,0.022155018172771813,0.5,0.0,0.0,0.0,0.0,0.0,0.0,0.0,0.0,0.0,0.0,0.0,0.0,0.0,0.0,0.0,0.5751831888723813,0.33149519925640847,-0.1039960620260007,0.5,0.0,0.0,0.07518318887238129,0.33149519925640847,-0.1039960620260007,0.3554669603999532
-1,3.71000000000737,0.010000000000065512,0.7954428817446277,-0.00952595514679074,0.0203690953576296,1.3108431505344111,-0.1791495959675917,-0.0006741943689008087,2.106286032279039,-0.18867555111438244,0.01969490098872879,0.5,0.0,0.0,0.0,0.0,0.0,0.0,0.0,0.0,0.0,0.0,0.0,0.0,0.0,0.0,0.0,0.9796810191754924,-0.08349120161295336,-0.24601171840269048,0.5,0.0,0.0,0.47968101917549244,-0.08349120161295336,-0.24601171840269048,0.5455148270170652
-1,3.7200000000074356,0.010000000000065512,0.7938692535516784,-0.00915698187311399,0.016981978458108636,1.3239904069202724,-0.17988754251494488,0.006100039430141152,2.1178596604719506,-0.18904452438805885,0.02308201788824979,0.5,0.0,0.0,0.0,0.0,0.0,0.0,0.0,0.0,0.0,0.0,0.0,0.0,0.0,0.0,0.0,1.1573628192835923,-0.03689732736739923,0.3387116899498809,0.5,0.0,0.0,0.6573628192835923,-0.03689732736739923,0.3387116899498809,0.740414004359746
-1,3.730000000007501,0.010000000000065512,0.7988692535516586,-0.00915698187311399,0.016981978458108636,1.3239904069202757,-0.17988754251494532,0.006100039430141136,2.122859660471934,-0.1890445243880593,0.023082017888249772,0.5,0.0,0.0,0.0,0.0,0.0,0.0,0.0,0.0,0.0,0.0,0.0,0.0,0.0,0.0,0.0,0.4999999999950706,-4.440892098471533e-14,-1.7347234759654426e-15,0.5,0.0,0.0,-4.929390229335695e-12,-4.440892098471533e-14,-1.7347234759654426e-15,4.92959057068625e-12
-1,3.7400000000075666,0.010000000000065512,0.7955771893175562,-0.00892898935836331,0.010137566430655647,1.3405745353884484,-0.18034352754444655,0.01978886348504687,2.1361517247060045,-0.18927251690280986,0.029926429915702518,0.5,0.0,0.0,0.0,0.0,0.0,0.0,0.0,0.0,0.0,0.0,0.0,0.0,0.0,0.0,0.0,1.3292064233983287,-0.02279925147490643,0.6844412027407907,0.5,0.0,0.0,0.8292064233983287,-0.02279925147490643,0.6844412027407907,1.0754361247801398
-1,3.750000000007632,0.010000000000065512,0.7898648653817114,-0.011088909248597229,0.012809195502768248,1.3619991832601026,-0.17602368776397914,0.014445605340821887,2.151864048641814,-0.18711259701257638,0.027254800843590134,0.5,0.0,0.0,0.0,0.0,0.0,0.0,0.0,0.0,0.0,0.0,0.0,0.0,0.0,0.0,0.0,1.5712323935706523,0.21599198902193303,-0.26716290720948815,0.5,0.0,0.0,1.0712323935706523,0.21599198902193303,-0.26716290720948815,1.1249743994177759
-1,3.7600000000076976,0.010000000000065512,0.7931207745568848,-0.013648828960641929,0.01201187840490195,1.3654873649097157,-0.17090384833988936,0.01604023953655452,2.1586081394666006,-0.1845526773005313,0.02805211794145647,0.5,0.0,0.0,0.0,0.0,0.0,0.0,0.0,0.0,0.0,0.0,0.0,0.0,0.0,0.0,0.0,0.6744090824742481,0.2559919712028313,0.0797317097861112,0.5,0.0,0.0,0.17440908247424813,0.2559919712028313,0.0797317097861112,0.3198555344452194
-1,3.770000000007763,0.010000000000065512,0.7868693608369322,-0.01028437110503038,0.013985560758778125,1.387990192349586,-0.17763276405111236,0.012092874828802043,2.1748595531865185,-0.18791713515614275,0.02607843558758017,0.5,0.0,0.0,0.0,0.0,0.0,0.0,0.0,0.0,0.0,0.0,0.0,0.0,0.0,0.0,0.0,1.625141371981143,-0.33644578555894167,-0.19736823538633708,0.5,0.0,0.0,1.125141371981143,-0.33644578555894167,-0.19736823538633708,1.1908371399580626
-1,3.7800000000078287,0.010000000000065512,0.7871828983962444,-0.011720243514934928,0.014239993076477704,1.3973631172309215,-0.17476101923130352,0.011584010193402734,2.184546015627166,-0.18648126274623844,0.025824003269880436,0.5,0.0,0.0,0.0,0.0,0.0,0.0,0.0,0.0,0.0,0.0,0.0,0.0,0.0,0.0,0.0,0.9686462440583956,0.1435872409894903,-0.025443231769806663,0.5,0.0,0.0,0.4686462440583956,0.1435872409894903,-0.025443231769806663,0.4908094904215966
-1,3.790000000007894,0.010000000000065512,0.7826314697418804,-0.01405487001605552,0.01439420535409037,1.416465974539613,-0.17009176622906205,0.011275585638177555,2.1990974442814935,-0.18414663624511757,0.025669790992267925,0.5,0.0,0.0,0.0,0.0,0.0,0.0,0.0,0.0,0.0,0.0,0.0,0.0,0.0,0.0,0.0,1.455142865423224,0.23346265011055786,-0.01542122776114999,0.5,0.0,0.0,0.9551428654232239,0.23346265011055786,-0.01542122776114999,0.9833821823844445
-1,3.8000000000079597,0.010000000000065512,0.7851384527493089,-0.013798751858371714,0.017681865446773262,1.4214520085247213,-0.17060400254442962,0.004700265452811835,2.2065904612740304,-0.18440275440280132,0.022382130899585097,0.5,0.0,0.0,0.0,0.0,0.0,0.0,0.0,0.0,0.0,0.0,0.0,0.0,0.0,0.0,0.0,0.7493016992487816,-0.025611815768207667,-0.328766009266129,0.5,0.0,0.0,0.24930169924878165,-0.025611815768207667,-0.328766009266129,0.41339374838530274
-1,3.810000000008025,0.010000000000065512,0.7771009028067264,-0.011875207158427119,0.01729566409885134,1.447527108409851,-0.17445109194431951,0.005472668148655589,2.2246280112165775,-0.18632629910274665,0.022768332247506927,0.5,0.0,0.0,0.0,0.0,0.0,0.0,0.0,0.0,0.0,0.0,0.0,0.0,0.0,0.0,0.0,1.803754994242897,-0.19235446999327216,0.03862013479192994,0.5,0.0,0.0,1.303754994242897,-0.19235446999327216,0.03862013479192994,1.31843423876621
-1,3.8200000000080907,0.010000000000065512,0.7729871387425351,-0.004709741375232714,0.01601823726984556,1.4657546365382017,-0.1887820235107082,0.008027521806667189,2.2387417752807366,-0.19349176488594091,0.024045759076512747,0.5,0.0,0.0,0.0,0.0,0.0,0.0,0.0,0.0,0.0,0.0,0.0,0.0,0.0,0.0,0.0,1.4113764064066634,-0.7165465783147327,0.1277426828997452,0.5,0.0,0.0,0.9113764064066634,-0.7165465783147327,0.1277426828997452,1.1663464948649265
-1,3.830000000008156,0.010000000000065512,0.7757411503742341,-0.0016799523761515547,0.015630861702459132,1.4702466132747671,-0.19484160150887125,0.008802272941439976,2.2459877636490013,-0.19652155388502282,0.02443313464389911,0.5,0.0,0.0,0.0,0.0,0.0,0.0,0.0,0.0,0.0,0.0,0.0,0.0,0.0,0.0,0.0,0.7245988368217263,-0.30297889990620575,0.038737556738382466,0.5,0.0,0.0,0.22459883682172632,-0.30297889990620575,0.038737556738382466,0.37913249609088706
-1,3.8400000000082217,0.010000000000065512,0.7759976872947024,-0.0026530224652099614,0.016967858871063064,1.4797335394337927,-0.1928954613307545,0.006128278604232086,2.255731226728495,-0.19554848379596446,0.02309613747529515,0.5,0.0,0.0,0.0,0.0,0.0,-16.064193402397777,-5.451044166336587,-3.099246985267639,16.064193402397777,5.451044166336587,3.099246985267639,0.0,0.0,0.0,0.0,0.9743463079429866,0.09730700890519896,-0.13369971685952012,0.5,0.0,0.0,0.4743463079429866,0.09730700890519896,-0.13369971685952012,0.5023431975547544
-1,3.8500000000082872,0.010000000000065512,0.777167779467403,-0.003962637192514483,0.01621124542948116,1.4873933550883525,-0.19027623187614545,0.007641505487395825,2.2645611345557555,-0.19423886906865995,0.023852750916876986,0.5,0.0,0.0,0.0,0.0,0.0,0.0,0.0,0.0,0.0,0.0,0.0,0.0,0.0,0.0,0.0,0.8829907827202605,0.13096147272959294,0.075661344157688,0.5,0.0,0.0,0.38299078272026055,0.13096147272959294,0.075661344157688,0.41177358583076923
-1,3.8600000000083527,0.010000000000065512,0.7728568253696074,-0.0036167204183674044,0.018416107652096184,1.5060152632839081,-0.19096806542443942,0.00323178104216603,2.2788720886535154,-0.19458478584280683,0.021647888694262214,0.5,0.0,0.0,0.0,0.0,0.0,0.0,0.0,0.0,0.0,0.0,0.0,0.0,0.0,0.0,0.0,1.43109540976662,-0.0345916774144621,-0.22048622226003278,0.5,0.0,0.0,0.93109540976662,-0.0345916774144621,-0.22048622226003278,0.9574703235303519
-1,3.8700000000084183,0.010000000000065512,0.7719173841299851,-0.003652671566766028,0.014863583858390542,1.517894145763115,-0.1908961631276417,0.010336828629577084,2.2898115298931003,-0.19454883469440773,0.025200412487967627,0.5,0.0,0.0,0.0,0.0,0.0,0.0,0.0,0.0,0.0,0.0,0.0,0.0,0.0,0.0,0.0,1.0939441239513235,0.0035951148398869325,0.3552523793682139,0.5,0.0,0.0,0.5939441239513235,0.0035951148398869325,0.3552523793682139,0.6920887228338535
-1,3.8800000000084838,0.010000000000065512,0.7602124216876729,-0.0033071047602769295,0.016554958124130527,1.5513040706477068,-0.19158729674061978,0.006954080098097119,2.3115164923353797,-0.1948944015008967,0.023509038222227645,0.5,0.0,0.0,0.0,0.0,0.0,0.0,0.0,0.0,0.0,0.0,0.0,0.0,0.0,0.0,0.0,2.170496244213718,-0.03455668064867144,-0.16913742657289005,0.5,0.0,0.0,1.6704962442137181,-0.03455668064867144,-0.16913742657289005,1.6793925494586703
-1,3.8900000000085493,0.010000000000065512,0.7506349540913094,-0.004544758919161801,0.012461170679292833,1.5804590058403964,-0.18911198842285004,0.015141654987772668,2.3310939599317058,-0.19365674734201185,0.0276028256670655,0.5,0.0,0.0,0.0,0.0,0.0,0.0,0.0,0.0,0.0,0.0,0.0,0.0,0.0,0.0,0.0,1.9577467596197804,0.12376541588767463,0.4093787444811036,0.5,0.0,0.0,1.4577467596197804,0.12376541588767463,0.4093787444811036,1.5191887472545151
-1,3.900000000008615,0.010000000000065512,0.7532006248276433,-0.00428711361293935,0.013442463088493957,1.585327664367692,-0.18962727903529583,0.013179070169370194,2.3385282891953354,-0.19391439264823518,0.02662153325786415,0.5,0.0,0.0,0.0,0.0,0.0,0.0,0.0,0.0,0.0,0.0,0.0,0.0,0.0,0.0,0.0,0.7434329263580932,-0.025764530622163738,-0.0981292409194923,0.5,0.0,0.0,0.24343292635809322,-0.025764530622163738,-0.0981292409194923,0.26372855097027514
-1,3.9100000000086803,0.010000000000065512,0.7554693440320837,-0.005196988009274997,0.01607504995127767,1.590790225958774,-0.1878075302426244,0.007913896443802854,2.346259569990858,-0.1930045182518994,0.02398894639508052,0.5,0.0,0.0,0.0,0.0,0.0,0.0,0.0,0.0,0.0,0.0,0.0,0.0,0.0,0.0,0.0,0.7731280795471894,0.09098743963298139,-0.2632586862766382,0.5,0.0,0.0,0.27312807954718943,0.09098743963298139,-0.2632586862766382,0.39010613672204986
-1,3.920000000008746,0.010000000000065512,0.7604693440320639,-0.005196988009274997,0.01607504995127767,1.5907902259587732,-0.1878075302426237,0.00791389644380293,2.351259569990837,-0.19300451825189868,0.023988946395080597,0.5,0.0,0.0,0.0,0.0,0.0,0.0,0.0,0.0,0.0,0.0,0.0,0.0,0.0,0.0,0.0,0.4999999999946265,7.216449660016241e-14,7.632783294247947e-15,0.5,0.0,0.0,-5.373479439185758e-12,7.216449660016241e-14,7.632783294247947e-15,5.373969413506412e-12
-1,3.9300000000088113,0.010000000000065512,0.7654693440320441,-0.005196988009274997,0.01607504995127767,1.5907902259587758,-0.18780753024262334,0.007913896443802816,2.35625956999082,-0.19300451825189835,0.023988946395080486,0.5,0.0,0.0,0.0,0.0,0.0,0.0,0.0,0.0,0.0,0.0,0.0,0.0,0.0,0.0,0.0,0.4999999999950262,3.33066907385365e-14,-1.1102230246178832e-14,0.5,0.0,0.0,-4.973799150320701e-12,3.33066907385365e-14,-1.1102230246178832e-14,4.9739230575970235e-12
-1,3.940000000008877,0.010000000000065512,0.7698091307054804,-0.006140812724547221,0.01614806491396933,1.5921106526118654,-0.1859198808120785,0.007767866518419505,2.3619197833173455,-0.19206069353662572,0.023915931432388834,0.5,0.0,0.0,0.0,0.0,0.0,0.0,0.0,0.0,0.0,0.0,0.0,0.0,0.0,0.0,0.0,0.5660213326488472,0.09438247152664454,-0.0073014962691173475,0.5,0.0,0.0,0.06602133264884724,0.09438247152664454,-0.0073014962691173475,0.11541308047173658
-1,3.9500000000089424,0.010000000000065512,0.77283954649331,-0.005887574327629615,0.016937975028623608,1.596049821036168,-0.1864263576059143,0.006188046289110932,2.368889367529478,-0.19231393193354393,0.02312602131773454,0.5,0.0,0.0,0.0,0.0,0.0,-8.025477615559117,1.0383080973222458,3.2473549835253497,8.025477615559117,-1.0383080973222458,-3.2473549835253497,0.0,0.0,0.0,0.0,0.6969584212087014,-0.025323839691655047,-0.07899101146491194,0.5,0.0,0.0,0.19695842120870144,-0.025323839691655047,-0.07899101146491194,0.21371358504784563
-1,3.960000000009008,0.010000000000065512,0.7743911435151161,-0.0051855161980898104,0.015558468599297917,1.6029466269925186,-0.18783047386499327,0.00894705914776243,2.3773377705076344,-0.1930159900630831,0.024505527747060347,0.5,0.0,0.0,0.0,0.0,0.0,0.0,0.0,0.0,0.0,0.0,0.0,0.0,0.0,0.0,0.0,0.8448402978100842,-0.07020581295345632,0.13795064293167691,0.5,0.0,0.0,0.3448402978100842,-0.07020581295345632,0.13795064293167691,0.3779868609508355
-1,3.9700000000090734,0.010000000000065512,0.7732005167644656,-0.00435943789086097,0.016931154293411736,1.6153278804937812,-0.1894826304794519,0.006201687759534844,2.3885283972582467,-0.19384206837031287,0.02313284205294658,0.5,0.0,0.0,0.0,0.0,0.0,0.0,0.0,0.0,0.0,0.0,0.0,0.0,0.0,0.0,0.0,1.119062675053902,-0.08260783072243655,-0.13726856941047758,0.5,0.0,0.0,0.6190626750539019,-0.08260783072243655,-0.13726856941047758,0.6394570427241839
-1,3.980000000009139,0.010000000000065512,0.7755075871762871,-0.005627806992938404,0.01612324962814746,1.6207137396700984,-0.1869458922752964,0.007817497090063425,2.3962213268463852,-0.1925736992682348,0.023940746718210885,0.5,0.0,0.0,0.0,0.0,0.0,0.0,0.0,0.0,0.0,0.0,0.0,0.0,0.0,0.0,0.0,0.76929295880881,0.12683691020697502,0.08079046652590144,0.5,0.0,0.0,0.26929295880881,0.12683691020697502,0.08079046652590144,0.3084370258842613
-1,3.9900000000092044,0.010000000000065512,0.7805075871762673,-0.005627806992938404,0.01612324962814746,1.6207137396700981,-0.1869458922752963,0.007817497090063087,2.4012213268463656,-0.1925736992682347,0.023940746718210545,0.5,0.0,0.0,0.0,0.0,0.0,0.0,0.0,0.0,0.0,0.0,0.0,0.0,0.0,0.0,0.0,0.49999999999475975,1.1102230246178832e-14,-3.4000580128922676e-14,0.5,0.0,0.0,-5.240252676230739e-12,1.1102230246178832e-14,-3.4000580128922676e-14,5.24037473943505e-12
-1,4.00000000000927,0.010000000000065512,0.7805846973196984,-0.004828799601666535,0.01792089497208968,1.6305595193831992,-0.18854390705784027,0.004222206402178593,2.4111442167028976,-0.19337270665950682,0.022143101374268274,0.5,0.0,0.0,0.0,0.0,0.0,-6.697071203188065,3.8513844024086077,-0.7632261872224058,6.697071203188065,-3.8513844024086077,0.7632261872224058,0.0,0.0,0.0,0.0,0.9922889856466995,-0.07990073912668819,-0.17976453439304943,0.5,0.0,0.0,0.49228898564669954,-0.07990073912668819,-0.17976453439304943,0.5301394734667447
-1,4.010000000009335,0.010000000000065512,0.7718275275349558,-0.004197229188179844,0.01898792512676759,1.6577340861673315,-0.18971385806468444,0.0020337000461049587,2.4295616137022873,-0.1939110872528643,0.021021625172872548,0.5,0.0,0.0,0.0,0.0,0.0,0.0,0.0,0.0,0.0,0.0,0.0,0.0,0.0,0.0,0.0,1.8417396999269056,-0.05383805933539522,-0.11214762013883792,0.5,0.0,0.0,1.3417396999269056,-0.05383805933539522,-0.11214762013883792,1.3474943590589719
-1,4.020000000009401,0.010000000000065512,0.7713186523830086,-0.0034127844624763804,0.018404427190048173,1.6687518364711893,-0.19128274751609142,0.0032006959195436395,2.440070488854198,-0.19469553197856782,0.02160512310959181,0.5,0.0,0.0,0.0,0.0,0.0,0.0,0.0,0.0,0.0,0.0,0.0,0.0,0.0,0.0,0.0,1.0508875151841834,-0.07844447256983812,0.05834979367154408,0.5,0.0,0.0,0.5508875151841834,-0.07844447256983812,0.05834979367154408,0.5594955657412093
-1,4.0300000000094665,0.010000000000065512,0.772295479315102,-0.0059457809957885206,0.019289073493628125,1.6767981826069651,-0.1862167544494676,0.0014314033123837282,2.449093661922067,-0.1921625354452561,0.020720476806011853,0.5,0.0,0.0,0.0,0.0,0.0,0.0,0.0,0.0,0.0,0.0,0.0,0.0,0.0,0.0,0.0,0.9023173067809815,0.2532996533295116,-0.08846463035741636,0.5,0.0,0.0,0.40231730678098154,0.2532996533295116,-0.08846463035741636,0.4835761786281738
-1,4.040000000009532,0.010000000000065512,0.7687097892233824,-0.0037024011902366707,0.01650139589421835,1.6939695627903664,-0.1907035140605709,0.007006758511203434,2.462679352013749,-0.19440591525080758,0.023508154405421783,0.5,0.0,0.0,0.0,0.0,0.0,0.0,0.0,0.0,0.0,0.0,0.0,0.0,0.0,0.0,0.0,1.3585690091592977,-0.22433798055367796,0.27876775993916675,0.5,0.0,0.0,0.8585690091592977,-0.22433798055367796,0.27876775993916675,0.9301503840719422
-1,4.0500000000095975,0.010000000000065512,0.7725866991376165,-0.0018603126218372256,0.016251315195194706,1.696215742961859,-0.1943876911973701,0.007506919909250528,2.4688024420994754,-0.19624800381920732,0.023758235104445233,0.5,0.0,0.0,0.0,0.0,0.0,0.0,0.0,0.0,0.0,0.0,0.0,0.0,0.0,0.0,0.0,0.6123090085686421,-0.18420885683876678,0.025008069902181164,0.5,0.0,0.0,0.11230900856864212,-0.18420885683876678,0.025008069902181164,0.21719028501235726
-1,4.060000000009663,0.010000000000065512,0.7775866991375967,-0.0018603126218372256,0.016251315195194706,1.6962157429618576,-0.1943876911973699,0.007506919909250528,2.4738024420994544,-0.19624800381920712,0.023758235104445233,0.5,0.0,0.0,0.0,0.0,0.0,0.0,0.0,0.0,0.0,0.0,0.0,0.0,0.0,0.0,0.0,0.4999999999946265,1.9428902930812955e-14,0.0,0.5,0.0,0.0,-5.373479439185758e-12,1.9428902930812955e-14,0.0,5.3735145636372086e-12
-1,4.0700000000097285,0.010000000000065512,0.7793838988906805,-0.001751343887370575,0.01330366722991065,1.7026213434556507,-0.19460562866630343,0.013402215839818786,2.4820052423463315,-0.19635697255367401,0.026705883069729437,0.5,0.0,0.0,0.0,0.0,0.0,0.0,0.0,0.0,0.0,0.0,0.0,0.0,0.0,0.0,0.0,0.8202800246823291,-0.010896873446617716,0.2947647965264894,0.5,0.0,0.0,0.3202800246823291,-0.010896873446617716,0.2947647965264894,0.43541281714337216
-1,4.080000000009794,0.010000000000065512,0.7752659917671099,-0.0007689442980568093,0.009893293448012394,1.7208571577027554,-0.1965704278449308,0.020222963403615256,2.4961231494698652,-0.19733937214298763,0.03011625685162765,0.5,0.0,0.0,0.0,0.0,0.0,0.0,0.0,0.0,0.0,0.0,0.0,0.0,0.0,0.0,0.0,1.4117907123441291,-0.09823995893071846,0.3410373781875872,0.5,0.0,0.0,0.9117907123441291,-0.09823995893071846,0.3410373781875872,0.9784272512398594
-1,4.0900000000098595,0.010000000000065512,0.7802659917670901,-0.0007689442980568093,0.009893293448012394,1.7208571577027583,-0.19657042784493098,0.020222963403615093,2.5011231494698483,-0.1973393721429878,0.030116256851627485,0.5,0.0,0.0,0.0,0.0,0.0,0.0,0.0,0.0,0.0,0.0,0.0,0.0,0.0,0.0,0.0,0.4999999999950262,-1.665334536926825e-14,-1.665334536926825e-14,0.5,0.0,0.0,-4.973799150320701e-12,-1.665334536926825e-14,-1.665334536926825e-14,4.973854908977031e-12
-1,4.100000000009925,0.010000000000065512,0.7813962173321999,0.0011032673725465227,0.011094628270756933,1.7285967065725005,-0.20031485118613776,0.017820293758126212,2.5099929239047003,-0.19921158381359125,0.028914922028883145,0.5,0.0,0.0,0.0,0.0,0.0,0.0,0.0,0.0,0.0,0.0,0.0,0.0,0.0,0.0,0.0,0.8869774434793932,-0.18722116705911812,-0.12013348227364695,0.5,0.0,0.0,0.3869774434793932,-0.18722116705911812,-0.12013348227364695,0.44635788412440736
-1,4.1100000000099906,0.010000000000065512,0.7863962173321801,0.0011032673725465227,0.011094628270756933,1.7285967065725012,-0.2003148511861376,0.017820293758126046,2.514992923904681,-0.19921158381359108,0.02891492202888298,0.5,0.0,0.0,0.0,0.0,0.0,0.0,0.0,0.0,0.0,0.0,0.0,0.0,0.0,0.0,0.0,0.49999999999480416,1.665334536926825e-14,-1.665334536926825e-14,0.5,0.0,0.0,-5.195843755245733e-12,1.665334536926825e-14,-1.665334536926825e-14,5.195897131078525e-12
-1,4.120000000010056,0.010000000000065512,0.7913962173321604,0.0011032673725465227,0.011094628270756933,1.7285967065725008,-0.2003148511861375,0.017820293758126025,2.519992923904661,-0.199211583813591,0.028914922028882958,0.5,0.0,0.0,0.0,0.0,0.0,0.0,0.0,0.0,0.0,0.0,0.0,0.0,0.0,0.0,0.0,0.49999999999471534,8.326672684634124e-15,-2.081668171158531e-15,0.5,0.0,0.0,-5.284661597215745e-12,8.326672684634124e-15,-2.081668171158531e-15,5.284668567082257e-12
-1,4.130000000010122,0.010000000000065512,0.788553140565448,-0.0005138318872049976,0.007122580715758699,1.7442828601058873,-0.19708065266663452,0.025764388868122712,2.5328360006713355,-0.19759448455383952,0.03288696958388141,0.5,0.0,0.0,0.0,0.0,0.0,0.0,0.0,0.0,0.0,0.0,0.0,0.0,0.0,0.0,0.0,1.2843076766590373,0.1617099259740887,0.3972047554972431,0.5,0.0,0.0,0.7843076766590373,0.1617099259740887,0.3972047554972431,0.893901700196653
-1,4.140000000010187,0.010000000000065512,0.7893689176693479,-0.004844469538623953,0.006368790466308091,1.7526513058980513,-0.18841937736379674,0.027271969367023877,2.542020223567399,-0.19326384690242068,0.033640759833331965,0.5,0.0,0.0,0.0,0.0,0.0,0.0,0.0,0.0,0.0,0.0,0.0,0.0,0.0,0.0,0.0,0.918422289600352,0.4330637651390463,0.07537902494456164,0.5,0.0,0.0,0.418422289600352,0.4330637651390463,0.07537902494456164,0.6068800824812104
-1,4.150000000010253,0.010000000000065512,0.7943689176693282,-0.004844469538623953,0.006368790466308091,1.7526513058980517,-0.18841937736379608,0.02727196936702381,2.54702022356738,-0.19326384690242002,0.0336407598333319,0.5,0.0,0.0,0.0,0.0,0.0,0.0,0.0,0.0,0.0,0.0,0.0,0.0,0.0,0.0,0.0,0.49999999999480416,6.6613381477073e-14,-6.245004513475594e-15,0.5,0.0,0.0,-5.195843755245733e-12,6.6613381477073e-14,-6.245004513475594e-15,5.196274499254178e-12
-1,4.160000000010318,0.010000000000065512,0.7955754887903381,-0.005456456746395953,0.005164315685882049,1.7602381636559947,-0.18719540294825252,0.02968091892787603,2.555813652446333,-0.19265185969464846,0.03484523461375808,0.5,0.0,0.0,0.0,0.0,0.0,0.0,0.0,0.0,0.0,0.0,0.0,0.0,0.0,0.0,0.0,0.8793428878895462,0.0611987207767549,0.12044747804182883,0.5,0.0,0.0,0.3793428878895462,0.0611987207767549,0.12044747804182883,0.40268338056558634
-1,4.170000000010384,0.010000000000065512,0.796015859536072,-0.0019372165166152097,0.0024391542276800578,1.769037157333102,-0.194122365577619,0.03502171174306264,2.5650530168691743,-0.1960595820942342,0.037460865970742704,0.5,0.0,0.0,0.0,0.0,0.0,0.0,0.0,0.0,0.0,0.0,0.0,0.0,0.0,0.0,0.0,0.9239364422780705,-0.34077223995634304,0.2615631356967487,0.5,0.0,0.0,0.4239364422780705,-0.34077223995634304,0.2615631356967487,0.60354212824936
-1,4.180000000010449,0.010000000000065512,0.7925081680848493,-0.00011382354869176617,0.004189287197591936,1.7860525402355103,-0.19776915151346575,0.03152144580323881,2.5785607083203597,-0.19788297506215752,0.03571073300083075,0.5,0.0,0.0,0.0,0.0,0.0,0.0,0.0,0.0,0.0,0.0,0.0,0.0,0.0,0.0,0.0,1.3507691451096864,-0.18233929679113586,-0.17501329699004922,0.5,0.0,0.0,0.8507691451096864,-0.18233929679113586,-0.17501329699004922,0.8875164288892233
-1,4.190000000010515,0.010000000000065512,0.7931521278293711,0.002122248014146754,0.005524106609489449,1.794764620746427,-0.20224129463914298,0.02885180697944343,2.587916748575798,-0.20011904662499622,0.03437591358893288,0.5,0.0,0.0,0.0,0.0,0.0,0.0,0.0,0.0,0.0,0.0,0.0,0.0,0.0,0.0,0.0,0.9356040255377165,-0.22360715628240496,-0.13348194118891193,0.5,0.0,0.0,0.4356040255377165,-0.22360715628240496,-0.13348194118891193,0.5075120255017881
-1,4.20000000001058,0.010000000000065512,0.7963666428635091,0.0008287566028565054,0.005738059312936927,1.7983355906781135,-0.199654311816562,0.02842390157254855,2.5947022335416228,-0.1988255552137055,0.03416196088548548,0.5,0.0,0.0,0.0,0.0,0.0,0.0,0.0,0.0,0.0,0.0,0.0,0.0,0.0,0.0,0.0,0.6785484965780197,0.12934914112822296,-0.021395270344599926,0.5,0.0,0.0,0.17854849657801974,0.12934914112822296,-0.021395270344599926,0.22151416102362076
-1,4.210000000010646,0.010000000000065512,0.7967839767701153,0.0031788310359387737,0.004490127448874121,1.8075009228648666,-0.20435446068272697,0.03091976530067426,2.604284899634982,-0.2011756296467882,0.03540989274954838,0.5,0.0,0.0,0.0,0.0,0.0,-11.918392542430352,-2.22827509052345,-4.381386993705483,11.918392542430352,2.22827509052345,4.381386993705483,0.0,0.0,0.0,0.0,0.9582666093296338,-0.23500744330672926,0.1247931864054723,0.5,0.0,0.0,0.4582666093296338,-0.23500744330672926,0.1247931864054723,0.5299152036026856
-1,4.220000000010711,0.010000000000065512,0.790376666033144,0.004946049566591679,0.006370763275987592,1.8303155443387722,-0.20788889774403238,0.02715849364644731,2.6206922103719164,-0.2029428481774407,0.0335292569224349,0.5,0.0,0.0,0.0,0.0,0.0,-12.060172852872363,-0.9471113066559929,5.591516442557711,12.060172852872363,0.9471113066559929,-5.591516442557711,0.0,0.0,0.0,0.0,1.6407310736826979,-0.17672185306409316,-0.188063582710116,0.5,0.0,0.0,1.1407310736826979,-0.17672185306409316,-0.188063582710116,1.1695579964061005
-1,4.230000000010777,0.010000000000065512,0.7883079018821161,0.008560397211982837,0.007697233301852963,1.8444530726407913,-0.21511759303481467,0.024505553594716567,2.6327609745229075,-0.20655719582283183,0.03220278689656953,0.5,0.0,0.0,0.0,0.0,0.0,0.0,0.0,0.0,0.0,0.0,0.0,0.0,0.0,0.0,0.0,1.2068764150912052,-0.3614347645367441,-0.13264700258566786,0.5,0.0,0.0,0.7068764150912052,-0.3614347645367441,-0.13264700258566786,0.8049252030610594
-1,4.240000000010842,0.010000000000065512,0.7841540760704675,0.007603905145561771,0.0070165303530968825,1.8627607242640516,-0.21320460890197246,0.025866959492228895,2.6469148003345193,-0.20560070375641068,0.032883489845325777,0.5,0.0,0.0,0.0,0.0,0.0,0.0,0.0,0.0,0.0,0.0,0.0,0.0,0.0,0.0,0.0,1.4153825811519118,0.09564920664148834,0.0680702948751786,0.5,0.0,0.0,0.9153825811519118,0.09564920664148834,0.0680702948751786,0.9228800602742896
-1,4.250000000010908,0.010000000000065512,0.7853861671184706,0.009461108634616395,0.00849367395644509,1.8702965421680053,-0.21691901588008203,0.022912672285532332,2.655682709286476,-0.20745790724546564,0.031406346241977426,0.5,0.0,0.0,0.0,0.0,0.0,0.0,0.0,0.0,0.0,0.0,0.0,0.0,0.0,0.0,0.0,0.8767908951899119,-0.1857203489042798,-0.14771436033386737,0.5,0.0,0.0,0.37679089518991193,-0.1857203489042798,-0.14771436033386737,0.44528974718040193
-1,4.260000000010973,0.010000000000065512,0.7755087876651102,0.009005362281131454,0.007745949479983349,1.900051301074693,-0.216007523173112,0.02440812123845584,2.6755600887398034,-0.20700216089198054,0.03215407071843919,0.5,0.0,0.0,0.0,0.0,0.0,0.0,0.0,0.0,0.0,0.0,0.0,0.0,0.0,0.0,0.0,1.987737945319735,0.04557463534821235,0.07477244764568657,0.5,0.0,0.0,1.487737945319735,0.04557463534821235,0.07477244764568657,1.4903127726280265
-1,4.270000000011039,0.010000000000065512,0.7805087876650905,0.009005362281131454,0.007745949479983349,1.9000513010746918,-0.21600752317311164,0.024408121238455784,2.6805600887397825,-0.2070021608919802,0.032154070718439134,0.5,0.0,0.0,0.0,0.0,0.0,0.0,0.0,0.0,0.0,0.0,0.0,0.0,0.0,0.0,0.0,0.4999999999946265,3.33066907385365e-14,-5.551115123089416e-15,0.5,0.0,0.0,-5.373479439185758e-12,3.33066907385365e-14,-5.551115123089416e-15,5.3735855286651155e-12
-1,4.280000000011104,0.010000000000065512,0.7826501033519219,0.007370563367870958,0.0082936954081713,1.9057686697009917,-0.21273792534659092,0.023312629382080147,2.6884187730529137,-0.20536736197871996,0.031606324790251446,0.5,0.0,0.0,0.0,0.0,0.0,0.0,0.0,0.0,0.0,0.0,0.0,0.0,0.0,0.0,0.0,0.7858684313079708,0.16347989132495283,-0.05477459281841003,0.5,0.0,0.0,0.2858684313079708,0.16347989132495283,-0.05477459281841003,0.3338363235247492
-1,4.29000000001117,0.010000000000065512,0.7827742083850492,0.002698088626261726,0.011340171838045377,1.9155204596347017,-0.2033929758633724,0.017219676522331948,2.698294668019751,-0.20069488723711068,0.028559848360377324,0.5,0.0,0.0,0.0,0.0,0.0,0.0,0.0,0.0,0.0,0.0,0.0,0.0,0.0,0.0,0.0,0.9875894966772463,0.4672474741578673,-0.30464764298541636,0.5,0.0,0.0,0.48758949667724627,0.4672474741578673,-0.30464764298541636,0.7408602471137502
-1,4.300000000011235,0.010000000000065512,0.7875278942629402,0.0032675741378360565,0.01236043988695027,1.9160130878788821,-0.20453194688652113,0.015179140424522133,2.7035409821418224,-0.20126437274868508,0.027539580311472404,0.5,0.0,0.0,0.0,0.0,0.0,0.0,0.0,0.0,0.0,0.0,0.0,0.0,0.0,0.0,0.0,0.524631412203718,-0.05694855115706716,-0.10202680488982356,0.5,0.0,0.0,0.024631412203718006,-0.05694855115706716,-0.10202680488982356,0.11941236477879788
-1,4.310000000011301,0.010000000000065512,0.7884373890056792,0.007628202465437375,0.012572001563022807,1.9241940983933672,-0.21325320354172386,0.014756017072377049,2.7126314873990465,-0.20562500107628648,0.027328018635399853,0.5,0.0,0.0,0.0,0.0,0.0,0.0,0.0,0.0,0.0,0.0,0.0,0.0,0.0,0.0,0.0,0.9090505257164548,-0.43606283275728286,-0.021156167607116513,0.5,0.0,0.0,0.40905052571645484,-0.43606283275728286,-0.021156167607116513,0.5982647491947312
-1,4.320000000011366,0.010000000000065512,0.7868121762623431,0.013826800171022407,0.015838914578828692,1.937444523880005,-0.2256503989528939,0.008222191040765332,2.724256700142348,-0.21182359878187149,0.024061105619594025,0.5,0.0,0.0,0.0,0.0,0.0,0.0,0.0,0.0,0.0,0.0,0.0,0.0,0.0,0.0,0.0,1.162521274322548,-0.6198597705544399,-0.3266913015784426,0.5,0.0,0.0,0.6625212743225479,-0.6198597705544399,-0.3266913015784426,0.9643068913000635
-1,4.330000000011432,0.010000000000065512,0.7899458453280208,0.012040843296932835,0.013955288910058494,1.9411771857486066,-0.22207848520471485,0.011989442378305844,2.7311230310766277,-0.210037641907782,0.025944731288364338,0.5,0.0,0.0,0.0,0.0,0.0,0.0,0.0,0.0,0.0,0.0,0.0,0.0,0.0,0.0,0.0,0.6866330934234591,0.17859568740777726,0.18836256687579733,0.5,0.0,0.0,0.18663309342345913,0.17859568740777726,0.18836256687579733,0.3197010912110019
-1,4.340000000011497,0.010000000000065512,0.7947281029542574,0.010894399671701733,0.013916507313955972,1.9416126704960934,-0.2197855979542522,0.012067005570510856,2.736340773450351,-0.20889119828255048,0.025983512884466826,0.5,0.0,0.0,0.0,0.0,0.0,0.0,0.0,0.0,0.0,0.0,0.0,0.0,0.0,0.0,0.0,0.5217742373689228,0.11464436252240197,0.003878159610223437,0.5,0.0,0.0,0.02177423736892281,0.11464436252240197,0.003878159610223437,0.1167582433626358
-1,4.350000000011563,0.010000000000065512,0.7997281029542377,0.010894399671701733,0.013916507313955972,1.9416126704960954,-0.21978559795425248,0.012067005570510835,2.7413407734503332,-0.20889119828255076,0.025983512884466806,0.5,0.0,0.0,0.0,0.0,0.0,0.0,0.0,0.0,0.0,0.0,0.0,0.0,0.0,0.0,0.0,0.4999999999949374,-2.775557561544708e-14,-2.081668171158531e-15,0.5,0.0,0.0,-5.062616992290714e-12,-2.775557561544708e-14,-2.081668171158531e-15,5.0626935040500715e-12
-1,4.360000000011628,0.010000000000065512,0.8024785880532078,0.010259072831936465,0.013745523052945198,1.9461117002981139,-0.21851494427472196,0.012408974092532409,2.7485902883513216,-0.20825587144278548,0.026154497145477608,0.5,0.0,0.0,0.0,0.0,0.0,0.0,0.0,0.0,0.0,0.0,0.0,0.0,0.0,0.0,0.0,0.7249514900940859,0.06353268397611146,0.017098426100968213,0.5,0.0,0.0,0.22495149009408588,0.06353268397611146,0.017098426100968213,0.23437561947414312
-1,4.370000000011694,0.010000000000065512,0.8040036012739072,0.011809826116398208,0.017307256988090262,1.9530616738566757,-0.22161645084364595,0.0052855062222422035,2.757065275130583,-0.20980662472724773,0.022592763210332465,0.5,0.0,0.0,0.0,0.0,0.0,0.0,0.0,0.0,0.0,0.0,0.0,0.0,0.0,0.0,0.0,0.8474986779205985,-0.1550753284452088,-0.3561733935121809,0.5,0.0,0.0,0.3474986779205985,-0.1550753284452088,-0.3561733935121809,0.5212131760565307
-1,4.380000000011759,0.010000000000065512,0.8013479148878592,0.009037234284511012,0.021019299160063155,1.9683730466287348,-0.21607126717987168,-0.0021385781217036276,2.769720961516594,-0.20703403289536068,0.018880721038359527,0.5,0.0,0.0,0.0,0.0,0.0,0.0,0.0,0.0,0.0,0.0,0.0,0.0,0.0,0.0,0.0,1.265568638592787,0.27725918318688864,-0.37120421719486196,0.5,0.0,0.0,0.7655686385927869,0.27725918318688864,-0.37120421719486196,0.8948522592705034
-1,4.390000000011825,0.010000000000065512,0.8063479148878394,0.009037234284511012,0.021019299160063155,1.9683730466287384,-0.2160712671798715,-0.002138578121703605,2.7747209615165778,-0.2070340328953605,0.01888072103835955,0.5,0.0,0.0,0.0,0.0,0.0,0.0,0.0,0.0,0.0,0.0,0.0,0.0,0.0,0.0,0.0,0.499999999995115,1.9428902930812955e-14,2.4286128663516194e-15,0.5,0.0,0.0,-4.884981308350689e-12,1.9428902930812955e-14,2.4286128663516194e-15,4.885020548919437e-12
-1,4.40000000001189,0.010000000000065512,0.8113479148878197,0.009037234284511012,0.021019299160063155,1.9683730466287381,-0.21607126717987155,-0.0021385781217036085,2.7797209615165577,-0.20703403289536054,0.018880721038359548,0.5,0.0,0.0,0.0,0.0,0.0,0.0,0.0,0.0,0.0,0.0,0.0,0.0,0.0,0.0,0.0,0.49999999999471534,-5.551115123089416e-15,-3.469446951930885e-16,0.5,0.0,0.0,-5.284661597215745e-12,-5.551115123089416e-15,-3.469446951930885e-16,5.2846645241052535e-12
-1,4.410000000011956,0.010000000000065512,0.8163479148877999,0.009037234284511012,0.021019299160063155,1.9683730466287375,-0.2160712671798714,-0.002138578121703631,2.7847209615165376,-0.2070340328953604,0.018880721038359524,0.5,0.0,0.0,0.0,0.0,0.0,0.0,0.0,0.0,0.0,0.0,0.0,0.0,0.0,0.0,0.0,0.49999999999471534,1.387778780772354e-14,-2.4286128663516194e-15,0.5,0.0,0.0,-5.284661597215745e-12,1.387778780772354e-14,-2.4286128663516194e-15,5.284680377112864e-12
-1,4.420000000012021,0.010000000000065512,0.8213479148877801,0.009037234284511012,0.021019299160063155,1.9683730466287344,-0.2160712671798718,-0.0021385781217035495,2.7897209615165144,-0.2070340328953608,0.018880721038359607,0.5,0.0,0.0,0.0,0.0,0.0,0.0,0.0,0.0,0.0,0.0,0.0,0.0,0.0,0.0,0.0,0.4999999999944045,-3.885780586162591e-14,8.326672684634124e-15,0.5,0.0,0.0,-5.595524044110789e-12,-3.885780586162591e-14,8.326672684634124e-15,5.595665160709345e-12
-1,4.430000000012087,0.010000000000065512,0.8185301654205609,0.009921015707785563,0.019232076531892663,1.9840085455631367,-0.21783883002642124,0.0014358671346372204,2.8025387109836974,-0.20791781431863568,0.020667943666529884,0.5,0.0,0.0,0.0,0.0,0.0,0.0,0.0,0.0,0.0,0.0,0.0,0.0,0.0,0.0,0.0,1.2817749467099089,-0.08837814232690977,0.17872226281585693,0.5,0.0,0.0,0.7817749467099089,-0.08837814232690977,0.17872226281585693,0.8067988662426693
-1,4.4400000000121524,0.010000000000065512,0.8235301654205411,0.009921015707785563,0.019232076531892663,1.9840085455631347,-0.21783883002642096,0.0014358671346373947,2.8075387109836756,-0.2079178143186354,0.020667943666530058,0.5,0.0,0.0,0.0,0.0,0.0,0.0,0.0,0.0,0.0,0.0,0.0,0.0,0.0,0.0,0.0,0.4999999999945377,2.775557561544708e-14,1.7347234759654424e-14,0.5,0.0,0.0,-5.46229728115577e-12,2.775557561544708e-14,1.7347234759654424e-14,5.46239534327691e-12
-1,4.450000000012218,0.010000000000065512,0.8285301654205214,0.009921015707785563,0.019232076531892663,1.984008545563138,-0.21783883002642157,0.0014358671346373028,2.8125387109836595,-0.207917814318636,0.020667943666529964,0.5,0.0,0.0,0.0,0.0,0.0,0.0,0.0,0.0,0.0,0.0,0.0,0.0,0.0,0.0,0.0,0.499999999995115,-6.106226635398358e-14,-9.36750677021339e-15,0.5,0.0,0.0,-4.884981308350689e-12,-6.106226635398358e-14,-9.36750677021339e-15,4.885371913528281e-12
-1,4.4600000000122835,0.010000000000065512,0.8282606181748475,0.015809157183126022,0.018956437254080017,1.9945476400544442,-0.2296151129771019,0.0019871456902627806,2.8228082582292915,-0.21380595579397588,0.020943582944342797,0.5,0.0,0.0,0.0,0.0,0.0,0.0,0.0,0.0,0.0,0.0,0.0,0.0,0.0,0.0,0.0,1.0269547245564727,-0.588814147530129,0.027563927781102712,0.5,0.0,0.0,0.5269547245564727,-0.588814147530129,0.027563927781102712,0.790659947245807
-1,4.470000000012349,0.010000000000065512,0.8332606181748278,0.015809157183126022,0.018956437254080017,1.9945476400544473,-0.22961511297710227,0.001987145690262574,2.827808258229275,-0.21380595579397624,0.020943582944342592,0.5,0.0,0.0,0.0,0.0,0.0,0.0,0.0,0.0,0.0,0.0,0.0,0.0,0.0,0.0,0.0,0.4999999999950706,-3.608224830008121e-14,-2.0469737016392224e-14,0.5,0.0,0.0,-4.929390229335695e-12,-3.608224830008121e-14,-2.0469737016392224e-14,4.9295647852367375e-12
-1,4.4800000000124145,0.010000000000065512,0.838260618174808,0.015809157183126022,0.018956437254080017,1.9945476400544446,-0.22961511297710205,0.001987145690262605,2.8328082582292526,-0.21380595579397602,0.02094358294434262,0.5,0.0,0.0,0.0,0.0,0.0,0.0,0.0,0.0,0.0,0.0,0.0,0.0,0.0,0.0,0.0,0.4999999999944933,2.2204460492357665e-14,2.775557561544708e-15,0.5,0.0,0.0,-5.5067062021407764e-12,2.2204460492357665e-14,2.775557561544708e-15,5.506751668495796e-12
-1,4.49000000001248,0.010000000000065512,0.8369249829886002,0.015653378475421663,0.01926297767878897,2.0072189104268245,-0.22930355556169296,0.0013740648408441104,2.8441438934154246,-0.2136501770862713,0.02063704251963308,0.5,0.0,0.0,0.0,0.0,0.0,0.0,0.0,0.0,0.0,0.0,0.0,0.0,0.0,0.0,0.0,1.1335635186097714,0.015577870770370292,-0.030654042470753113,0.5,0.0,0.0,0.6335635186097714,0.015577870770370292,-0.030654042470753113,0.6344959199953387
-1,4.5000000000125455,0.010000000000065512,0.841055913114202,0.016313653585259137,0.017741777807053345,2.0089570501755816,-0.23062410578136824,0.004416464584315943,2.8500129632897835,-0.2143104521961091,0.022158242391369286,0.5,0.0,0.0,0.0,0.0,0.0,0.0,0.0,0.0,0.0,0.0,0.0,0.0,0.0,0.0,0.0,0.5869069874320418,-0.06602751098334957,0.15211998717262393,0.5,0.0,0.0,0.08690698743204184,-0.06602751098334957,0.15211998717262393,0.18722432312220733
-1,4.510000000012611,0.010000000000065512,0.8457913368586245,0.016233593580772185,0.01784172697092115,2.0094862026866966,-0.23046398577239488,0.004216566256579934,2.8552775395453214,-0.2142303921916227,0.022058293227501087,0.5,0.0,0.0,0.0,0.0,0.0,0.0,0.0,0.0,0.0,0.0,0.0,0.0,0.0,0.0,0.0,0.52645762555034,0.008006000448587966,-0.009994916386754395,0.5,0.0,0.0,0.026457625550340036,0.008006000448587966,-0.009994916386754395,0.02939388280787362
-1,4.5200000000126765,0.010000000000065512,0.8457835901448272,0.013209487377681984,0.022244578645471247,2.019501696114256,-0.22441577336621457,-0.004589137092520054,2.865285286259083,-0.21120628598853258,0.017655441552951193,0.5,0.0,0.0,0.0,0.0,0.0,0.0,0.0,0.0,0.0,0.0,0.0,0.0,0.0,0.0,0.0,1.0007746713696248,0.30241062030703153,-0.44028516745210505,0.5,0.0,0.0,0.5007746713696248,0.30241062030703153,-0.44028516745210505,0.7321738068506464
-1,4.530000000012742,0.010000000000065512,0.850467967690233,0.013129649733511106,0.022364451857846593,2.020132941023402,-0.22425609807787347,-0.004828883517270204,2.870600908713635,-0.21112644834436237,0.017535568340576388,0.5,0.0,0.0,0.0,0.0,0.0,0.0,0.0,0.0,0.0,0.0,0.0,0.0,0.0,0.0,0.0,0.5315622454517037,0.00798376441696934,-0.011987321237401944,0.5,0.0,0.0,0.03156224545170372,0.00798376441696934,-0.011987321237401944,0.034693107423059207
-1,4.540000000012808,0.010000000000065512,0.8554679676902133,0.013129649733511106,0.022364451857846593,2.020132941023404,-0.22425609807787306,-0.004828883517270499,2.875600908713617,-0.21112644834436195,0.017535568340576093,0.5,0.0,0.0,0.0,0.0,0.0,0.0,0.0,0.0,0.0,0.0,0.0,0.0,0.0,0.0,0.0,0.4999999999949374,4.163336342317062e-14,-2.9490299091412525e-14,0.5,0.0,0.0,-5.062616992290714e-12,4.163336342317062e-14,-2.9490299091412525e-14,5.06287406769328e-12
-1,4.550000000012873,0.010000000000065512,0.8604679676901935,0.013129649733511106,0.022364451857846593,2.020132941023406,-0.22425609807787306,-0.004828883517270324,2.8806009087135998,-0.21112644834436195,0.01753556834057627,0.5,0.0,0.0,0.0,0.0,0.0,0.0,0.0,0.0,0.0,0.0,0.0,0.0,0.0,0.0,0.0,0.4999999999949818,0.0,1.7694179454847514e-14,0.5,0.0,0.0,-5.0182080713057076e-12,0.0,1.7694179454847514e-14,5.018239266007982e-12
-1,4.560000000012939,0.010000000000065512,0.8654679676901738,0.013129649733511106,0.022364451857846593,2.0201329410234075,-0.22425609807787306,-0.004828883517270471,2.885600908713581,-0.21112644834436195,0.01753556834057612,0.5,0.0,0.0,0.0,0.0,0.0,0.0,0.0,0.0,0.0,0.0,0.0,0.0,0.0,0.0,0.0,0.49999999999484857,0.0,-1.4918621893302807e-14,0.5,0.0,0.0,-5.151434834260726e-12,0.0,-1.4918621893302807e-14,5.1514564364763906e-12
-1,4.570000000013004,0.010000000000065512,0.8659198781880808,0.012741356172077794,0.024697896366444698,2.029229120027555,-0.2234795109550056,-0.009495772534466493,2.8951489982156358,-0.2107381547829278,0.015202123831978205,0.5,0.0,0.0,0.0,0.0,0.0,0.0,0.0,0.0,0.0,0.0,0.0,0.0,0.0,0.0,0.0,0.9548089501992217,0.038829356143161714,-0.23334445085826291,0.5,0.0,0.0,0.45480895019922174,0.038829356143161714,-0.23334445085826291,0.5126485470828479
-1,4.58000000001307,0.010000000000065512,0.8670262806823427,0.010381138981547184,0.021787904959116044,2.0370163150389917,-0.21875907657394453,-0.0036757897198092747,2.9040425957213345,-0.20837793759239734,0.01811211523930677,0.5,0.0,0.0,0.0,0.0,0.0,0.0,0.0,0.0,0.0,0.0,0.0,0.0,0.0,0.0,0.0,0.8893597505640473,0.2360217190514988,0.2909991407309502,0.5,0.0,0.0,0.38935975056404726,0.2360217190514988,0.2909991407309502,0.5403589243544267
-1,4.590000000013135,0.010000000000065512,0.870246368439043,0.011556426280163847,0.025044545695992515,2.040576139525554,-0.2211096511711774,-0.010189071193562086,2.910822507964597,-0.20955322489101355,0.01485547450243043,0.5,0.0,0.0,0.0,0.0,0.0,0.0,0.0,0.0,0.0,0.0,0.0,0.0,0.0,0.0,0.0,0.6779912243218159,-0.11752872986085126,-0.3256640736855006,0.5,0.0,0.0,0.1779912243218159,-0.11752872986085126,-0.3256640736855006,0.3892954754010366
-1,4.600000000013201,0.010000000000065512,0.873287355173008,0.009475933611382034,0.023703427874401068,2.044494166057583,-0.21694866583361413,-0.007506835550379241,2.917781521230591,-0.20747273222223211,0.016196592324021826,0.5,0.0,0.0,0.0,0.0,0.0,0.0,0.0,0.0,0.0,0.0,0.0,0.0,0.0,0.0,0.0,0.6959013265948206,0.20804926687678066,0.13411178215826108,0.5,0.0,0.0,0.19590132659482062,0.20804926687678066,0.13411178215826108,0.3156703934854223
-1,4.610000000013266,0.010000000000065512,0.8782873551729883,0.009475933611382034,0.023703427874401068,2.044494166057584,-0.21694866583361455,-0.0075068355503792395,2.922781521230572,-0.2074727322222325,0.01619659232402183,0.5,0.0,0.0,0.0,0.0,0.0,0.0,0.0,0.0,0.0,0.0,0.0,0.0,0.0,0.0,0.0,0.49999999999484857,-3.885780586162591e-14,3.469446951930885e-16,0.5,0.0,0.0,-5.151434834260726e-12,-3.885780586162591e-14,3.469446951930885e-16,5.151581398083684e-12
-1,4.620000000013332,0.010000000000065512,0.8832873551729685,0.009475933611382034,0.023703427874401068,2.044494166057584,-0.2169486658336138,-0.00750683555037926,2.9277815212305525,-0.20747273222223178,0.01619659232402181,0.5,0.0,0.0,0.0,0.0,0.0,0.0,0.0,0.0,0.0,0.0,0.0,0.0,0.0,0.0,0.0,0.49999999999475975,7.216449660016241e-14,-2.081668171158531e-15,0.5,0.0,0.0,-5.240252676230739e-12,7.216449660016241e-14,-2.081668171158531e-15,5.24074996147072e-12
-1,4.630000000013397,0.010000000000065512,0.8844663511335237,0.005722161632033821,0.025800327308316436,2.052136174136434,-0.20944112187491742,-0.01170063441820999,2.936602525269958,-0.2037189602428836,0.014099692890106446,0.5,0.0,0.0,0.0,0.0,0.0,0.0,0.0,0.0,0.0,0.0,0.0,0.0,0.0,0.0,0.0,0.8821004039347656,0.3753771979323583,-0.2096899433901626,0.5,0.0,0.0,0.38210040393476563,0.3753771979323583,-0.2096899433901626,0.5752205070871774
-1,4.640000000013463,0.010000000000065512,0.8894663511335039,0.005722161632033821,0.025800327308316436,2.0521361741364315,-0.20944112187491717,-0.011700634418209873,2.9416025252699356,-0.20371896024288336,0.014099692890106564,0.5,0.0,0.0,0.0,0.0,0.0,0.0,0.0,0.0,0.0,0.0,0.0,0.0,0.0,0.0,0.0,0.4999999999944933,2.4980018053902375e-14,1.179611963656501e-14,0.5,0.0,0.0,-5.5067062021407764e-12,2.4980018053902375e-14,1.179611963656501e-14,5.506775494464628e-12
-1,4.650000000013528,0.010000000000065512,0.892994149921625,0.005385389757471241,0.024896004156477507,2.05508057656015,-0.2087675781257925,-0.009891988114532077,2.9480747264817753,-0.20338218836832125,0.01500401604194543,0.5,0.0,0.0,0.0,0.0,0.0,0.0,0.0,0.0,0.0,0.0,0.0,0.0,0.0,0.0,0.0,0.6472201211797267,0.03367718745598966,0.0904323151832942,0.5,0.0,0.0,0.14722012117972672,0.03367718745598966,0.0904323151832942,0.17602818144981772
-1,4.660000000013594,0.010000000000065512,0.8979941499216052,0.005385389757471241,0.024896004156477507,2.055080576560149,-0.20876757812579236,-0.009891988114532268,2.9530747264817543,-0.20338218836832112,0.01500401604194524,0.5,0.0,0.0,0.0,0.0,0.0,0.0,0.0,0.0,0.0,0.0,0.0,0.0,0.0,0.0,0.0,0.4999999999946265,1.387778780772354e-14,-1.908195823561987e-14,0.5,0.0,0.0,-5.373479439185758e-12,1.387778780772354e-14,-1.908195823561987e-14,5.373531240951022e-12
-1,4.670000000013659,0.010000000000065512,0.9029941499215854,0.005385389757471241,0.024896004156477507,2.0550805765601514,-0.2087675781257918,-0.00989198811453205,2.958074726481737,-0.20338218836832056,0.015004016041945458,0.5,0.0,0.0,0.0,0.0,0.0,0.0,0.0,0.0,0.0,0.0,0.0,0.0,0.0,0.0,0.0,0.4999999999949818,5.551115123089416e-14,2.1857515797164575e-14,0.5,0.0,0.0,-5.0182080713057076e-12,5.551115123089416e-14,2.1857515797164575e-14,5.0185626912319775e-12
-1,4.680000000013725,0.010000000000065512,0.9075284808816906,0.005095972606447969,0.024641500863214028,2.0560119146399027,-0.20818874382374547,-0.009382981528004918,2.9635403955215933,-0.2030927712172975,0.01525851933520911,0.5,0.0,0.0,0.0,0.0,0.0,0.0,0.0,0.0,0.0,0.0,0.0,0.0,0.0,0.0,0.0,0.5465669039820651,0.028941715102117318,0.02545032932619853,0.5,0.0,0.0,0.04656690398206509,0.028941715102117318,0.02545032932619853,0.06044682524615297
-1,4.69000000001379,0.010000000000065512,0.9125284808816708,0.005095972606447969,0.024641500863214028,2.056011914639901,-0.20818874382374555,-0.009382981528005045,2.968540395521572,-0.20309277121729757,0.015258519335208984,0.5,0.0,0.0,0.0,0.0,0.0,0.0,0.0,0.0,0.0,0.0,0.0,0.0,0.0,0.0,0.0,0.4999999999945821,-8.326672684634124e-15,-1.266348137454773e-14,0.5,0.0,0.0,-5.417888360170764e-12,-8.326672684634124e-15,-1.266348137454773e-14,5.417909558170233e-12
-1,4.700000000013856,0.010000000000065512,0.9175284808816511,0.005095972606447969,0.024641500863214028,2.056011914639901,-0.20818874382374583,-0.009382981528004854,2.9735403955215522,-0.20309277121729785,0.015258519335209175,0.5,0.0,0.0,0.0,0.0,0.0,0.0,0.0,0.0,0.0,0.0,0.0,0.0,0.0,0.0,0.0,0.49999999999475975,-2.775557561544708e-14,1.908195823561987e-14,0.5,0.0,0.0,-5.240252676230739e-12,-2.775557561544708e-14,1.908195823561987e-14,5.240360923052082e-12
-1,4.710000000013921,0.010000000000065512,0.9225284808816313,0.005095972606447969,0.024641500863214028,2.0560119146399036,-0.20818874382374603,-0.00938298152800529,2.978540395521535,-0.20309277121729805,0.015258519335208737,0.5,0.0,0.0,0.0,0.0,0.0,0.0,0.0,0.0,0.0,0.0,0.0,0.0,0.0,0.0,0.0,0.4999999999949818,-1.9428902930812955e-14,-4.371503159432915e-14,0.5,0.0,0.0,-5.0182080713057076e-12,-1.9428902930812955e-14,-4.371503159432915e-14,5.018436084396626e-12
-1,4.720000000013987,0.010000000000065512,0.9275284808816116,0.005095972606447969,0.024641500863214028,2.056011914639904,-0.20818874382374586,-0.009382981528005239,2.9835403955215156,-0.20309277121729788,0.01525851933520879,0.5,0.0,0.0,0.0,0.0,0.0,0.0,0.0,0.0,0.0,0.0,0.0,0.0,0.0,0.0,0.0,0.49999999999480416,1.665334536926825e-14,5.2041704278963275e-15,0.5,0.0,0.0,-5.195843755245733e-12,1.665334536926825e-14,5.2041704278963275e-15,5.19587304947185e-12
-1,4.730000000014052,0.010000000000065512,0.9325284808815918,0.005095972606447969,0.024641500863214028,2.056011914639903,-0.20818874382374555,-0.00938298152800518,2.988540395521495,-0.20309277121729757,0.015258519335208848,0.5,0.0,0.0,0.0,0.0,0.0,0.0,0.0,0.0,0.0,0.0,0.0,0.0,0.0,0.0,0.0,0.49999999999467093,3.053113317699179e-14,5.898059818282505e-15,0.5,0.0,0.0,-5.329070518200751e-12,3.053113317699179e-14,5.898059818282505e-15,5.329161240304061e-12
-1,4.740000000014118,0.010000000000065512,0.937528480881572,0.005095972606447969,0.024641500863214028,2.056011914639902,-0.2081887438237455,-0.009382981528005183,2.9935403955214737,-0.20309277121729752,0.015258519335208845,0.5,0.0,0.0,0.0,0.0,0.0,0.0,0.0,0.0,0.0,0.0,0.0,0.0,0.0,0.0,0.0,0.4999999999945821,5.551115123089416e-15,-3.469446951930885e-16,0.5,0.0,0.0,-5.417888360170764e-12,5.551115123089416e-15,-3.469446951930885e-16,5.417891215087618e-12
-1,4.750000000014183,0.010000000000065512,0.9425284808815524,0.005095972606447969,0.024641500863214028,2.056011914639905,-0.2081887438237452,-0.009382981528005225,2.9985403955214576,-0.2030927712172972,0.015258519335208803,0.5,0.0,0.0,0.0,0.0,0.0,0.0,0.0,0.0,0.0,0.0,0.0,0.0,0.0,0.0,0.0,0.499999999995115,3.053113317699179e-14,-4.163336342317062e-15,0.5,0.0,0.0,-4.884981308350689e-12,3.053113317699179e-14,-4.163336342317062e-15,4.885078491324185e-12
-1,4.760000000014249,0.010000000000065512,0.9475284808815326,0.005095972606447969,0.024641500863214028,2.0560119146399067,-0.2081887438237452,-0.009382981528005294,3.0035403955214393,-0.2030927712172972,0.015258519335208734,0.5,0.0,0.0,0.0,0.0,0.0,0.0,0.0,0.0,0.0,0.0,0.0,0.0,0.0,0.0,0.0,0.499999999994893,0.0,-6.93889390386177e-15,0.5,0.0,0.0,-5.10702591327572e-12,0.0,-6.93889390386177e-15,5.1070306271960335e-12
-1,4.770000000014314,0.010000000000065512,0.9525284808815129,0.005095972606447969,0.024641500863214028,2.0560119146399063,-0.20818874382374586,-0.009382981528005215,3.008540395521419,-0.20309277121729788,0.015258519335208814,0.5,0.0,0.0,0.0,0.0,0.0,0.0,0.0,0.0,0.0,0.0,0.0,0.0,0.0,0.0,0.0,0.49999999999471534,-6.6613381477073e-14,7.979727989441036e-15,0.5,0.0,0.0,-5.284661597215745e-12,-6.6613381477073e-14,7.979727989441036e-15,5.2850874369056055e-12
-1,4.78000000001438,0.010000000000065512,0.9575284808814931,0.005095972606447969,0.024641500863214028,2.0560119146399085,-0.20818874382374578,-0.009382981528005561,3.0135403955214017,-0.2030927712172978,0.015258519335208467,0.5,0.0,0.0,0.0,0.0,0.0,0.0,0.0,0.0,0.0,0.0,0.0,0.0,0.0,0.0,0.0,0.4999999999949818,8.326672684634124e-15,-3.469446951930885e-14,0.5,0.0,0.0,-5.0182080713057076e-12,8.326672684634124e-15,-3.469446951930885e-14,5.018334911762165e-12
-1,4.790000000014445,0.010000000000065512,0.9625284808814734,0.005095972606447969,0.024641500863214028,2.0560119146399085,-0.20818874382374591,-0.00938298152800528,3.0185403955213816,-0.20309277121729793,0.015258519335208748,0.5,0.0,0.0,0.0,0.0,0.0,0.0,0.0,0.0,0.0,0.0,0.0,0.0,0.0,0.0,0.0,0.49999999999471534,-1.387778780772354e-14,2.810252031064017e-14,0.5,0.0,0.0,-5.284661597215745e-12,-1.387778780772354e-14,2.810252031064017e-14,5.284754539401912e-12
-1,4.800000000014511,0.010000000000065512,0.9675284808814536,0.005095972606447969,0.024641500863214028,2.056011914639907,-0.2081887438237456,-0.009382981528005516,3.0235403955213607,-0.20309277121729763,0.015258519335208512,0.5,0.0,0.0,0.0,0.0,0.0,0.0,0.0,0.0,0.0,0.0,0.0,0.0,0.0,0.0,0.0,0.4999999999946265,3.053113317699179e-14,-2.359223927313002e-14,0.5,0.0,0.0,-5.373479439185758e-12,3.053113317699179e-14,-2.359223927313002e-14,5.373617964388525e-12
-1,4.810000000014576,0.010000000000065512,0.9725284808814338,0.005095972606447969,0.024641500863214028,2.05601191463991,-0.2081887438237459,-0.009382981528005308,3.0285403955213437,-0.2030927712172979,0.01525851933520872,0.5,0.0,0.0,0.0,0.0,0.0,0.0,0.0,0.0,0.0,0.0,0.0,0.0,0.0,0.0,0.0,0.4999999999950262,-2.775557561544708e-14,2.081668171158531e-14,0.5,0.0,0.0,-4.973799150320701e-12,-2.775557561544708e-14,2.081668171158531e-14,4.9739201535555595e-12
-1,4.820000000014642,0.010000000000065512,0.9775284808814141,0.005095972606447969,0.024641500863214028,2.0560119146399116,-0.20818874382374555,-0.009382981528005343,3.033540395521326,-0.20309277121729757,0.015258519335208685,0.5,0.0,0.0,0.0,0.0,0.0,0.0,0.0,0.0,0.0,0.0,0.0,0.0,0.0,0.0,0.0,0.4999999999949374,3.33066907385365e-14,-3.469446951930885e-15,0.5,0.0,0.0,-5.062616992290714e-12,3.33066907385365e-14,-3.469446951930885e-15,5.062727741380212e-12
-1,4.830000000014707,0.010000000000065512,0.9825284808813943,0.005095972606447969,0.024641500863214028,2.05601191463991,-0.20818874382374558,-0.009382981528005476,3.038540395521304,-0.2030927712172976,0.015258519335208552,0.5,0.0,0.0,0.0,0.0,0.0,0.0,0.0,0.0,0.0,0.0,0.0,0.0,0.0,0.0,0.0,0.4999999999945377,-2.775557561544708e-15,-1.3357370764933908e-14,0.5,0.0,0.0,-5.46229728115577e-12,-2.775557561544708e-15,-1.3357370764933908e-14,5.4623143181984e-12
-1,4.840000000014773,0.010000000000065512,0.9875284808813746,0.005095972606447969,0.024641500863214028,2.0560119146399085,-0.2081887438237454,-0.009382981528005289,3.043540395521283,-0.2030927712172974,0.01525851933520874,0.5,0.0,0.0,0.0,0.0,0.0,0.0,0.0,0.0,0.0,0.0,0.0,0.0,0.0,0.0,0.0,0.4999999999946265,1.9428902930812955e-14,1.873501354042678e-14,0.5,0.0,0.0,-5.373479439185758e-12,1.9428902930812955e-14,1.873501354042678e-14,5.373547223794868e-12
-1,4.850000000014838,0.010000000000065512,0.6813518149216217,0.009738742957393721,0.018907886808603572,2.6783666457993256,-0.21747409551053512,0.0020836418920637794,3.359718460720947,-0.2077353525531414,0.020991528700667353,0.5,0.0,0.0,0.0,0.0,0.0,-11.076169975734258,-0.7641072873726202,7.343513556302209,11.076169975734256,0.7641072873726205,-7.343513556302209,-1.7763568394002505e-15,2.220446049250313e-16,0.0,1.790180836524724e-15,31.617806519759284,-0.46425813358135837,0.5733009365421056,0.5,0.0,0.0,31.117806519759284,-0.46425813358135837,0.5733009365421056,31.12654963499183
-1,4.860000000014904,0.010000000000065512,0.5860102650456734,-0.011489157389767047,0.048993264298359186,2.87899801702536,-0.1750327721824027,-0.05807190414168465,3.4650082820710333,-0.18652192957216976,-0.009078639843325464,0.5,0.0,0.0,0.0,0.0,0.0,-9.367108028367134,2.254253046911556,0.7321138727908996,9.367108028367134,-2.254253046911556,-0.7321138727908987,0.0,0.0,8.881784197001252e-16,8.881784197001252e-16,10.528982134939636,2.1213422980832672,-3.0070168543795823,0.5,0.0,0.0,10.028982134939636,2.1213422980832672,-3.0070168543795823,10.6828238856165
-1,4.8700000000149695,0.010000000000065512,0.49074624214475443,-0.020020681213962267,0.03470933540708158,3.079527542021439,-0.1579697452438656,-0.0295040885698026,3.5702737841661936,-0.17799042645782787,0.005205246837278979,0.5,0.0,0.0,0.0,0.0,0.0,-13.874802763167777,-3.1295484867521335,-1.522819838555999,13.874802763167777,3.1295484867521335,1.522819838555999,0.0,0.0,0.0,0.0,10.526550209447066,0.8531503114286001,1.4283886680510867,0.5,0.0,0.0,10.026550209447066,0.8531503114286001,1.4283886680510867,10.163654300667181
-1,4.880000000015035,0.010000000000065512,0.4094019388767801,0.009516599504817196,0.031027470174780972,3.2520875502924573,-0.21702358708088285,-0.022146688132635713,3.6614894891692376,-0.20750698757606564,0.00888078204214526,0.5,0.0,0.0,0.0,0.0,0.0,-11.016327797933297,5.476290201552053,-0.6903733961671845,11.016327797933297,-5.476290201552053,0.6903733961671843,0.0,0.0,-2.220446049250313e-16,2.220446049250313e-16,9.121570500244642,-2.9516561118044407,0.3675535204842202,0.5,0.0,0.0,8.621570500244642,-2.9516561118044407,0.3675535204842202,9.12024381710607
-1,4.8900000000151005,0.010000000000065512,0.36239768353102464,0.057267021116146385,0.005003986759300101,3.356096976218157,-0.3125255936470706,0.029900837260401346,3.7184946597491817,-0.2552585725309242,0.03490482401970145,0.5,0.0,0.0,0.0,0.0,0.0,-6.026421612874617,4.3550832189028625,-2.1902201870825104,6.026421612874617,-4.3550832189028625,2.1902201870825104,0.0,0.0,0.0,0.0,5.700517057957069,-4.775158495454574,2.60240419773857,0.5,0.0,0.0,5.200517057957069,-4.775158495454574,2.60240419773857,7.524627827023856
-1,4.900000000015166,0.010000000000065512,0.3360129794969966,0.07199074558887036,0.0028989474610037276,3.4188654345610865,-0.3419568993139191,0.034132868265845905,3.754878414058083,-0.26996615372504873,0.03703181572684963,0.5,0.0,0.0,0.0,0.0,0.0,-0.08583268127362143,0.06640149883333102,0.08054885414684687,0.08583268127362143,-0.06640149883333102,-0.08054885414684687,0.0,0.0,0.0,0.0,3.638375430866304,-1.4707581194028168,0.21269917071342476,0.5,0.0,0.0,3.138375430866304,-1.4707581194028168,0.21269917071342476,3.472430089732081
-1,4.9100000000152315,0.010000000000065512,0.3363609047662406,0.07718613559864136,0.01209647530740493,3.428169589232543,-0.3523477582103509,0.015737700669535226,3.7645304939987834,-0.27516162261170957,0.027834175976940156,0.5,0.0,0.0,0.0,0.0,0.0,-0.9566966457851671,1.070097832210211,2.1107077509370074,0.9566966457851671,-1.070097832210211,-2.1107077509370074,0.0,0.0,0.0,0.0,0.9652079940637043,-0.5195468886626801,-0.919763974984922,0.5,0.0,0.0,0.4652079940637043,-0.5195468886626801,-0.919763974984922,1.154258730501923
-1,4.920000000015297,0.010000000000065512,0.3312771664549626,0.0722126737141165,0.01743425857599804,3.4483371658940176,-0.34240061863872695,0.005062095817603765,3.7796143323489804,-0.27018794492461046,0.022496354393601804,0.5,0.0,0.0,0.0,0.0,0.0,-0.021256458744810303,-0.013950095987389943,0.010133121023394587,0.021256458744810303,0.013950095987389943,-0.010133121023394587,0.0,0.0,0.0,0.0,1.5083838350098182,0.4973677687066526,-0.5337821583303384,0.5,0.0,0.0,1.0083838350098182,0.4973677687066526,-0.5337821583303384,1.2446429402078079
-1,4.9300000000153625,0.010000000000065512,0.3349167092168744,0.07016245674486286,0.0187724255732161,3.451057843745567,-0.33829999579492287,0.0023856443472163352,3.785974552962441,-0.26813753905006,0.021158069920432433,0.5,0.0,0.0,0.0,0.0,0.0,-0.38311471948365394,-0.5499702419278183,0.35149798361672335,0.38311471948365394,0.5499702419278183,-0.35149798361672335,0.0,0.0,0.0,0.0,0.6360220613419088,0.20504058745370324,-0.1338284473160603,0.5,0.0,0.0,0.13602206134190875,0.20504058745370324,-0.1338284473160603,0.2800958710621941
-1,4.940000000015428,0.010000000000065512,0.3228650035606225,0.04293181874778635,0.03342030908766029,3.485161448638949,-0.2838383003300712,-0.02691036511528414,3.8080264521995715,-0.24090648158228484,0.0065099439723761525,0.5,0.0,0.0,0.0,0.0,0.0,-2.1636046080452687,-2.440977330921527,0.6396602862999032,2.1636046080452687,2.440977330921527,-0.6396602862999032,0.0,0.0,0.0,0.0,2.205189923698589,2.7231057467596758,-1.4648125947960318,0.5,0.0,0.0,1.705189923698589,2.7231057467596758,-1.4648125947960318,3.53109806176377
-1,4.950000000015494,0.010000000000065512,0.3163400364631989,0.031515843410315124,0.03694541710691893,3.5082113040933915,-0.2610063496366158,-0.03396058119691171,3.8245513405565905,-0.22949050622630066,0.0029848359100072205,0.5,0.0,0.0,0.0,0.0,0.0,-0.05491432160824239,0.03361909140315156,-0.07987173240680079,0.05491432160824239,-0.03361909140315156,0.07987173240680079,0.0,0.0,0.0,0.0,1.6524888356910783,1.1415975355909393,-0.3525108062345838,0.5,0.0,0.0,1.1524888356910783,1.1415975355909393,-0.3525108062345838,1.6600419627744474
-1,4.960000000015559,0.010000000000065512,0.31952969857126756,0.0327577733472319,0.03402040299270811,3.511825734139889,-0.2634858025029317,-0.028121022977947052,3.8313554327111565,-0.2307280291556998,0.005899380014761056,0.5,0.0,0.0,0.0,0.0,0.0,-0.42600274620774137,0.30885548879294333,-0.6764165656800198,0.42600274620774137,-0.30885548879294333,0.6764165656800198,0.0,0.0,0.0,0.0,0.6804092154521435,-0.12375229293910246,0.2914544104734742,0.5,0.0,0.0,0.1804092154521435,-0.12375229293910246,0.2914544104734742,0.3644280291253456
-1,4.970000000015625,0.010000000000065512,0.3192846644604388,0.03652164167637599,0.02797175148637382,3.5222347826171556,-0.2709598761237594,-0.016162193748805388,3.8415194470775944,-0.23443823444738338,0.011809557737568432,0.5,0.0,0.0,0.0,0.0,0.0,-0.4063199787135652,0.20963449204052687,0.04395793571919793,0.4063199787135652,-0.20963449204052687,-0.04395793571919793,0.0,0.0,0.0,0.0,1.0164014366371292,-0.3710205291659282,0.5910177722768657,0.5,0.0,0.0,0.5164014366371292,-0.3710205291659282,0.5910177722768657,0.8681178975061886
-1,4.98000000001569,0.010000000000065512,0.3160954550055251,0.03624124286756092,0.028005317698324837,3.5386132015269847,-0.2703990785061292,-0.016229326172707347,3.8547086565325097,-0.2341578356385683,0.01177599152561749,0.5,0.0,0.0,0.0,0.0,0.0,-0.7575091978869937,-1.8118316779572021,-0.5354032656124676,0.7575091978869937,1.8118316779572021,0.5354032656124676,0.0,0.0,0.0,0.0,1.3189209454828903,0.028039880881324857,-0.0033566211950721773,0.5,0.0,0.0,0.8189209454828903,0.028039880881324857,-0.0033566211950721773,0.8194077231612337
-1,4.990000000015756,0.010000000000065512,0.315699301031547,0.029463581047485057,0.03186215580779741,3.549405509474945,-0.25684375486597727,-0.02394300239165241,3.865104810506492,-0.2273801738184922,0.007919153416144999,0.5,0.0,0.0,0.0,0.0,0.0,0.0,0.0,0.0,0.0,0.0,0.0,0.0,0.0,0.0,0.0,1.0396153973913973,0.6777661820031678,-0.3856838109447224,0.5,0.0,0.0,0.5396153973913973,0.6777661820031678,-0.3856838109447224,0.9483162851042216
-1,5.000000000015821,0.010000000000065512,0.32069930103155336,0.029463581047485057,0.03186215580779741,3.549405509474946,-0.2568437548659773,-0.0239430023916525,3.8701048105064992,-0.22738017381849226,0.007919153416144908,0.5,0.0,0.0,0.0,0.0,0.0,0.0,0.0,0.0,0.0,0.0,0.0,0.0,0.0,0.0,0.0,0.4999999999974687,-5.551115123089416e-15,-9.020562075020302e-15,0.5,0.0,0.0,-2.531308496145357e-12,-5.551115123089416e-15,-9.020562075020302e-15,2.5313306556190814e-12
-1,5.010000000015887,0.010000000000065512,0.32569930103155975,0.029463581047485057,0.03186215580779741,3.5494055094749406,-0.2568437548659776,-0.0239430023916526,3.8751048105065005,-0.22738017381849254,0.007919153416144808,0.5,0.0,0.0,0.0,0.0,0.0,0.0,0.0,0.0,0.0,0.0,0.0,0.0,0.0,0.0,0.0,0.49999999999684697,-2.775557561544708e-14,-1.0061396160599567e-14,0.5,0.0,0.0,-3.1530333899354446e-12,-2.775557561544708e-14,-1.0061396160599567e-14,3.1531716035950607e-12
-1,5.020000000015952,0.010000000000065512,0.33069930103156614,0.029463581047485057,0.03186215580779741,3.549405509474939,-0.2568437548659771,-0.02394300239165278,3.880104810506505,-0.22738017381849204,0.007919153416144627,0.5,0.0,0.0,0.0,0.0,0.0,0.0,0.0,0.0,0.0,0.0,0.0,0.0,0.0,0.0,0.0,0.49999999999715783,4.996003610780475e-14,-1.8041124150040603e-14,0.5,0.0,0.0,-2.8421709430404007e-12,4.996003610780475e-14,-1.8041124150040603e-14,2.8426672610123844e-12
-1,5.030000000016018,0.010000000000065512,0.3356993010315726,0.029463581047485057,0.03186215580779741,3.54940550947494,-0.25684375486597727,-0.02394300239165233,3.8851048105065127,-0.2273801738184922,0.007919153416145078,0.5,0.0,0.0,0.0,0.0,0.0,0.0,0.0,0.0,0.0,0.0,0.0,0.0,0.0,0.0,0.0,0.4999999999975131,-1.665334536926825e-14,4.510281037510151e-14,0.5,0.0,0.0,-2.4868995751603507e-12,-1.665334536926825e-14,4.510281037510151e-14,2.487364286619162e-12
-1,5.040000000016083,0.010000000000065512,0.34069930103157897,0.029463581047485057,0.03186215580779741,3.5494055094749415,-0.2568437548659773,-0.023943002391652268,3.8901048105065206,-0.22738017381849226,0.007919153416145141,0.5,0.0,0.0,0.0,0.0,0.0,0.0,0.0,0.0,0.0,0.0,0.0,0.0,0.0,0.0,0.0,0.4999999999975131,-5.551115123089416e-15,6.245004513475594e-15,0.5,0.0,0.0,-2.4868995751603507e-12,-5.551115123089416e-15,6.245004513475594e-15,2.486913611666721e-12
-1,5.050000000016149,0.010000000000065512,0.34569930103158536,0.029463581047485057,0.03186215580779741,3.5494055094749424,-0.2568437548659773,-0.023943002391652167,3.8951048105065276,-0.22738017381849226,0.007919153416145241,0.5,0.0,0.0,0.0,0.0,0.0,0.0,0.0,0.0,0.0,0.0,0.0,0.0,0.0,0.0,0.0,0.4999999999974243,0.0,1.0061396160599567e-14,0.5,0.0,0.0,-2.575717417130363e-12,0.0,1.0061396160599567e-14,2.5757370682197766e-12
-1,5.060000000016214,0.010000000000065512,0.35069930103159175,0.029463581047485057,0.03186215580779741,3.5494055094749375,-0.2568437548659771,-0.02394300239165268,3.9001048105065292,-0.22738017381849204,0.007919153416144728,0.5,0.0,0.0,0.0,0.0,0.0,0.0,0.0,0.0,0.0,0.0,0.0,0.0,0.0,0.0,0.0,0.4999999999968914,2.2204460492357665e-14,-5.13478148885771e-14,0.5,0.0,0.0,-3.1086244689504383e-12,2.2204460492357665e-14,-5.13478148885771e-14,3.109127807780983e-12
-1,5.07000000001628,0.010000000000065512,0.3556993010315982,0.029463581047485057,0.03186215580779741,3.5494055094749393,-0.25684375486597805,-0.023943002391652497,3.9051048105065376,-0.227380173818493,0.007919153416144912,0.5,0.0,0.0,0.0,0.0,0.0,0.0,0.0,0.0,0.0,0.0,0.0,0.0,0.0,0.0,0.0,0.4999999999975575,-9.436895709252008e-14,1.838806884523369e-14,0.5,0.0,0.0,-2.4424906541753444e-12,-9.436895709252008e-14,1.838806884523369e-14,2.4443821748802884e-12
-1,5.080000000016345,0.010000000000065512,0.3606993010316046,0.029463581047485057,0.03186215580779741,3.549405509474942,-0.2568437548659777,-0.02394300239165244,3.9101048105065463,-0.22738017381849265,0.007919153416144967,0.5,0.0,0.0,0.0,0.0,0.0,0.0,0.0,0.0,0.0,0.0,0.0,0.0,0.0,0.0,0.0,0.4999999999976019,3.33066907385365e-14,5.551115123089416e-15,0.5,0.0,0.0,-2.398081733190338e-12,3.33066907385365e-14,5.551115123089416e-15,2.3983194427740934e-12
-1,5.090000000016411,0.010000000000065512,0.364335191006631,0.030649883794583704,0.03095302233525261,3.5521337295249036,-0.2592163603601745,-0.022124735446563255,3.9164689205315346,-0.2285664765655908,0.008828286888689356,0.5,0.0,0.0,0.0,0.0,0.0,0.0,0.0,0.0,0.0,0.0,0.0,0.0,0.0,0.0,0.0,0.6364110024946575,-0.11863027470903618,0.09091334725384326,0.5,0.0,0.0,0.13641100249465754,-0.11863027470903618,0.09091334725384326,0.2023520209635593
-1,5.100000000016476,0.010000000000065512,0.3693351910066374,0.030649883794583704,0.03095302233525261,3.552133729524902,-0.25921636036017376,-0.022124735446563102,3.9214689205315394,-0.22856647656559007,0.008828286888689509,0.5,0.0,0.0,0.0,0.0,0.0,0.0,0.0,0.0,0.0,0.0,0.0,0.0,0.0,0.0,0.0,0.49999999999720224,7.216449660016241e-14,1.5265566588495894e-14,0.5,0.0,0.0,-2.7977620220553945e-12,7.216449660016241e-14,1.5265566588495894e-14,2.7987341931931143e-12
-1,5.110000000016542,0.010000000000065512,0.3743351910066438,0.030649883794583704,0.03095302233525261,3.5521337295249067,-0.259216360360174,-0.022124735446563057,3.9264689205315504,-0.2285664765655903,0.008828286888689554,0.5,0.0,0.0,0.0,0.0,0.0,0.0,0.0,0.0,0.0,0.0,0.0,0.0,0.0,0.0,0.0,0.49999999999782396,-2.2204460492357665e-14,4.510281037510151e-15,0.5,0.0,0.0,-2.176037128265307e-12,-2.2204460492357665e-14,4.510281037510151e-15,2.1761550873708236e-12
-1,5.120000000016607,0.010000000000065512,0.3793351910066502,0.030649883794583704,0.03095302233525261,3.5521337295249076,-0.2592163603601755,-0.02212473544656305,3.931468920531558,-0.2285664765655918,0.00882828688868956,0.5,0.0,0.0,0.0,0.0,0.0,0.0,0.0,0.0,0.0,0.0,0.0,0.0,0.0,0.0,0.0,0.4999999999974687,-1.4988010832341423e-13,6.93889390386177e-16,0.5,0.0,0.0,-2.531308496145357e-12,-1.4988010832341423e-13,6.93889390386177e-16,2.535741948821132e-12
-1,5.130000000016673,0.010000000000065512,0.3843351910066566,0.030649883794583704,0.03095302233525261,3.552133729524903,-0.25921636036017476,-0.02212473544656307,3.93646892053156,-0.22856647656559106,0.00882828688868954,0.5,0.0,0.0,0.0,0.0,0.0,0.0,0.0,0.0,0.0,0.0,0.0,0.0,0.0,0.0,0.0,0.4999999999969358,7.216449660016241e-14,-2.081668171158531e-15,0.5,0.0,0.0,-3.064215547965432e-12,7.216449660016241e-14,-2.081668171158531e-15,3.0650659001569644e-12
-1,5.140000000016738,0.010000000000065512,0.38933519100666303,0.030649883794583704,0.03095302233525261,3.5521337295249,-0.25921636036017415,-0.022124735446563362,3.941468920531563,-0.22856647656559045,0.008828286888689248,0.5,0.0,0.0,0.0,0.0,0.0,0.0,0.0,0.0,0.0,0.0,0.0,0.0,0.0,0.0,0.0,0.4999999999970246,6.106226635398358e-14,-2.9143354396219436e-14,0.5,0.0,0.0,-2.9753977059954195e-12,6.106226635398358e-14,-2.9143354396219436e-14,2.9761669046477474e-12
-1,5.150000000016804,0.010000000000065512,0.3943351910066694,0.030649883794583704,0.03095302233525261,3.5521337295248987,-0.259216360360174,-0.022124735446562824,3.946468920531568,-0.2285664765655903,0.008828286888689786,0.5,0.0,0.0,0.0,0.0,0.0,0.0,0.0,0.0,0.0,0.0,0.0,0.0,0.0,0.0,0.0,0.49999999999724665,1.665334536926825e-14,5.377642775492872e-14,0.5,0.0,0.0,-2.7533531010703882e-12,1.665334536926825e-14,5.377642775492872e-14,2.753928564300097e-12
-1,5.160000000016869,0.010000000000065512,0.3993351910066758,0.030649883794583704,0.03095302233525261,3.5521337295249023,-0.2592163603601734,-0.02212473544656269,3.9514689205315783,-0.22856647656558973,0.008828286888689921,0.5,0.0,0.0,0.0,0.0,0.0,0.0,0.0,0.0,0.0,0.0,0.0,0.0,0.0,0.0,0.0,0.49999999999773515,5.551115123089416e-14,1.3530843112530453e-14,0.5,0.0,0.0,-2.2648549702353193e-12,5.551115123089416e-14,1.3530843112530453e-14,2.265575557739345e-12
-1,5.170000000016935,0.010000000000065512,0.4043351910066822,0.030649883794583704,0.03095302233525261,3.552133729524898,-0.259216360360174,-0.022124735446563085,3.95646892053158,-0.2285664765655903,0.008828286888689526,0.5,0.0,0.0,0.0,0.0,0.0,0.0,0.0,0.0,0.0,0.0,0.0,0.0,0.0,0.0,0.0,0.4999999999968914,-5.551115123089416e-14,-3.955169525201209e-14,0.5,0.0,0.0,-3.1086244689504383e-12,-5.551115123089416e-14,-3.955169525201209e-14,3.109371626786622e-12
-1,5.180000000017,0.010000000000065512,0.40933519100668864,0.030649883794583704,0.03095302233525261,3.5521337295248956,-0.2592163603601742,-0.022124735446563126,3.9614689205315843,-0.2285664765655905,0.008828286888689484,0.5,0.0,0.0,0.0,0.0,0.0,0.0,0.0,0.0,0.0,0.0,0.0,0.0,0.0,0.0,0.0,0.49999999999715783,-2.2204460492357665e-14,-4.163336342317062e-15,0.5,0.0,0.0,-2.8421709430404007e-12,-2.2204460492357665e-14,-4.163336342317062e-15,2.8422607271146707e-12
-1,5.190000000017066,0.010000000000065512,0.414335191006695,0.030649883794583704,0.03095302233525261,3.5521337295248996,-0.259216360360174,-0.022124735446562942,3.966468920531595,-0.2285664765655903,0.008828286888689668,0.5,0.0,0.0,0.0,0.0,0.0,0.0,0.0,0.0,0.0,0.0,0.0,0.0,0.0,0.0,0.0,0.49999999999777955,2.2204460492357665e-14,1.838806884523369e-14,0.5,0.0,0.0,-2.220446049250313e-12,2.2204460492357665e-14,1.838806884523369e-14,2.2206332017631676e-12
-1,5.200000000017131,0.010000000000065512,0.41981841650907115,0.031490930707761634,0.028569496554921893,3.5511672785201607,-0.26089845418653046,-0.017357683885901233,3.9709856950292317,-0.22940752347876883,0.01121181266902066,0.5,0.0,0.0,0.0,0.0,0.0,0.0,0.0,0.0,0.0,0.0,0.0,0.0,0.0,0.0,0.0,0.4516774497607287,-0.08410469131730348,0.23835257803153767,0.5,0.0,0.0,-0.04832255023927129,-0.08410469131730348,0.23835257803153767,0.2573336733066352
-1,5.210000000017197,0.010000000000065512,0.4228289600615747,0.0321946643824603,0.030479075097884726,3.5551461914151656,-0.26230592153592713,-0.021176840971826823,3.9779751514767403,-0.23011125715346684,0.009302234126057903,0.5,0.0,0.0,0.0,0.0,0.0,0.0,0.0,0.0,0.0,0.0,0.0,0.0,0.0,0.0,0.0,0.6989456447462802,-0.07037336746933935,-0.19095785429502465,0.5,0.0,0.0,0.19894564474628018,-0.07037336746933935,-0.19095785429502465,0.28459916115380185
-1,5.220000000017262,0.010000000000065512,0.4278289600615811,0.0321946643824603,0.030479075097884726,3.5551461914151643,-0.26230592153592736,-0.021176840971827114,3.9829751514767455,-0.23011125715346706,0.009302234126057612,0.5,0.0,0.0,0.0,0.0,0.0,0.0,0.0,0.0,0.0,0.0,0.0,0.0,0.0,0.0,0.0,0.49999999999724665,-2.2204460492357665e-14,-2.9143354396219436e-14,0.5,0.0,0.0,-2.7533531010703882e-12,-2.2204460492357665e-14,-2.9143354396219436e-14,2.753596860897605e-12
-1,5.230000000017328,0.010000000000065512,0.43271483166857655,0.03330300944717766,0.02549540577442359,3.555374448201185,-0.2645226116653613,-0.011209502324904676,3.9880892798697616,-0.23121960221818363,0.014285903449518914,0.5,0.0,0.0,0.0,0.0,0.0,0.0,0.0,0.0,0.0,0.0,0.0,0.0,0.0,0.0,0.0,0.5114128392982557,-0.1108345064709315,0.49836693234286533,0.5,0.0,0.0,0.01141283929825565,-0.1108345064709315,0.49836693234286533,0.5106702849964357
-1,5.240000000017393,0.010000000000065512,0.43771483166858294,0.03330300944717766,0.02549540577442359,3.5553744482011824,-0.2645226116653623,-0.011209502324904641,3.9930892798697655,-0.23121960221818463,0.014285903449518949,0.5,0.0,0.0,0.0,0.0,0.0,0.0,0.0,0.0,0.0,0.0,0.0,0.0,0.0,0.0,0.0,0.4999999999971134,-9.99200722156095e-14,3.469446951930885e-15,0.5,0.0,0.0,-2.886579864025407e-12,-9.99200722156095e-14,3.469446951930885e-15,2.8883108159079178e-12
-1,5.250000000017459,0.010000000000065512,0.4409507419981193,0.03439988815956264,0.024976452331720092,3.558902627542125,-0.2667163690901327,-0.010171595439498068,3.9998533695402445,-0.23231648093057006,0.014804856892222024,0.5,0.0,0.0,0.0,0.0,0.0,0.0,0.0,0.0,0.0,0.0,0.0,0.0,0.0,0.0,0.0,0.6764089670434721,-0.10968787123782381,0.05189534426996749,0.5,0.0,0.0,0.1764089670434721,-0.10968787123782381,0.05189534426996749,0.21411370695714158
-1,5.260000000017524,0.010000000000065512,0.4459507419981257,0.03439988815956264,0.024976452331720092,3.5589026275421327,-0.2667163690901323,-0.010171595439498152,4.004853369540259,-0.23231648093056967,0.01480485689222194,0.5,0.0,0.0,0.0,0.0,0.0,0.0,0.0,0.0,0.0,0.0,0.0,0.0,0.0,0.0,0.0,0.4999999999981348,3.885780586162591e-14,-8.326672684634124e-15,0.5,0.0,0.0,-1.865174681370263e-12,3.885780586162591e-14,-8.326672684634124e-15,1.865597988468855e-12
-1,5.27000000001759,0.010000000000065512,0.4503776917755865,0.033839935781913744,0.023974666862801072,3.560048727987226,-0.2655964643348339,-0.008168024501659947,4.010426419762813,-0.23175652855292017,0.015806642361141127,0.5,0.0,0.0,0.0,0.0,0.0,0.0,0.0,0.0,0.0,0.0,0.0,0.0,0.0,0.0,0.0,0.5573050222517656,0.05599523776458291,0.10017854689126234,0.5,0.0,0.0,0.05730502225176559,0.05599523776458291,0.10017854689126234,0.1282773303621196
-1,5.2800000000176555,0.010000000000065512,0.45473880790122234,0.03332886038334061,0.02434573290088323,3.561326495735969,-0.26457431353768845,-0.008910156577824485,4.016065303637191,-0.23124545315434786,0.015435576323058746,0.5,0.0,0.0,0.0,0.0,0.0,0.0,0.0,0.0,0.0,0.0,0.0,0.0,0.0,0.0,0.0,0.5638883874341445,0.05110753985689656,-0.037106603807994985,0.5,0.0,0.0,0.06388838743414449,0.05110753985689656,-0.037106603807994985,0.0898365556180953
-1,5.290000000017721,0.010000000000065512,0.45973880790122873,0.03332886038334061,0.02434573290088323,3.5613264957359676,-0.26457431353768784,-0.008910156577824388,4.021065303637196,-0.23124545315434725,0.015435576323058843,0.5,0.0,0.0,0.0,0.0,0.0,0.0,0.0,0.0,0.0,0.0,0.0,0.0,0.0,0.0,0.0,0.49999999999724665,6.106226635398358e-14,9.714451465406478e-15,0.5,0.0,0.0,-2.7533531010703882e-12,6.106226635398358e-14,9.714451465406478e-15,2.7540472527016458e-12
-1,5.3000000000177865,0.010000000000065512,0.4647388079012352,0.03332886038334061,0.02434573290088323,3.5613264957359707,-0.2645743135376883,-0.008910156577824452,4.026065303637206,-0.2312454531543477,0.015435576323058779,0.5,0.0,0.0,0.0,0.0,0.0,0.0,0.0,0.0,0.0,0.0,0.0,0.0,0.0,0.0,0.0,0.49999999999769074,-4.440892098471533e-14,-6.4184768610721376e-15,0.5,0.0,0.0,-2.3092638912203256e-12,-4.440892098471533e-14,-6.4184768610721376e-15,2.309699778846221e-12
-1,5.310000000017852,0.010000000000065512,0.46973880790124156,0.03332886038334061,0.02434573290088323,3.5613264957359676,-0.26457431353768784,-0.008910156577824175,4.0310653036372095,-0.23124545315434725,0.015435576323059056,0.5,0.0,0.0,0.0,0.0,0.0,0.0,0.0,0.0,0.0,0.0,0.0,0.0,0.0,0.0,0.0,0.499999999997069,4.440892098471533e-14,2.775557561544708e-14,0.5,0.0,0.0,-2.9309887850104133e-12,4.440892098471533e-14,2.775557561544708e-14,2.9314565973415996e-12
-1,5.3200000000179175,0.010000000000065512,0.4747388079012297,0.03332886038334061,0.02434573290088323,3.5613264957359703,-0.26457431353768784,-0.008910156577824546,4.0360653036372,-0.23124545315434725,0.015435576323058685,0.5,0.0,0.0,0.0,0.0,0.0,0.0,0.0,0.0,0.0,0.0,0.0,0.0,0.0,0.0,0.0,0.49999999999573674,0.0,-3.712308238566047e-14,0.5,0.0,0.0,-4.263256414560601e-12,0.0,-3.712308238566047e-14,4.263418039500457e-12
-1,5.330000000017983,0.010000000000065512,0.47973880790120993,0.03332886038334061,0.02434573290088323,3.5613264957359663,-0.26457431353768784,-0.008910156577824409,4.041065303637176,-0.23124545315434725,0.015435576323058822,0.5,0.0,0.0,0.0,0.0,0.0,0.0,0.0,0.0,0.0,0.0,0.0,0.0,0.0,0.0,0.0,0.4999999999944045,0.0,1.3704315460126996e-14,0.5,0.0,0.0,-5.595524044110789e-12,0.0,1.3704315460126996e-14,5.595540826093953e-12
-1,5.3400000000180485,0.010000000000065512,0.48473880790119017,0.03332886038334061,0.02434573290088323,3.561326495735969,-0.2645743135376883,-0.008910156577824294,4.046065303637159,-0.2312454531543477,0.015435576323058937,0.5,0.0,0.0,0.0,0.0,0.0,0.0,0.0,0.0,0.0,0.0,0.0,0.0,0.0,0.0,0.0,0.4999999999950262,-4.440892098471533e-14,1.144917494137192e-14,0.5,0.0,0.0,-4.973799150320701e-12,-4.440892098471533e-14,1.144917494137192e-14,4.974010577351117e-12
-1,5.350000000018114,0.010000000000065512,0.4897388079011704,0.03332886038334061,0.02434573290088323,3.5613264957359707,-0.26457431353768834,-0.008910156577824362,4.051065303637142,-0.23124545315434775,0.015435576323058869,0.5,0.0,0.0,0.0,0.0,0.0,0.0,0.0,0.0,0.0,0.0,0.0,0.0,0.0,0.0,0.0,0.4999999999949374,-5.551115123089416e-15,-6.765421556265226e-15,0.5,0.0,0.0,-5.062616992290714e-12,-5.551115123089416e-15,-6.765421556265226e-15,5.06262455614068e-12
-1,5.3600000000181796,0.010000000000065512,0.49473880790115066,0.03332886038334061,0.02434573290088323,3.5613264957359685,-0.26457431353768796,-0.008910156577824426,4.056065303637119,-0.23124545315434736,0.015435576323058805,0.5,0.0,0.0,0.0,0.0,0.0,0.0,0.0,0.0,0.0,0.0,0.0,0.0,0.0,0.0,0.0,0.4999999999944933,3.885780586162591e-14,-6.4184768610721376e-15,0.5,0.0,0.0,-5.5067062021407764e-12,3.885780586162591e-14,-6.4184768610721376e-15,5.506847040059974e-12
-1,5.370000000018245,0.010000000000065512,0.4997388079011309,0.03332886038334061,0.02434573290088323,3.5613264957359756,-0.2645743135376879,-0.008910156577824178,4.061065303637107,-0.2312454531543473,0.015435576323059053,0.5,0.0,0.0,0.0,0.0,0.0,0.0,0.0,0.0,0.0,0.0,0.0,0.0,0.0,0.0,0.0,0.4999999999954703,5.551115123089416e-15,2.480654570630583e-14,0.5,0.0,0.0,-4.529709940470639e-12,5.551115123089416e-15,2.480654570630583e-14,4.529781266726629e-12
-1,5.380000000018311,0.010000000000065512,0.5047388079011111,0.03332886038334061,0.02434573290088323,3.5613264957359783,-0.26457431353768807,-0.00891015657782433,4.06606530363709,-0.23124545315434747,0.0154355763230589,0.5,0.0,0.0,0.0,0.0,0.0,0.0,0.0,0.0,0.0,0.0,0.0,0.0,0.0,0.0,0.0,0.4999999999950262,-1.665334536926825e-14,-1.5265566588495894e-14,0.5,0.0,0.0,-4.973799150320701e-12,-1.665334536926825e-14,-1.5265566588495894e-14,4.973850456051748e-12
-1,5.390000000018376,0.010000000000065512,0.5097388079010914,0.03332886038334061,0.02434573290088323,3.561326495735974,-0.26457431353768757,-0.008910156577824404,4.071065303637065,-0.23124545315434697,0.015435576323058827,0.5,0.0,0.0,0.0,0.0,0.0,0.0,0.0,0.0,0.0,0.0,0.0,0.0,0.0,0.0,0.0,0.49999999999422684,4.996003610780475e-14,-7.285838599054859e-15,0.5,0.0,0.0,-5.773159728050814e-12,4.996003610780475e-14,-7.285838599054859e-15,5.7733804944971136e-12
-1,5.400000000018442,0.010000000000065512,0.5147388079010716,0.03332886038334061,0.02434573290088323,3.561326495735978,-0.2645743135376879,-0.008910156577824369,4.0760653036370496,-0.2312454531543473,0.015435576323058862,0.5,0.0,0.0,0.0,0.0,0.0,0.0,0.0,0.0,0.0,0.0,0.0,0.0,0.0,0.0,0.0,0.49999999999520384,-3.33066907385365e-14,3.469446951930885e-15,0.5,0.0,0.0,-4.796163466380676e-12,-3.33066907385365e-14,3.469446951930885e-15,4.796280368051351e-12
-1,5.410000000018507,0.010000000000065512,0.5218889756654861,0.03151055625407667,0.020146928941246395,3.5570261602071063,-0.26093770527915977,-0.0005125486585507762,4.078915135872593,-0.2294271490250831,0.019634380282695617,0.5,0.0,0.0,0.0,0.0,0.0,0.0,0.0,0.0,0.0,0.0,0.0,0.0,0.0,0.0,0.0,0.2849832235524356,0.1818304129252291,0.41988039596092475,0.5,0.0,0.0,-0.2150167764475644,0.1818304129252291,0.41988039596092475,0.5055631119165679
-1,5.420000000018573,0.010000000000065512,0.5268889756654663,0.03151055625407667,0.020146928941246395,3.5570261602071063,-0.2609377052791602,-0.0005125486585507535,4.083915135872573,-0.22942714902508354,0.01963438028269564,0.5,0.0,0.0,0.0,0.0,0.0,0.0,0.0,0.0,0.0,0.0,0.0,0.0,0.0,0.0,0.0,0.49999999999475975,-4.440892098471533e-14,2.4286128663516194e-15,0.5,0.0,0.0,-5.240252676230739e-12,-4.440892098471533e-14,2.4286128663516194e-15,5.240441409000477e-12
-1,5.430000000018638,0.010000000000065512,0.5318889756654466,0.03151055625407667,0.020146928941246395,3.5570261602071125,-0.2609377052791593,-0.0005125486585507517,4.0889151358725595,-0.22942714902508266,0.019634380282695645,0.5,0.0,0.0,0.0,0.0,0.0,0.0,0.0,0.0,0.0,0.0,0.0,0.0,0.0,0.0,0.0,0.49999999999538147,8.881784196943066e-14,3.469446951930885e-16,0.5,0.0,0.0,-4.618527782440651e-12,8.881784196943066e-14,3.469446951930885e-16,4.6193817342366164e-12
-1,5.440000000018704,0.010000000000065512,0.5368889756654268,0.03151055625407667,0.020146928941246395,3.5570261602071143,-0.2609377052791599,-0.0005125486585508567,4.093915135872541,-0.2294271490250832,0.019634380282695537,0.5,0.0,0.0,0.0,0.0,0.0,0.0,0.0,0.0,0.0,0.0,0.0,0.0,0.0,0.0,0.0,0.49999999999484857,-5.551115123089416e-14,-1.0755285550985745e-14,0.5,0.0,0.0,-5.151434834260726e-12,-5.551115123089416e-14,-1.0755285550985745e-14,5.151745142736886e-12
-1,5.450000000018769,0.010000000000065512,0.5418889756654071,0.03151055625407667,0.020146928941246395,3.557026160207111,-0.26093770527916005,-0.0005125486585506828,4.098915135872518,-0.22942714902508338,0.01963438028269571,0.5,0.0,0.0,0.0,0.0,0.0,0.0,0.0,0.0,0.0,0.0,0.0,0.0,0.0,0.0,0.0,0.4999999999944933,-1.665334536926825e-14,1.7347234759654424e-14,0.5,0.0,0.0,-5.5067062021407764e-12,-1.665334536926825e-14,1.7347234759654424e-14,5.5067587070037386e-12
-1,5.460000000018835,0.010000000000065512,0.5468889756653873,0.03151055625407667,0.020146928941246395,3.5570261602071134,-0.26093770527916066,-0.0005125486585505648,4.103915135872501,-0.229427149025084,0.01963438028269583,0.5,0.0,0.0,0.0,0.0,0.0,0.0,0.0,0.0,0.0,0.0,0.0,0.0,0.0,0.0,0.0,0.4999999999949374,-6.106226635398358e-14,1.179611963656501e-14,0.5,0.0,0.0,-5.062616992290714e-12,-6.106226635398358e-14,1.179611963656501e-14,5.062998968935451e-12
-1,5.4700000000189,0.010000000000065512,0.5518889756653675,0.03151055625407667,0.020146928941246395,3.557026160207111,-0.2609377052791611,-0.0005125486585505596,4.108915135872479,-0.22942714902508443,0.019634380282695835,0.5,0.0,0.0,0.0,0.0,0.0,0.0,0.0,0.0,0.0,0.0,0.0,0.0,0.0,0.0,0.0,0.4999999999945821,-4.440892098471533e-14,6.93889390386177e-16,0.5,0.0,0.0,-5.417888360170764e-12,-4.440892098471533e-14,6.93889390386177e-16,5.418070405321378e-12
-1,5.480000000018966,0.010000000000065512,0.5568889756653478,0.03151055625407667,0.020146928941246395,3.557026160207111,-0.2609377052791598,-0.0005125486585504865,4.113915135872459,-0.22942714902508315,0.019634380282695908,0.5,0.0,0.0,0.0,0.0,0.0,0.0,0.0,0.0,0.0,0.0,0.0,0.0,0.0,0.0,0.0,0.49999999999467093,1.2767564783105658e-13,7.285838599054859e-15,0.5,0.0,0.0,-5.329070518200751e-12,1.2767564783105658e-13,7.285838599054859e-15,5.330604725774516e-12
-1,5.490000000019031,0.010000000000065512,0.5598841445945955,0.032161865087630075,0.019301461839520164,3.561035822348574,-0.26224032294626665,0.001178385544902048,4.12091996694317,-0.23007845785863656,0.020479847384422212,0.5,0.0,0.0,0.0,0.0,0.0,0.0,0.0,0.0,0.0,0.0,0.0,0.0,0.0,0.0,0.0,0.7004831070665258,-0.06513088335491432,0.08454671017207648,0.5,0.0,0.0,0.20048310706652583,-0.06513088335491432,0.08454671017207648,0.22712035220684346
-1,5.500000000019097,0.010000000000065512,0.5648841445945757,0.032161865087630075,0.019301461839520164,3.561035822348578,-0.2622403229462665,0.0011783855449019717,4.125919966943154,-0.2300784578586364,0.020479847384422135,0.5,0.0,0.0,0.0,0.0,0.0,0.0,0.0,0.0,0.0,0.0,0.0,0.0,0.0,0.0,0.0,0.499999999995115,1.665334536926825e-14,-7.632783294247947e-15,0.5,0.0,0.0,-4.884981308350689e-12,1.665334536926825e-14,-7.632783294247947e-15,4.885015657726023e-12
-1,5.510000000019162,0.010000000000065512,0.5698841445945559,0.032161865087630075,0.019301461839520164,3.561035822348574,-0.26224032294626676,0.0011783855449018798,4.1309199669431305,-0.23007845785863668,0.020479847384422045,0.5,0.0,0.0,0.0,0.0,0.0,0.0,0.0,0.0,0.0,0.0,0.0,0.0,0.0,0.0,0.0,0.4999999999944045,-2.775557561544708e-14,-9.020562075020302e-15,0.5,0.0,0.0,-5.595524044110789e-12,-2.775557561544708e-14,-9.020562075020302e-15,5.595600152864736e-12
-1,5.520000000019228,0.010000000000065512,0.5748841445945362,0.032161865087630075,0.019301461839520164,3.561035822348571,-0.26224032294626737,0.0011783855449018499,4.135919966943107,-0.2300784578586373,0.020479847384422014,0.5,0.0,0.0,0.0,0.0,0.0,0.0,0.0,0.0,0.0,0.0,0.0,0.0,0.0,0.0,0.0,0.4999999999944045,-6.106226635398358e-14,-3.122502256737797e-15,0.5,0.0,0.0,-5.595524044110789e-12,-6.106226635398358e-14,-3.122502256737797e-15,5.5958580824226225e-12
-1,5.530000000019293,0.010000000000065512,0.5798841445945164,0.032161865087630075,0.019301461839520164,3.5610358223485745,-0.26224032294626765,0.001178385544901676,4.140919966943091,-0.23007845785863756,0.02047984738442184,0.5,0.0,0.0,0.0,0.0,0.0,0.0,0.0,0.0,0.0,0.0,0.0,0.0,0.0,0.0,0.0,0.499999999995115,-2.775557561544708e-14,-1.7347234759654424e-14,0.5,0.0,0.0,-4.884981308350689e-12,-2.775557561544708e-14,-1.7347234759654424e-14,4.885090959385215e-12
-1,5.540000000019359,0.010000000000065512,0.5848841445944967,0.032161865087630075,0.019301461839520164,3.5610358223485687,-0.2622403229462684,0.001178385544901645,4.145919966943065,-0.23007845785863834,0.02047984738442181,0.5,0.0,0.0,0.0,0.0,0.0,0.0,0.0,0.0,0.0,0.0,0.0,0.0,0.0,0.0,0.0,0.499999999994138,-7.771561172325182e-14,-3.122502256737797e-15,0.5,0.0,0.0,-5.8619775700208265e-12,-7.771561172325182e-14,-3.122502256737797e-15,5.862493539250439e-12
-1,5.550000000019424,0.010000000000065512,0.5898841445944769,0.032161865087630075,0.019301461839520164,3.5610358223485647,-0.26224032294626837,0.0011783855449015097,4.150919966943041,-0.23007845785863829,0.020479847384421674,0.5,0.0,0.0,0.0,0.0,0.0,0.0,0.0,0.0,0.0,0.0,0.0,0.0,0.0,0.0,0.0,0.49999999999431566,5.551115123089416e-15,-1.3530843112530453e-14,0.5,0.0,0.0,-5.6843418860808015e-12,5.551115123089416e-15,-1.3530843112530453e-14,5.684360700769005e-12
-1,5.56000000001949,0.010000000000065512,0.5948841445944572,0.032161865087630075,0.019301461839520164,3.561035822348567,-0.26224032294626753,0.0011783855449016623,4.155919966943024,-0.23007845785863745,0.020479847384421827,0.5,0.0,0.0,0.0,0.0,0.0,0.0,0.0,0.0,0.0,0.0,0.0,0.0,0.0,0.0,0.0,0.4999999999950262,8.326672684634124e-14,1.5265566588495894e-14,0.5,0.0,0.0,-4.973799150320701e-12,8.326672684634124e-14,1.5265566588495894e-14,4.974519511777384e-12
-1,5.570000000019555,0.010000000000065512,0.5998841445944374,0.032161865087630075,0.019301461839520164,3.5610358223485683,-0.2622403229462678,0.0011783855449016467,4.1609199669430055,-0.23007845785863773,0.02047984738442181,0.5,0.0,0.0,0.0,0.0,0.0,0.0,0.0,0.0,0.0,0.0,0.0,0.0,0.0,0.0,0.0,0.49999999999484857,-2.775557561544708e-14,-1.7347234759654426e-15,0.5,0.0,0.0,-5.151434834260726e-12,-2.775557561544708e-14,-1.7347234759654426e-15,5.151509898357774e-12
-1,5.580000000019621,0.010000000000065512,0.6048841445944176,0.032161865087630075,0.019301461839520164,3.5610358223485714,-0.2622403229462674,0.0011783855449013917,4.165919966942989,-0.23007845785863734,0.020479847384421556,0.5,0.0,0.0,0.0,0.0,0.0,0.0,0.0,0.0,0.0,0.0,0.0,0.0,0.0,0.0,0.0,0.499999999995115,3.885780586162591e-14,-2.532696274909546e-14,0.5,0.0,0.0,-4.884981308350689e-12,3.885780586162591e-14,-2.532696274909546e-14,4.8852015073130895e-12
-1,5.590000000019686,0.010000000000065512,0.6088041961223077,0.030868089789492542,0.0186844045098257,3.563195719292751,-0.2596527723499923,0.0024125002042908166,4.171999915415059,-0.22878468256049975,0.021096904714116516,0.5,0.0,0.0,0.0,0.0,0.0,0.0,0.0,0.0,0.0,0.0,0.0,0.0,0.0,0.0,0.0,0.6079948472029665,0.12937752981291192,0.06170573296909171,0.5,0.0,0.0,0.10799484720296648,0.12937752981291192,0.06170573296909171,0.17946874302823831
-1,5.600000000019752,0.010000000000065512,0.613804196122288,0.030868089789492542,0.0186844045098257,3.56319571929275,-0.2596527723499922,0.0024125002042907264,4.176999915415038,-0.22878468256049964,0.021096904714116425,0.5,0.0,0.0,0.0,0.0,0.0,0.0,0.0,0.0,0.0,0.0,0.0,0.0,0.0,0.0,0.0,0.49999999999467093,1.1102230246178832e-14,-9.020562075020302e-15,0.5,0.0,0.0,-5.329070518200751e-12,1.1102230246178832e-14,-9.020562075020302e-15,5.329089717579637e-12
-1,5.610000000019817,0.010000000000065512,0.6188041961222682,0.030868089789492542,0.0186844045098257,3.5631957192927595,-0.25965277234999257,0.0024125002042909025,4.181999915415028,-0.22878468256050002,0.021096904714116602,0.5,0.0,0.0,0.0,0.0,0.0,0.0,0.0,0.0,0.0,0.0,0.0,0.0,0.0,0.0,0.0,0.4999999999956479,-3.885780586162591e-14,1.7694179454847514e-14,0.5,0.0,0.0,-4.352074256530614e-12,-3.885780586162591e-14,1.7694179454847514e-14,4.352283693352199e-12
-1,5.620000000019883,0.010000000000065512,0.6238041961222485,0.030868089789492542,0.0186844045098257,3.5631957192927595,-0.2596527723499929,0.00241250020429097,4.186999915415008,-0.22878468256050036,0.02109690471411667,0.5,0.0,0.0,0.0,0.0,0.0,0.0,0.0,0.0,0.0,0.0,0.0,0.0,0.0,0.0,0.0,0.49999999999475975,-3.33066907385365e-14,6.93889390386177e-15,0.5,0.0,0.0,-5.240252676230739e-12,-3.33066907385365e-14,6.93889390386177e-15,5.240363116678078e-12
-1,5.630000000019948,0.010000000000065512,0.6272686799447875,0.03149798609757285,0.019791491295389603,3.5662667516476416,-0.260912564966154,0.00019832663316311197,4.193535431592429,-0.22941457886858116,0.019989817928552714,0.5,0.0,0.0,0.0,0.0,0.0,0.0,0.0,0.0,0.0,0.0,0.0,0.0,0.0,0.0,0.0,0.6535516177378392,-0.06298963080766752,-0.1107086785556705,0.5,0.0,0.0,0.1535516177378392,-0.06298963080766752,-0.1107086785556705,0.19950489820236628
-1,5.640000000020014,0.010000000000065512,0.6322686799447678,0.03149798609757285,0.019791491295389603,3.566266751647641,-0.26091256496615356,0.0001983266331631432,4.198535431592409,-0.22941457886858072,0.019989817928552745,0.5,0.0,0.0,0.0,0.0,0.0,0.0,0.0,0.0,0.0,0.0,0.0,0.0,0.0,0.0,0.0,0.49999999999467093,4.440892098471533e-14,3.122502256737797e-15,0.5,0.0,0.0,-5.329070518200751e-12,4.440892098471533e-14,3.122502256737797e-15,5.329256466922923e-12
-1,5.650000000020079,0.010000000000065512,0.637268679944748,0.03149798609757285,0.019791491295389603,3.5662667516476403,-0.260912564966153,0.0001983266331631562,4.203535431592388,-0.22941457886858016,0.01998981792855276,0.5,0.0,0.0,0.0,0.0,0.0,0.0,0.0,0.0,0.0,0.0,0.0,0.0,0.0,0.0,0.0,0.49999999999467093,5.551115123089416e-14,1.387778780772354e-15,0.5,0.0,0.0,-5.329070518200751e-12,5.551115123089416e-14,1.387778780772354e-15,5.329359811628161e-12
-1,5.660000000020145,0.010000000000065512,0.6422686799447282,0.03149798609757285,0.019791491295389603,3.5662667516476367,-0.26091256496615356,0.00019832663316326715,4.208535431592365,-0.22941457886858072,0.01998981792855287,0.5,0.0,0.0,0.0,0.0,0.0,0.0,0.0,0.0,0.0,0.0,0.0,0.0,0.0,0.0,0.0,0.4999999999944045,-5.551115123089416e-14,1.1102230246178832e-14,0.5,0.0,0.0,-5.595524044110789e-12,-5.551115123089416e-14,1.1102230246178832e-14,5.595810403833334e-12
-1,5.67000000002021,0.010000000000065512,0.6456234872782303,0.03268154539296012,0.01904188280786986,3.569557136980594,-0.2632796835569282,0.0016975436082025122,4.215180624258824,-0.2305981381639681,0.020739426416072373,0.5,0.0,0.0,0.0,0.0,0.0,0.0,0.0,0.0,0.0,0.0,0.0,0.0,0.0,0.0,0.0,0.6645192666415931,-0.11835592953796281,0.0749608487514592,0.5,0.0,0.0,0.1645192666415931,-0.11835592953796281,0.0749608487514592,0.21608758409177972
-1,5.680000000020276,0.010000000000065512,0.6506234872782105,0.03268154539296012,0.01904188280786986,3.5695571369805945,-0.26327968355692777,0.0016975436082025798,4.220180624258805,-0.23059813816396765,0.020739426416072442,0.5,0.0,0.0,0.0,0.0,0.0,0.0,0.0,0.0,0.0,0.0,0.0,0.0,0.0,0.0,0.0,0.49999999999475975,4.440892098471533e-14,6.93889390386177e-15,0.5,0.0,0.0,-5.240252676230739e-12,4.440892098471533e-14,6.93889390386177e-15,5.24044544015631e-12
-1,5.6900000000203415,0.010000000000065512,0.6541618171344245,0.03161115168448109,0.017739167910793933,3.572480477268126,-0.2611388961399701,0.004302973402354477,4.22664229440255,-0.229527744455489,0.02204214131314841,0.5,0.0,0.0,0.0,0.0,0.0,0.0,0.0,0.0,0.0,0.0,0.0,0.0,0.0,0.0,0.0,0.6461670143703325,0.10703937084716274,0.13027148970674346,0.5,0.0,0.0,0.14616701437033253,0.10703937084716274,0.13027148970674346,0.22314319176642516
-1,5.700000000020407,0.010000000000065512,0.6591618171344047,0.03161115168448109,0.017739167910793933,3.572480477268118,-0.26113889613997054,0.0043029734023544855,4.231642294402523,-0.22952774445548946,0.022042141313148418,0.5,0.0,0.0,0.0,0.0,0.0,0.0,0.0,0.0,0.0,0.0,0.0,0.0,0.0,0.0,0.0,0.4999999999939604,-4.440892098471533e-14,6.93889390386177e-16,0.5,0.0,0.0,-6.0396132539608516e-12,-4.440892098471533e-14,6.93889390386177e-16,6.03977655970526e-12
-1,5.7100000000204725,0.010000000000065512,0.6641618171343849,0.03161115168448109,0.017739167910793933,3.57248047726812,-0.26113889613997077,0.0043029734023540865,4.236642294402505,-0.22952774445548968,0.02204214131314802,0.5,0.0,0.0,0.0,0.0,0.0,0.0,0.0,0.0,0.0,0.0,0.0,0.0,0.0,0.0,0.0,0.4999999999949374,-2.2204460492357665e-14,-3.989863994720518e-14,0.5,0.0,0.0,-5.062616992290714e-12,-2.2204460492357665e-14,-3.989863994720518e-14,5.062822903298719e-12
-1,5.720000000020538,0.010000000000065512,0.6691618171343652,0.03161115168448109,0.017739167910793933,3.5724804772681225,-0.26113889613997066,0.004302973402354473,4.241642294402488,-0.22952774445548957,0.022042141313148408,0.5,0.0,0.0,0.0,0.0,0.0,0.0,0.0,0.0,0.0,0.0,0.0,0.0,0.0,0.0,0.0,0.4999999999950262,1.1102230246178832e-14,3.885780586162591e-14,0.5,0.0,0.0,-4.973799150320701e-12,1.1102230246178832e-14,3.885780586162591e-14,4.973963326797228e-12
-1,5.7300000000206035,0.010000000000065512,0.6741618171343454,0.03161115168448109,0.017739167910793933,3.5724804772681202,-0.2611388961399701,0.00430297340235438,4.2466422944024655,-0.229527744455489,0.022042141313148314,0.5,0.0,0.0,0.0,0.0,0.0,0.0,0.0,0.0,0.0,0.0,0.0,0.0,0.0,0.0,0.0,0.4999999999944933,5.551115123089416e-14,-9.36750677021339e-15,0.5,0.0,0.0,-5.5067062021407764e-12,5.551115123089416e-14,-9.36750677021339e-15,5.506993956305905e-12
-1,5.740000000020669,0.010000000000065512,0.6791618171343257,0.03161115168448109,0.017739167910793933,3.5724804772681167,-0.26113889613996966,0.004302973402354557,4.251642294402442,-0.22952774445548857,0.02204214131314849,0.5,0.0,0.0,0.0,0.0,0.0,0.0,0.0,0.0,0.0,0.0,0.0,0.0,0.0,0.0,0.0,0.4999999999944045,4.440892098471533e-14,1.7694179454847514e-14,0.5,0.0,0.0,-5.595524044110789e-12,4.440892098471533e-14,1.7694179454847514e-14,5.595728242549987e-12
-1,5.7500000000207345,0.010000000000065512,0.6841618171343059,0.03161115168448109,0.017739167910793933,3.5724804772681167,-0.2611388961399699,0.004302973402354763,4.256642294402423,-0.2295277444554888,0.022042141313148696,0.5,0.0,0.0,0.0,0.0,0.0,0.0,0.0,0.0,0.0,0.0,0.0,0.0,0.0,0.0,0.0,0.49999999999475975,-2.2204460492357665e-14,2.0469737016392224e-14,0.5,0.0,0.0,-5.240252676230739e-12,-2.2204460492357665e-14,2.0469737016392224e-14,5.240339698811776e-12
-1,5.7600000000208,0.010000000000065512,0.6891618171342861,0.03161115168448109,0.017739167910793933,3.572480477268117,-0.26113889613996977,0.004302973402354406,4.261642294402403,-0.22952774445548868,0.02204214131314834,0.5,0.0,0.0,0.0,0.0,0.0,0.0,0.0,0.0,0.0,0.0,0.0,0.0,0.0,0.0,0.0,0.49999999999475975,1.1102230246178832e-14,-3.573530360488812e-14,0.5,0.0,0.0,-5.240252676230739e-12,1.1102230246178832e-14,-3.573530360488812e-14,5.2403862817719454e-12
-1,5.7700000000208655,0.010000000000065512,0.6941618171342664,0.03161115168448109,0.017739167910793933,3.5724804772681193,-0.2611388961399702,0.004302973402354281,4.266642294402386,-0.22952774445548912,0.022042141313148213,0.5,0.0,0.0,0.0,0.0,0.0,0.0,0.0,0.0,0.0,0.0,0.0,0.0,0.0,0.0,0.0,0.4999999999950262,-4.440892098471533e-14,-1.2490009026951187e-14,0.5,0.0,0.0,-4.973799150320701e-12,-4.440892098471533e-14,-1.2490009026951187e-14,4.974013082041447e-12
-1,5.780000000020931,0.010000000000065512,0.6991618171342466,0.03161115168448109,0.017739167910793933,3.5724804772681185,-0.2611388961399701,0.004302973402354269,4.2716422944023655,-0.229527744455489,0.022042141313148203,0.5,0.0,0.0,0.0,0.0,0.0,0.0,0.0,0.0,0.0,0.0,0.0,0.0,0.0,0.0,0.0,0.49999999999467093,1.1102230246178832e-14,-1.0408340855792655e-15,0.5,0.0,0.0,-5.329070518200751e-12,1.1102230246178832e-14,-1.0408340855792655e-15,5.329082184655108e-12
-1,5.790000000020997,0.010000000000065512,0.7041618171342269,0.03161115168448109,0.017739167910793933,3.572480477268116,-0.2611388961399699,0.004302973402354052,4.276642294402342,-0.2295277444554888,0.022042141313147984,0.5,0.0,0.0,0.0,0.0,0.0,0.0,0.0,0.0,0.0,0.0,0.0,0.0,0.0,0.0,0.0,0.4999999999944045,2.2204460492357665e-14,-2.1857515797164575e-14,0.5,0.0,0.0,-5.595524044110789e-12,2.2204460492357665e-14,-2.1857515797164575e-14,5.595610790368156e-12
-1,5.800000000021062,0.010000000000065512,0.7091618171342071,0.03161115168448109,0.017739167910793933,3.5724804772681145,-0.26113889613996955,0.0043029734023540675,4.281642294402322,-0.22952774445548846,0.022042141313148002,0.5,0.0,0.0,0.0,0.0,0.0,0.0,0.0,0.0,0.0,0.0,0.0,0.0,0.0,0.0,0.0,0.49999999999467093,3.33066907385365e-14,1.7347234759654426e-15,0.5,0.0,0.0,-5.329070518200751e-12,3.33066907385365e-14,1.7347234759654426e-15,5.3291748829316834e-12
-1,5.810000000021128,0.010000000000065512,0.7117215961218476,0.03308591070752838,0.017527178417822895,3.57736091929279,-0.26408841418606377,0.004726952388296443,4.289082515414638,-0.2310025034785354,0.02225413080611934,0.5,0.0,0.0,0.0,0.0,0.0,0.0,0.0,0.0,0.0,0.0,0.0,0.0,0.0,0.0,0.0,0.7440221012267153,-0.1474759023037284,0.02119894929699478,0.5,0.0,0.0,0.2440221012267153,-0.1474759023037284,0.02119894929699478,0.2859113902919866
-1,5.820000000021193,0.010000000000065512,0.7122268693143071,0.0341060093710081,0.02085790555722739,3.5863503729078348,-0.266128611513024,-0.0019345018905125376,4.298577242222142,-0.23202260214201592,0.018923403666714852,0.5,0.0,0.0,0.0,0.0,0.0,0.0,0.0,0.0,0.0,0.0,0.0,0.0,0.0,0.0,0.0,0.9494726807441871,-0.10200986634738347,-0.33307271393826665,0.5,0.0,0.0,0.4494726807441871,-0.10200986634738347,-0.33307271393826665,0.568655551575626
-1,5.830000000021259,0.010000000000065512,0.7172268693142874,0.0341060093710081,0.02085790555722739,3.5863503729078365,-0.26612861151302436,-0.001934501890512338,4.303577242222124,-0.23202260214201625,0.01892340366671505,0.5,0.0,0.0,0.0,0.0,0.0,0.0,0.0,0.0,0.0,0.0,0.0,0.0,0.0,0.0,0.0,0.4999999999949374,-3.33066907385365e-14,1.9775847626006045e-14,0.5,0.0,0.0,-5.062616992290714e-12,-3.33066907385365e-14,1.9775847626006045e-14,5.062765176307109e-12
-1,5.840000000021324,0.010000000000065512,0.7222268693142676,0.0341060093710081,0.02085790555722739,3.586350372907835,-0.2661286115130246,-0.001934501890512377,4.3085772422221025,-0.23202260214201648,0.01892340366671501,0.5,0.0,0.0,0.0,0.0,0.0,0.0,0.0,0.0,0.0,0.0,0.0,0.0,0.0,0.0,0.0,0.4999999999945821,-2.2204460492357665e-14,-3.8163916471239735e-15,0.5,0.0,0.0,-5.417888360170764e-12,-2.2204460492357665e-14,-3.8163916471239735e-15,5.417935205055964e-12
-1,5.85000000002139,0.010000000000065512,0.7219674837093173,0.034019573494289704,0.02035653922360655,3.596869144117702,-0.26595573975958675,-0.0009317692232706736,4.31883662782702,-0.23193616626529706,0.019424770000335875,0.5,0.0,0.0,0.0,0.0,0.0,0.0,0.0,0.0,0.0,0.0,0.0,0.0,0.0,0.0,0.0,1.0259385604850138,0.008643587671884884,0.05013663336175787,0.5,0.0,0.0,0.5259385604850138,0.008643587671884884,0.05013663336175787,0.5283935682970994
-1,5.860000000021455,0.010000000000065512,0.7269674837092975,0.034019573494289704,0.02035653922360655,3.5968691441177056,-0.2659557397595871,-0.0009317692232707618,4.323836627827003,-0.2319361662652974,0.019424770000335788,0.5,0.0,0.0,0.0,0.0,0.0,0.0,0.0,0.0,0.0,0.0,0.0,0.0,0.0,0.0,0.0,0.4999999999950262,-3.33066907385365e-14,-8.673617379827212e-15,0.5,0.0,0.0,-4.973799150320701e-12,-3.33066907385365e-14,-8.673617379827212e-15,4.9739182296271555e-12
-1,5.870000000021521,0.010000000000065512,0.7319674837092778,0.034019573494289704,0.02035653922360655,3.5968691441177003,-0.26595573975958653,-0.0009317692232705606,4.328836627826978,-0.23193616626529684,0.01942477000033599,0.5,0.0,0.0,0.0,0.0,0.0,0.0,0.0,0.0,0.0,0.0,0.0,0.0,0.0,0.0,0.0,0.49999999999422684,5.551115123089416e-14,2.0122792321199134e-14,0.5,0.0,0.0,-5.773159728050814e-12,5.551115123089416e-14,2.0122792321199134e-14,5.773461670459892e-12
-1,5.880000000021586,0.010000000000065512,0.7356204005600543,0.03267955998898351,0.021550418835073616,3.5995633104161064,-0.2632757127489741,-0.0033195284462047563,4.33518371097616,-0.2305961527599906,0.01823089038886886,0.5,0.0,0.0,0.0,0.0,0.0,0.0,0.0,0.0,0.0,0.0,0.0,0.0,0.0,0.0,0.0,0.634708314914095,0.13400135052974635,-0.11938796114593074,0.5,0.0,0.0,0.13470831491409496,0.13400135052974635,-0.11938796114593074,0.22440182110975213
-1,5.890000000021652,0.010000000000065512,0.7406204005600345,0.03267955998898351,0.021550418835073616,3.5995633104161135,-0.263275712748975,-0.0033195284462047728,4.340183710976148,-0.23059615275999149,0.018230890388868843,0.5,0.0,0.0,0.0,0.0,0.0,0.0,0.0,0.0,0.0,0.0,0.0,0.0,0.0,0.0,0.0,0.4999999999954703,-8.881784196943066e-14,-1.7347234759654426e-15,0.5,0.0,0.0,-4.529709940470639e-12,-8.881784196943066e-14,-1.7347234759654426e-15,4.53058095205418e-12
-1,5.900000000021717,0.010000000000065512,0.7456204005600148,0.03267955998898351,0.021550418835073616,3.5995633104161153,-0.2632757127489741,-0.0033195284462047407,4.34518371097613,-0.2305961527599906,0.018230890388868874,0.5,0.0,0.0,0.0,0.0,0.0,0.0,0.0,0.0,0.0,0.0,0.0,0.0,0.0,0.0,0.0,0.4999999999949374,8.881784196943066e-14,3.122502256737797e-15,0.5,0.0,0.0,-5.062616992290714e-12,8.881784196943066e-14,3.122502256737797e-15,5.063396999021816e-12
-1,5.910000000021783,0.010000000000065512,0.7470683637486848,0.032077121751917806,0.019502492629282137,3.6066673840387318,-0.2620708362748423,0.0007763239653783934,4.353735747787416,-0.2299937145229245,0.02027881659466053,0.5,0.0,0.0,0.0,0.0,0.0,0.0,0.0,0.0,0.0,0.0,0.0,0.0,0.0,0.0,0.0,0.855203681123033,0.060243823706215296,0.20479262057782402,0.5,0.0,0.0,0.355203681123033,0.060243823706215296,0.20479262057782402,0.41441403308916974
-1,5.920000000021848,0.010000000000065512,0.752068363748665,0.032077121751917806,0.019502492629282137,3.606667384038732,-0.26207083627484207,0.0007763239653781432,4.358735747787398,-0.22999371452292428,0.02027881659466028,0.5,0.0,0.0,0.0,0.0,0.0,0.0,0.0,0.0,0.0,0.0,0.0,0.0,0.0,0.0,0.0,0.49999999999484857,2.2204460492357665e-14,-2.4980018053902375e-14,0.5,0.0,0.0,-5.151434834260726e-12,2.2204460492357665e-14,-2.4980018053902375e-14,5.151543253337059e-12
-1,5.930000000021914,0.010000000000065512,0.7570683637486453,0.032077121751917806,0.019502492629282137,3.606667384038732,-0.2620708362748426,0.000776323965378154,4.363735747787377,-0.22999371452292483,0.02027881659466029,0.5,0.0,0.0,0.0,0.0,0.0,0.0,0.0,0.0,0.0,0.0,0.0,0.0,0.0,0.0,0.0,0.49999999999467093,-5.551115123089416e-14,1.0408340855792655e-15,0.5,0.0,0.0,-5.329070518200751e-12,-5.551115123089416e-14,1.0408340855792655e-15,5.3293597325760435e-12
-1,5.940000000021979,0.010000000000065512,0.7620683637486255,0.032077121751917806,0.019502492629282137,3.6066673840387398,-0.2620708362748423,0.0007763239653780985,4.368735747787365,-0.2299937145229245,0.020278816594660236,0.5,0.0,0.0,0.0,0.0,0.0,0.0,0.0,0.0,0.0,0.0,0.0,0.0,0.0,0.0,0.0,0.4999999999955591,3.33066907385365e-14,-5.551115123089416e-15,0.5,0.0,0.0,-4.440892098500626e-12,3.33066907385365e-14,-5.551115123089416e-15,4.441020466182559e-12
-1,5.950000000022045,0.010000000000065512,0.7670683637486058,0.032077121751917806,0.019502492629282137,3.6066673840387313,-0.26207083627484284,0.0007763239653780881,4.373735747787337,-0.22999371452292505,0.020278816594660225,0.5,0.0,0.0,0.0,0.0,0.0,0.0,0.0,0.0,0.0,0.0,0.0,0.0,0.0,0.0,0.0,0.49999999999387157,-5.551115123089416e-14,-1.0408340855792655e-15,0.5,0.0,0.0,-6.128431095930864e-12,-5.551115123089416e-14,-1.0408340855792655e-15,6.128682588356077e-12
-1,5.96000000002211,0.010000000000065512,0.772068363748586,0.032077121751917806,0.019502492629282137,3.6066673840387358,-0.26207083627484307,0.0007763239653787555,4.378735747787322,-0.22999371452292527,0.02027881659466089,0.5,0.0,0.0,0.0,0.0,0.0,0.0,0.0,0.0,0.0,0.0,0.0,0.0,0.0,0.0,0.0,0.49999999999520384,-2.2204460492357665e-14,6.6613381477073e-14,0.5,0.0,0.0,-4.796163466380676e-12,-2.2204460492357665e-14,6.6613381477073e-14,4.796677430983062e-12
-1,5.970000000022176,0.010000000000065512,0.7770683637485662,0.032077121751917806,0.019502492629282137,3.6066673840387358,-0.2620708362748426,0.0007763239653785708,4.383735747787302,-0.22999371452292483,0.020278816594660708,0.5,0.0,0.0,0.0,0.0,0.0,0.0,0.0,0.0,0.0,0.0,0.0,0.0,0.0,0.0,0.0,0.49999999999475975,4.440892098471533e-14,-1.838806884523369e-14,0.5,0.0,0.0,-5.240252676230739e-12,4.440892098471533e-14,-1.838806884523369e-14,5.2404731068942915e-12
-1,5.980000000022241,0.010000000000065512,0.7820683637485465,0.032077121751917806,0.019502492629282137,3.6066673840387384,-0.26207083627484284,0.0007763239653788631,4.388735747787285,-0.22999371452292505,0.020278816594661,0.5,0.0,0.0,0.0,0.0,0.0,0.0,0.0,0.0,0.0,0.0,0.0,0.0,0.0,0.0,0.0,0.4999999999950262,-2.2204460492357665e-14,2.9143354396219436e-14,0.5,0.0,0.0,-4.973799150320701e-12,-2.2204460492357665e-14,2.9143354396219436e-14,4.9739340929391244e-12
-1,5.990000000022307,0.010000000000065512,0.7870683637485267,0.032077121751917806,0.019502492629282137,3.6066673840387393,-0.26207083627484273,0.00077632396537856,4.393735747787266,-0.22999371452292494,0.020278816594660697,0.5,0.0,0.0,0.0,0.0,0.0,0.0,0.0,0.0,0.0,0.0,0.0,0.0,0.0,0.0,0.0,0.49999999999484857,1.1102230246178832e-14,-3.01841884817987e-14,0.5,0.0,0.0,-5.151434834260726e-12,1.1102230246178832e-14,-3.01841884817987e-14,5.151535227132353e-12
-1,6.000000000022372,0.010000000000065512,0.792068363748507,0.032077121751917806,0.019502492629282137,3.6066673840387415,-0.2620708362748426,0.0007763239653787907,4.398735747787248,-0.22999371452292483,0.020278816594660926,0.5,0.0,0.0,0.0,0.0,0.0,0.0,0.0,0.0,0.0,0.0,0.0,0.0,0.0,0.0,0.0,0.4999999999949374,1.1102230246178832e-14,2.289834988274384e-14,0.5,0.0,0.0,-5.062616992290714e-12,1.1102230246178832e-14,2.289834988274384e-14,5.062680950304341e-12
-1,6.010000000022438,0.010000000000065512,0.7884141684523415,0.03491584935225317,0.016832539677270414,3.623975774631035,-0.26774829147551327,0.006116229869401903,4.412389943083377,-0.2328324421232601,0.022948769546672316,0.5,0.0,0.0,0.0,0.0,0.0,0.0,0.0,0.0,0.0,0.0,0.0,0.0,0.0,0.0,0.0,1.3654195296038985,-0.28387276003166695,0.2669952951993898,0.5,0.0,0.0,0.8654195296038985,-0.28387276003166695,0.2669952951993898,0.9491160064852128
-1,6.020000000022503,0.010000000000065512,0.7934141684523217,0.03491584935225317,0.016832539677270414,3.6239757746310315,-0.26774829147551316,0.00611622986940171,4.417389943083354,-0.23283244212325999,0.022948769546672125,0.5,0.0,0.0,0.0,0.0,0.0,0.0,0.0,0.0,0.0,0.0,0.0,0.0,0.0,0.0,0.0,0.4999999999944045,1.1102230246178832e-14,-1.908195823561987e-14,0.5,0.0,0.0,-5.595524044110789e-12,1.1102230246178832e-14,-1.908195823561987e-14,5.595567594879764e-12
-1,6.030000000022569,0.010000000000065512,0.798414168452302,0.03491584935225317,0.016832539677270414,3.6239757746310297,-0.2677482914755136,0.006116229869401618,4.422389943083331,-0.23283244212326043,0.02294876954667203,0.5,0.0,0.0,0.0,0.0,0.0,0.0,0.0,0.0,0.0,0.0,0.0,0.0,0.0,0.0,0.0,0.4999999999944933,-4.440892098471533e-14,-9.36750677021339e-15,0.5,0.0,0.0,-5.5067062021407764e-12,-4.440892098471533e-14,-9.36750677021339e-15,5.506893234768749e-12
-1,6.040000000022634,0.010000000000065512,0.8034141684522822,0.03491584935225317,0.016832539677270414,3.6239757746310306,-0.2677482914755135,0.006116229869401761,4.427389943083313,-0.23283244212326032,0.022948769546672174,0.5,0.0,0.0,0.0,0.0,0.0,0.0,0.0,0.0,0.0,0.0,0.0,0.0,0.0,0.0,0.0,0.49999999999484857,1.1102230246178832e-14,1.422473250291663e-14,0.5,0.0,0.0,-5.151434834260726e-12,1.1102230246178832e-14,1.422473250291663e-14,5.1514664372551295e-12
-1,6.0500000000227,0.010000000000065512,0.8084141684522624,0.03491584935225317,0.016832539677270414,3.623975774631032,-0.26774829147551316,0.006116229869401648,4.432389943083295,-0.23283244212325999,0.022948769546672063,0.5,0.0,0.0,0.0,0.0,0.0,0.0,0.0,0.0,0.0,0.0,0.0,0.0,0.0,0.0,0.0,0.4999999999949374,3.33066907385365e-14,-1.1102230246178832e-14,0.5,0.0,0.0,-5.062616992290714e-12,3.33066907385365e-14,-1.1102230246178832e-14,5.062738725807907e-12
-1,6.060000000022765,0.010000000000065512,0.8134141684522427,0.03491584935225317,0.016832539677270414,3.6239757746310306,-0.2677482914755127,0.006116229869401485,4.437389943083273,-0.23283244212325954,0.0229487695466719,0.5,0.0,0.0,0.0,0.0,0.0,0.0,0.0,0.0,0.0,0.0,0.0,0.0,0.0,0.0,0.0,0.4999999999945821,4.440892098471533e-14,-1.630640067407516e-14,0.5,0.0,0.0,-5.417888360170764e-12,4.440892098471533e-14,-1.630640067407516e-14,5.418094898969547e-12
-1,6.070000000022831,0.010000000000065512,0.8158044767487834,0.035900030162843134,0.014847102185747427,3.6291951580379123,-0.2697166530966928,0.010087104852447466,4.444999634786695,-0.23381662293384967,0.02493420703819489,0.5,0.0,0.0,0.0,0.0,0.0,0.0,0.0,0.0,0.0,0.0,0.0,0.0,0.0,0.0,0.0,0.760969170337222,-0.09841808105836763,0.1985437491509985,0.5,0.0,0.0,0.260969170337222,-0.09841808105836763,0.1985437491509985,0.34236040494286724
-1,6.080000000022896,0.010000000000065512,0.8208044767487637,0.035900030162843134,0.014847102185747427,3.629195158037914,-0.2697166530966931,0.010087104852447742,4.4499996347866775,-0.23381662293385,0.02493420703819517,0.5,0.0,0.0,0.0,0.0,0.0,0.0,0.0,0.0,0.0,0.0,0.0,0.0,0.0,0.0,0.0,0.4999999999949374,-3.33066907385365e-14,2.775557561544708e-14,0.5,0.0,0.0,-5.062616992290714e-12,-3.33066907385365e-14,2.775557561544708e-14,5.0628026347327005e-12
-1,6.090000000022962,0.010000000000065512,0.821849223675312,0.03356696930518296,0.013242937097155688,3.636831856827939,-0.2652103653907071,0.013184892085400614,4.4586810805032515,-0.23164339608552412,0.026427829182556303,0.5,0.0,0.0,0.0,0.0,0.0,0.0,0.0,0.0,0.0,0.0,0.0,0.0,0.0,0.0,0.0,0.8681445716517159,0.2173226848311645,0.14936221443513492,0.5,0.0,0.0,0.3681445716517159,0.2173226848311645,0.14936221443513492,0.45284505747531156
-1,6.1000000000230274,0.010000000000065512,0.8244165504972855,0.02921232864616634,0.012536616858840636,3.6416972031839543,-0.2565010840726747,0.014597532562030939,4.46611375368124,-0.22728875542650834,0.027134149420871577,0.5,0.0,0.0,0.0,0.0,0.0,0.0,0.0,0.0,0.0,0.0,0.0,0.0,0.0,0.0,0.0,0.7432673177939876,0.4354640658987251,0.07063202383106464,0.5,0.0,0.0,0.24326731779398758,0.4354640658987251,0.07063202383106464,0.5037825159592205
-1,6.110000000023093,0.010000000000065512,0.8294165504972657,0.02921232864616634,0.012536616858840636,3.6416972031839507,-0.25650108407267447,0.014597532562031126,4.471113753681216,-0.22728875542650812,0.027134149420871764,0.5,0.0,0.0,0.0,0.0,0.0,0.0,0.0,0.0,0.0,0.0,0.0,0.0,0.0,0.0,0.0,0.49999999999431566,2.2204460492357665e-14,1.873501354042678e-14,0.5,0.0,0.0,-5.6843418860808015e-12,2.2204460492357665e-14,1.873501354042678e-14,5.684416128033798e-12
-1,6.1200000000231585,0.010000000000065512,0.834416550497246,0.02921232864616634,0.012536616858840636,3.6416972031839583,-0.25650108407267513,0.014597532562030866,4.476113753681204,-0.22728875542650878,0.0271341494208715,0.5,0.0,0.0,0.0,0.0,0.0,0.0,0.0,0.0,0.0,0.0,0.0,0.0,0.0,0.0,0.0,0.4999999999955591,-6.6613381477073e-14,-2.6367796834674726e-14,0.5,0.0,0.0,-4.440892098500626e-12,-6.6613381477073e-14,-2.6367796834674726e-14,4.441469940664579e-12
-1,6.130000000023224,0.010000000000065512,0.8394165504972262,0.02921232864616634,0.012536616858840636,3.6416972031839547,-0.25650108407267425,0.014597532562030884,4.481113753681181,-0.2272887554265079,0.02713414942087152,0.5,0.0,0.0,0.0,0.0,0.0,0.0,0.0,0.0,0.0,0.0,0.0,0.0,0.0,0.0,0.0,0.4999999999944045,8.881784196943066e-14,2.081668171158531e-15,0.5,0.0,0.0,-5.595524044110789e-12,8.881784196943066e-14,2.081668171158531e-15,5.596229290389774e-12
-1,6.1400000000232895,0.010000000000065512,0.8414126763154044,0.028807711255125528,0.011520283766096474,3.647704951547562,-0.2556918492905922,0.016630198747519226,4.489117627862966,-0.22688413803546667,0.0281504825136157,0.5,0.0,0.0,0.0,0.0,0.0,0.0,0.0,0.0,0.0,0.0,0.0,0.0,0.0,0.0,0.0,0.800387418173273,0.040461739103857246,0.101633309273752,0.5,0.0,0.0,0.30038741817327297,0.040461739103857246,0.101633309273752,0.3196859128614326
-1,6.150000000023355,0.010000000000065512,0.8424463064162047,0.03016719640258843,0.014008411477185293,3.6556376913459228,-0.25841081958551837,0.011653943325341882,4.498083997762127,-0.22824362318292993,0.025662354802527175,0.5,0.0,0.0,0.0,0.0,0.0,0.0,0.0,0.0,0.0,0.0,0.0,0.0,0.0,0.0,0.0,0.8966369899102368,-0.13594851474543512,-0.24881277110722244,0.5,0.0,0.0,0.39663698991023677,-0.13594851474543512,-0.24881277110722244,0.48755583833300375
-1,6.1600000000234205,0.010000000000065512,0.8474463064161849,0.03016719640258843,0.014008411477185293,3.655637691345921,-0.2584108195855179,0.011653943325341667,4.503083997762106,-0.22824362318292948,0.02566235480252696,0.5,0.0,0.0,0.0,0.0,0.0,0.0,0.0,0.0,0.0,0.0,0.0,0.0,0.0,0.0,0.0,0.4999999999945821,4.440892098471533e-14,-2.151057110197149e-14,0.5,0.0,0.0,-5.417888360170764e-12,4.440892098471533e-14,-2.151057110197149e-14,5.418113060854859e-12
-1,6.170000000023486,0.010000000000065512,0.8524463064161651,0.03016719640258843,0.014008411477185293,3.655637691345927,-0.25841081958551826,0.011653943325341518,4.508083997762093,-0.22824362318292982,0.02566235480252681,0.5,0.0,0.0,0.0,0.0,0.0,0.0,0.0,0.0,0.0,0.0,0.0,0.0,0.0,0.0,0.0,0.49999999999538147,-3.33066907385365e-14,-1.4918621893302807e-14,0.5,0.0,0.0,-4.618527782440651e-12,-3.33066907385365e-14,-1.4918621893302807e-14,4.618671971260062e-12
-1,6.1800000000235515,0.010000000000065512,0.8574463064161454,0.03016719640258843,0.014008411477185293,3.655637691345925,-0.2584108195855193,0.01165394332534163,4.51308399776207,-0.22824362318293087,0.025662354802526925,0.5,0.0,0.0,0.0,0.0,0.0,0.0,0.0,0.0,0.0,0.0,0.0,0.0,0.0,0.0,0.0,0.4999999999944933,-1.054711873386989e-13,1.144917494137192e-14,0.5,0.0,0.0,-5.5067062021407764e-12,-1.054711873386989e-13,1.144917494137192e-14,5.507728066241212e-12
-1,6.190000000023617,0.010000000000065512,0.8624463064161256,0.03016719640258843,0.014008411477185293,3.655637691345924,-0.25841081958551915,0.011653943325341684,4.51808399776205,-0.2282436231829307,0.025662354802526977,0.5,0.0,0.0,0.0,0.0,0.0,0.0,0.0,0.0,0.0,0.0,0.0,0.0,0.0,0.0,0.0,0.49999999999467093,1.665334536926825e-14,5.2041704278963275e-15,0.5,0.0,0.0,-5.329070518200751e-12,1.665334536926825e-14,5.2041704278963275e-15,5.329099080075192e-12
-1,6.200000000023683,0.010000000000065512,0.8674463064161059,0.03016719640258843,0.014008411477185293,3.65563769134592,-0.2584108195855184,0.011653943325341592,4.523083997762026,-0.22824362318292998,0.025662354802526884,0.5,0.0,0.0,0.0,0.0,0.0,0.0,0.0,0.0,0.0,0.0,0.0,0.0,0.0,0.0,0.0,0.49999999999431566,7.216449660016241e-14,-9.36750677021339e-15,0.5,0.0,0.0,-5.6843418860808015e-12,7.216449660016241e-14,-9.36750677021339e-15,5.684807661003605e-12
-1,6.210000000023748,0.010000000000065512,0.8708894028899516,0.0316467189708089,0.013778855739675067,3.6587514983981957,-0.26136986472195967,0.012113054800362002,4.529640901288147,-0.22972314575115077,0.025891910540037068,0.5,0.0,0.0,0.0,0.0,0.0,0.0,0.0,0.0,0.0,0.0,0.0,0.0,0.0,0.0,0.0,0.6556903526078305,-0.14795225682110943,0.022955573750868034,0.5,0.0,0.0,0.15569035260783048,-0.14795225682110943,0.022955573750868034,0.2160007281465543
-1,6.220000000023814,0.010000000000065512,0.8724749943783618,0.027984656496832978,0.011205525743645094,3.6655803154213396,-0.2540457397740079,0.017259714792422283,4.538055309799701,-0.22606108327717492,0.028465240536067377,0.5,0.0,0.0,0.0,0.0,0.0,0.0,0.0,0.0,0.0,0.0,0.0,0.0,0.0,0.0,0.0,0.841440851149938,0.36620624739518615,0.2573329996013451,0.5,0.0,0.0,0.34144085114993805,0.36620624739518615,0.2573329996013451,0.5629468386527136
-1,6.230000000023879,0.010000000000065512,0.8735955389244479,0.025353816497175788,0.012553961524438328,3.673339226329125,-0.2487840597746932,0.014562843230835744,4.546934765253573,-0.22343024327751743,0.027116804755274074,0.5,0.0,0.0,0.0,0.0,0.0,0.0,0.0,0.0,0.0,0.0,0.0,0.0,0.0,0.0,0.0,0.8879455453813194,0.26308399996402565,-0.13484357807844696,0.5,0.0,0.0,0.3879455453813194,0.26308399996402565,-0.13484357807844696,0.48774760662383476
-1,6.240000000023945,0.010000000000065512,0.8768491369376361,0.025235759509487626,0.011791159164872354,3.6768320303027164,-0.24854794579931733,0.016088447949967756,4.553681167240352,-0.2233121862898297,0.02787960711484011,0.5,0.0,0.0,0.0,0.0,0.0,0.0,0.0,0.0,0.0,0.0,0.0,0.0,0.0,0.0,0.0,0.6746401986735363,0.011805698768694126,0.07628023595610393,0.5,0.0,0.0,0.1746401986735363,0.011805698768694126,0.07628023595610393,0.1909378116394662
-1,6.25000000002401,0.010000000000065512,0.8818491369376164,0.025235759509487626,0.011791159164872354,3.6768320303027138,-0.24854794579931722,0.01608844794996756,4.55868116724033,-0.2233121862898296,0.027879607114839916,0.5,0.0,0.0,0.0,0.0,0.0,0.0,0.0,0.0,0.0,0.0,0.0,0.0,0.0,0.0,0.0,0.4999999999944933,1.1102230246178832e-14,-1.9428902930812955e-14,0.5,0.0,0.0,-5.5067062021407764e-12,1.1102230246178832e-14,-1.9428902930812955e-14,5.506751668495796e-12
-1,6.260000000024076,0.010000000000065512,0.8868491369375966,0.025235759509487626,0.011791159164872354,3.676832030302719,-0.24854794579931733,0.016088447949967416,4.563681167240316,-0.2233121862898297,0.02787960711483977,0.5,0.0,0.0,0.0,0.0,0.0,0.0,0.0,0.0,0.0,0.0,0.0,0.0,0.0,0.0,0.0,0.49999999999529265,-1.1102230246178832e-14,-1.4571677198109718e-14,0.5,0.0,0.0,-4.707345624410664e-12,-1.1102230246178832e-14,-1.4571677198109718e-14,4.707381269979204e-12
-1,6.270000000024141,0.010000000000065512,0.8861826949536827,0.025880171582461416,0.006234919991097554,3.6881649142705046,-0.24983676994526532,0.0272009262975173,4.574347609224187,-0.2239565983628039,0.03343584628861485,0.5,0.0,0.0,0.0,0.0,0.0,0.0,0.0,0.0,0.0,0.0,0.0,0.0,0.0,0.0,0.0,1.0666441983801467,-0.06444120729699715,0.5556239173738682,0.5,0.0,0.0,0.5666441983801467,-0.06444120729699715,0.5556239173738682,0.796213698898516
-1,6.280000000024207,0.010000000000065512,0.8902624272970493,0.025252924732464006,0.005368255873738274,3.6900054495837344,-0.2485822762452698,0.02893425453223581,4.580267876880784,-0.22332935151280578,0.03430251040597408,0.5,0.0,0.0,0.0,0.0,0.0,0.0,0.0,0.0,0.0,0.0,0.0,0.0,0.0,0.0,0.0,0.5920267656558249,0.06272468499940162,0.08666641173535519,0.5,0.0,0.0,0.0920267656558249,0.06272468499940162,0.08666641173535519,0.14111831429133634
-1,6.290000000024272,0.010000000000065512,0.8952624272970295,0.025252924732464006,0.005368255873738274,3.69000544958373,-0.24858227624526957,0.028934254532235734,4.58526787688076,-0.22332935151280556,0.034302510405974006,0.5,0.0,0.0,0.0,0.0,0.0,0.0,0.0,0.0,0.0,0.0,0.0,0.0,0.0,0.0,0.0,0.49999999999431566,2.2204460492357665e-14,-7.632783294247947e-15,0.5,0.0,0.0,-5.6843418860808015e-12,2.2204460492357665e-14,-7.632783294247947e-15,5.68439037851019e-12
-1,6.300000000024338,0.010000000000065512,0.8984529804389896,0.02398515821376736,0.003652972120719737,3.6936243432997733,-0.24604674320787617,0.03236482203827282,4.592077323738763,-0.2220615849941088,0.036017794158992554,0.5,0.0,0.0,0.0,0.0,0.0,0.0,0.0,0.0,0.0,0.0,0.0,0.0,0.0,0.0,0.0,0.6809446857958056,0.12677665186884504,0.17152837530073112,0.5,0.0,0.0,0.18094468579580558,0.12677665186884504,0.17152837530073112,0.2797057066098681
-1,6.310000000024403,0.010000000000065512,0.8990520403845214,0.026823044137133316,0.00020773875243589114,3.7024262234086796,-0.2517225150546086,0.03925528877484061,4.601478263793201,-0.22489947091747525,0.0394630275272765,0.5,0.0,0.0,0.0,0.0,0.0,0.0,0.0,0.0,0.0,0.0,0.0,0.0,0.0,0.0,0.0,0.9400940054376558,-0.2837885923347859,0.34452333682613734,0.5,0.0,0.0,0.44009400543765576,-0.2837885923347859,0.34452333682613734,0.6268293454995025
-1,6.320000000024469,0.010000000000065512,0.9023689981535699,0.0276475627614868,0.0043200698607868526,3.7057923078705444,-0.25337155230331554,0.03103062655813879,4.6081613060241144,-0.22572398954182873,0.035350696418925645,0.5,0.0,0.0,0.0,0.0,0.0,0.0,0.0,0.0,0.0,0.0,0.0,0.0,0.0,0.0,0.0,0.6683042230869868,-0.08245186243480802,-0.4112331108323912,0.5,0.0,0.0,0.16830422308698678,-0.08245186243480802,-0.4112331108323912,0.45192620257379246
-1,6.330000000024534,0.010000000000065512,0.9065013044042829,0.028759923335278176,0.004070369863825323,3.707527695369084,-0.2555962734508985,0.031530026552061594,4.614028999773367,-0.22683635011562034,0.035600396415886915,0.5,0.0,0.0,0.0,0.0,0.0,0.0,0.0,0.0,0.0,0.0,0.0,0.0,0.0,0.0,0.0,0.5867693749213672,-0.11123605737843169,0.02496999969596337,0.5,0.0,0.0,0.08676937492136716,-0.11123605737843169,0.02496999969596337,0.14326857914476201
-1,6.3400000000246,0.010000000000065512,0.9033199046521828,0.032339496622150465,0.004496150346673725,3.7238904948732494,-0.2627554200246428,0.030678465586364927,4.627210399525432,-0.23041592340249234,0.03517461593303865,0.5,0.0,0.0,0.0,0.0,0.0,0.0,0.0,0.0,0.0,0.0,0.0,0.0,0.0,0.0,0.0,1.3181399751979206,-0.357957328684855,-0.04257804828454726,0.5,0.0,0.0,0.8181399751979206,-0.357957328684855,-0.04257804828454726,0.8940354346287247
-1,6.350000000024665,0.010000000000065512,0.9081003273191979,0.03336132250073389,0.0027688690882689804,3.7243296495391793,-0.2647990717818099,0.0341330281031744,4.632429976858377,-0.231437749281076,0.036901897191443385,0.5,0.0,0.0,0.0,0.0,0.0,0.0,0.0,0.0,0.0,0.0,0.0,0.0,0.0,0.0,0.0,0.5219577332911118,-0.102182587857696,0.17272812583934166,0.5,0.0,0.0,0.021957733291111836,-0.102182587857696,0.17272812583934166,0.2018871684098591
-1,6.360000000024731,0.010000000000065512,0.9131003273191781,0.03336132250073389,0.0027688690882689804,3.7243296495391793,-0.26479907178181034,0.03413302810317444,4.637429976858358,-0.23143774928107644,0.03690189719144342,0.5,0.0,0.0,0.0,0.0,0.0,0.0,0.0,0.0,0.0,0.0,0.0,0.0,0.0,0.0,0.0,0.49999999999475975,-4.440892098471533e-14,3.469446951930885e-15,0.5,0.0,0.0,-5.240252676230739e-12,-4.440892098471533e-14,3.469446951930885e-15,5.240441994724166e-12
-1,6.370000000024796,0.010000000000065512,0.9124915370694793,0.03145222590442785,0.0020430766444391765,3.7355472300385335,-0.26098087858919694,0.03558461299083403,4.648038767108012,-0.22952865268476907,0.0376276896352732,0.5,0.0,0.0,0.0,0.0,0.0,0.0,0.0,0.0,0.0,0.0,0.0,0.0,0.0,0.0,0.0,1.0608790249585054,0.19090965962948567,0.07257924438250266,0.5,0.0,0.0,0.5608790249585054,0.19090965962948567,0.07257924438250266,0.5969083057667943
-1,6.380000000024862,0.010000000000065512,0.9171814887182976,0.03019337085908949,0.0023303339197411144,3.736167326740859,-0.2584631684985195,0.035010098440230286,4.6533488154591565,-0.22826979763943003,0.0373404323599714,0.5,0.0,0.0,0.0,0.0,0.0,0.0,0.0,0.0,0.0,0.0,0.0,0.0,0.0,0.0,0.0,0.5310048351109338,0.12588550453307942,-0.02872572752999194,0.5,0.0,0.0,0.03100483511093377,0.12588550453307942,-0.02872572752999194,0.13279166944477913
-1,6.390000000024927,0.010000000000065512,0.9163769271100841,0.03297700988585255,0.003704619969854043,3.7477764499572475,-0.26403044655204594,0.032261526340004516,4.664153377067332,-0.23105343666619338,0.03596614630985856,0.5,0.0,0.0,0.0,0.0,0.0,0.0,0.0,0.0,0.0,0.0,0.0,0.0,0.0,0.0,0.0,1.080456160810455,-0.278363902674511,-0.13742860501038365,0.5,0.0,0.0,0.580456160810455,-0.278363902674511,-0.13742860501038365,0.6582571218073509
-1,6.400000000024993,0.010000000000065512,0.9213769271100644,0.03297700988585255,0.003704619969854043,3.747776449957248,-0.2640304465520458,0.032261526340004384,4.669153377067312,-0.23105343666619327,0.03596614630985843,0.5,0.0,0.0,0.0,0.0,0.0,0.0,0.0,0.0,0.0,0.0,0.0,0.0,0.0,0.0,0.0,0.49999999999475975,1.1102230246178832e-14,-1.3183898417337363e-14,0.5,0.0,0.0,-5.240252676230739e-12,1.1102230246178832e-14,-1.3183898417337363e-14,5.240281021609179e-12
-1,6.410000000025058,0.010000000000065512,0.9221924085046559,0.0335120191507704,0.002548257100691247,3.7561454871680247,-0.2651004650818815,0.034574252078329745,4.678337895672681,-0.2315884459311111,0.03712250917902099,0.5,0.0,0.0,0.0,0.0,0.0,0.0,0.0,0.0,0.0,0.0,0.0,0.0,0.0,0.0,0.0,0.918451860530856,-0.053500926491433565,0.11563628691549868,0.5,0.0,0.0,0.41845186053085603,-0.053500926491433565,0.11563628691549868,0.43741977500883555
-1,6.420000000025124,0.010000000000065512,0.9246971278963997,0.029308629835213887,0.003860473921328023,3.7611360483845013,-0.25669368645076873,0.03194981843705627,4.685833176280901,-0.22738505661555486,0.035810292358384295,0.5,0.0,0.0,0.0,0.0,0.0,0.0,0.0,0.0,0.0,0.0,0.0,0.0,0.0,0.0,0.0,0.7495280608170698,0.4203389315528712,-0.13122168206280987,0.5,0.0,0.0,0.2495280608170698,0.4203389315528712,-0.13122168206280987,0.5061306159061412
-1,6.430000000025189,0.010000000000065512,0.9296971278963799,0.029308629835213887,0.003860473921328023,3.7611360483845058,-0.25669368645076873,0.03194981843705626,4.6908331762808855,-0.22738505661555486,0.03581029235838428,0.5,0.0,0.0,0.0,0.0,0.0,0.0,0.0,0.0,0.0,0.0,0.0,0.0,0.0,0.0,0.0,0.49999999999520384,0.0,-1.387778780772354e-15,0.5,0.0,0.0,-4.796163466380676e-12,0.0,-1.387778780772354e-15,4.796163667158852e-12
-1,6.440000000025255,0.010000000000065512,0.9346971278963602,0.029308629835213887,0.003860473921328023,3.761136048384508,-0.25669368645076884,0.03194981843705615,4.6958331762808685,-0.22738505661555497,0.03581029235838418,0.5,0.0,0.0,0.0,0.0,0.0,0.0,0.0,0.0,0.0,0.0,0.0,0.0,0.0,0.0,0.0,0.4999999999950262,-1.1102230246178832e-14,-1.0408340855792655e-14,0.5,0.0,0.0,-4.973799150320701e-12,-1.1102230246178832e-14,-1.0408340855792655e-14,4.973822431571793e-12
-1,6.45000000002532,0.010000000000065512,0.9286451718061544,0.02839303629926936,0.0015011527691123985,3.783239960564884,-0.2548624993788802,0.036668460741487496,4.711885132371038,-0.22646946307961086,0.038169613510599894,0.5,0.0,0.0,0.0,0.0,0.0,0.0,0.0,0.0,0.0,0.0,0.0,0.0,0.0,0.0,0.0,1.6051956090064579,0.09155935359381165,0.23593211522002602,0.5,0.0,0.0,1.1051956090064579,0.09155935359381165,0.23593211522002602,1.133800869813508
-1,6.460000000025386,0.010000000000065512,0.9336451718061346,0.02839303629926936,0.0015011527691123985,3.783239960564879,-0.2548624993788797,0.03666846074148742,4.716885132371014,-0.22646946307961036,0.03816961351059982,0.5,0.0,0.0,0.0,0.0,0.0,0.0,0.0,0.0,0.0,0.0,0.0,0.0,0.0,0.0,0.0,0.49999999999431566,4.996003610780475e-14,-7.632783294247947e-15,0.5,0.0,0.0,-5.6843418860808015e-12,4.996003610780475e-14,-7.632783294247947e-15,5.684566557130047e-12
-1,6.470000000025451,0.010000000000065512,0.9353408766135505,0.030513054826708144,0.0009405747528193363,3.7898485509500013,-0.2591025364337573,0.03778961677407353,4.725189427563552,-0.22858948160704917,0.03873019152689287,0.5,0.0,0.0,0.0,0.0,0.0,-8.672786656391409,1.534634740061148,-0.3323893987502129,8.672786656391409,-1.534634740061148,0.3323893987502129,0.0,0.0,0.0,0.0,0.8304295192483433,-0.21200185274249275,0.056057801628937684,0.5,0.0,0.0,0.3304295192483433,-0.21200185274249275,0.056057801628937684,0.3965739904234898
-1,6.480000000025517,0.010000000000065512,0.9335474706178656,0.033424308814004815,0.003016081847332063,3.8034353629413333,-0.26492504440834963,0.033638602585047916,4.736982833559199,-0.2315007355943448,0.03665468443237998,0.5,0.0,0.0,0.0,0.0,0.0,0.0,0.0,0.0,0.0,0.0,0.0,0.0,0.0,0.0,0.0,1.1793405995569561,-0.29112539872765647,-0.20755070944992907,0.5,0.0,0.0,0.6793405995569561,-0.29112539872765647,-0.20755070944992907,0.7676815387801835
-1,6.490000000025582,0.010000000000065512,0.9275993423113755,0.033414497363490135,-0.00047689412958071183,3.8253316195542806,-0.26490542150732105,0.04062455453887341,4.752930961865657,-0.2314909241438309,0.0401476604092927,0.5,0.0,0.0,0.0,0.0,0.0,0.0,0.0,0.0,0.0,0.0,0.0,0.0,0.0,0.0,0.0,1.5948128306353275,0.0009811450513838144,0.34929759768898366,0.5,0.0,0.0,1.0948128306353275,0.0009811450513838144,0.34929759768898366,1.1491844536542624
-1,6.500000000025648,0.010000000000065512,0.9229746785902216,0.030909397998398033,0.0057383401403844235,3.8445809469965493,-0.2598952227771368,0.028194085998943446,4.767555625586771,-0.22898582477873874,0.03393242613932787,0.5,0.0,0.0,0.0,0.0,0.0,0.0,0.0,0.0,0.0,0.0,0.0,0.0,0.0,0.0,0.0,1.462466372101823,0.250509936507575,-0.6215234269924111,0.5,0.0,0.0,0.962466372101823,0.250509936507575,-0.6215234269924111,1.1727694215046132
-1,6.510000000025713,0.010000000000065512,0.9185684817088645,0.033903438760312266,0.005885681569770345,3.8633933407592242,-0.2658833043009649,0.027899403140171655,4.781961822468089,-0.23197986554065264,0.033785084709942,0.5,0.0,0.0,0.0,0.0,0.0,0.0,0.0,0.0,0.0,0.0,0.0,0.0,0.0,0.0,0.0,1.4406196881224123,-0.2994040761894282,-0.014734142938490409,0.5,0.0,0.0,0.9406196881224123,-0.2994040761894282,-0.014734142938490409,0.9872311246564711
-1,6.520000000025779,0.010000000000065512,0.9151247137816539,0.03776955926560418,0.0038969023327711286,3.8802808766136097,-0.2736155453115494,0.03187696161416984,4.795405590395264,-0.23584598604594523,0.03577386394694097,0.5,0.0,0.0,0.0,0.0,0.0,0.0,0.0,0.0,0.0,0.0,0.0,0.0,0.0,0.0,0.0,1.344376792708676,-0.38661205052672587,0.1988779236985943,0.5,0.0,0.0,0.844376792708676,-0.38661205052672587,0.1988779236985943,0.9497333700634795
-1,6.5300000000258445,0.010000000000065512,0.9160124212720043,0.039152396143245324,0.006684039806531845,3.888505461632879,-0.2763812190668312,0.026302686666648388,4.804517882904883,-0.23722882292358588,0.03298672647318023,0.5,0.0,0.0,0.0,0.0,0.0,0.0,0.0,0.0,0.0,0.0,0.0,0.0,0.0,0.0,0.0,0.9112292509559505,-0.13828368776315939,-0.2787137473742482,0.5,0.0,0.0,0.41122925095595053,-0.13828368776315939,-0.2787137473742482,0.5156677497367538
-1,6.54000000002591,0.010000000000065512,0.9210124212719846,0.039152396143245324,0.006684039806531845,3.888505461632879,-0.27638121906683094,0.026302686666648492,4.8095178829048635,-0.2372288229235856,0.032986726473180336,0.5,0.0,0.0,0.0,0.0,0.0,0.0,0.0,0.0,0.0,0.0,0.0,0.0,0.0,0.0,0.0,0.49999999999475975,2.775557561544708e-14,1.0408340855792655e-14,0.5,0.0,0.0,-5.240252676230739e-12,2.775557561544708e-14,1.0408340855792655e-14,5.2403365174653175e-12
-1,6.5500000000259755,0.010000000000065512,0.9188210334297446,0.037326466279539304,0.0071440951795414195,3.9028882373173244,-0.2727293593394192,0.02538257592062921,4.8217092707470695,-0.2354028930598799,0.03252667110017063,0.5,0.0,0.0,0.0,0.0,0.0,0.0,0.0,0.0,0.0,0.0,0.0,0.0,0.0,0.0,0.0,1.2191387842126102,0.1825929863693732,-0.04600553730066934,0.5,0.0,0.0,0.7191387842126102,0.1825929863693732,-0.04600553730066934,0.7433823370866438
-1,6.560000000026041,0.010000000000065512,0.9187264410838343,0.03832630140982945,0.007251714068353503,3.9130774220091142,-0.27472902959999995,0.025167338143005088,4.831803863092949,-0.2364027281901705,0.03241905221135859,0.5,0.0,0.0,0.0,0.0,0.0,0.0,0.0,0.0,0.0,0.0,0.0,0.0,0.0,0.0,0.0,1.0094592345813374,-0.09998351302840382,-0.01076188888113366,0.5,0.0,0.0,0.5094592345813374,-0.09998351302840382,-0.01076188888113366,0.5192891610942721
-1,6.5700000000261065,0.010000000000065512,0.9131735461084006,0.037512708698720656,0.005559656708861073,3.9341832119599487,-0.2731018441777833,0.028551452861990116,4.847356758068349,-0.23558913547906268,0.034111109570851186,0.5,0.0,0.0,0.0,0.0,0.0,0.0,0.0,0.0,0.0,0.0,0.0,0.0,0.0,0.0,0.0,1.5552894975298133,0.08135927111024834,0.16920573594815141,0.5,0.0,0.0,1.0552894975298133,0.08135927111024834,0.16920573594815141,1.0718609217944612
-1,6.580000000026172,0.010000000000065512,0.9042943249052118,0.04195119754002749,0.009766019406216237,3.9619416543662873,-0.2819788218603971,0.02013872746727978,4.866235979271499,-0.2400276243203696,0.029904746873496015,0.5,0.0,0.0,0.0,0.0,0.0,0.0,0.0,0.0,0.0,0.0,0.0,0.0,0.0,0.0,0.0,1.8879221203026428,-0.4438488841277826,-0.4206362697327615,0.5,0.0,0.0,1.3879221203026428,-0.4438488841277826,-0.4206362697327615,1.5166622944418293
-1,6.5900000000262375,0.010000000000065512,0.9091146786918775,0.04187479335230876,0.009183722398548503,3.9623009467929204,-0.2818260134849594,0.021303321482615042,4.871415625484798,-0.23995122013265063,0.030487043881163543,0.5,0.0,0.0,0.0,0.0,0.0,0.0,0.0,0.0,0.0,0.0,0.0,0.0,0.0,0.0,0.0,0.5179646213264983,0.007640418771845309,0.058229700766371406,0.5,0.0,0.0,0.017964621326498342,0.007640418771845309,0.058229700766371406,0.06141499547956346
-1,6.600000000026303,0.010000000000065512,0.9117471326817647,0.04030385310143513,0.007890369571278541,3.967036038813106,-0.2786841329832129,0.02389002713715526,4.87878317149487,-0.23838027988177773,0.0317803967084338,0.5,0.0,0.0,0.0,0.0,0.0,0.0,0.0,0.0,0.0,0.0,0.0,0.0,0.0,0.0,0.0,0.7367546010023902,0.15709402508626072,0.1293352827261784,0.5,0.0,0.0,0.2367546010023902,0.15709402508626072,0.1293352827261784,0.31218406296841
-1,6.610000000026369,0.010000000000065512,0.9071340588103103,0.03757323469361845,0.00626902483623663,3.9861024805938126,-0.2733917560320952,0.02720092355405337,4.893236539404123,-0.23581852133847675,0.03346994839029,0.5,0.0,0.0,0.0,0.0,0.0,0.0,0.0,0.0,0.0,0.0,0.0,0.0,0.0,0.0,0.0,1.4453367909158203,0.2561758543284202,0.16895516818451323,0.5,0.0,0.0,0.9453367909158203,0.2561758543284202,0.16895516818451323,0.9938981665423146
-1,6.620000000026434,0.010000000000065512,0.8981400577996151,0.02852300038747621,0.003844582224156632,4.013841286496071,-0.2554432008476582,0.032027776959639674,4.911981344295686,-0.226920200460182,0.035872359183796304,0.5,0.0,0.0,0.0,0.0,0.0,0.0,0.0,0.0,0.0,0.0,0.0,0.0,0.0,0.0,0.0,1.8744804891440248,0.8898320878236463,0.24024107934905642,0.5,0.0,0.0,1.3744804891440248,0.8898320878236463,0.24024107934905642,1.6549058993685977
-1,6.6300000000265,0.010000000000065512,0.8880126207758752,0.02443969361307986,0.006111548428221647,4.044096160543518,-0.2472765872988644,0.027493844551509463,4.932108781319393,-0.22283689368578455,0.033605392979731114,0.5,0.0,0.0,0.0,0.0,0.0,0.0,0.0,0.0,0.0,0.0,0.0,0.0,0.0,0.0,0.0,2.0127437023574704,0.4083306774370693,-0.2266966204050339,0.5,0.0,0.0,1.5127437023574704,0.4083306774370693,-0.2266966204050339,1.5831989163909463
-1,6.640000000026565,0.010000000000065512,0.8709521312909261,0.02390885710406474,0.0063356477280768165,4.08821713951338,-0.24621491428083458,0.0270456459517992,4.959169270804306,-0.22230605717676985,0.033381293679876016,0.5,0.0,0.0,0.0,0.0,0.0,0.0,0.0,0.0,0.0,0.0,0.0,0.0,0.0,0.0,0.0,2.7060489484736294,0.05308365090112206,-0.02240992998536294,0.5,0.0,0.0,2.2060489484736294,0.05308365090112206,-0.02240992998536294,2.206801314576495
-1,6.650000000026631,0.010000000000065512,0.8647725178584378,0.023544699501022677,0.003859995474106524,4.110576366378326,-0.245486599074751,0.03199695045973981,4.975348884236764,-0.22194189957372834,0.035856945933846335,0.5,0.0,0.0,0.0,0.0,0.0,0.0,0.0,0.0,0.0,0.0,0.0,0.0,0.0,0.0,0.0,1.617961343235189,0.03641576030391238,0.24756522539541004,0.5,0.0,0.0,1.117961343235189,0.03641576030391238,0.24756522539541004,1.1456230677634858
-1,6.660000000026696,0.010000000000065512,0.8543562236661442,0.023644733200886996,-0.00022994192722757938,4.141408954762883,-0.24568666647447884,0.0401768252624079,4.995765178429028,-0.22204193327359184,0.039946883335180323,0.5,0.0,0.0,0.0,0.0,0.0,0.0,0.0,0.0,0.0,0.0,0.0,0.0,0.0,0.0,0.0,2.041629419212968,-0.010003369986284451,0.4089937401307195,0.5,0.0,0.0,1.5416294192129678,-0.010003369986284451,0.4089937401307195,1.5949912893367504
-1,6.670000000026762,0.010000000000065512,0.8456808763261339,0.02003184631768947,0.00013674452261140582,4.168759649442869,-0.23846089270808454,0.039443452362729954,5.014440525769003,-0.21842904639039507,0.03958019688534136,0.5,0.0,0.0,0.0,0.0,0.0,0.0,0.0,0.0,0.0,0.0,0.0,0.0,0.0,0.0,0.0,1.86753473398531,0.36128868831731065,-0.036668644983656046,0.5,0.0,0.0,1.36753473398531,0.36128868831731065,-0.036668644983656046,1.4149294521237632
-1,6.680000000026827,0.010000000000065512,0.844530385780318,0.021453708851827874,0.001111223930333689,4.181060630534465,-0.2413046177763612,0.03749449354728558,5.025591016314783,-0.21985090892453332,0.03860571747761927,0.5,0.0,0.0,0.0,0.0,0.0,0.0,0.0,0.0,0.0,0.0,0.0,0.0,0.0,0.0,0.0,1.115049054570672,-0.14218625341289423,-0.09744794077157085,0.5,0.0,0.0,0.6150490545706719,-0.14218625341289423,-0.09744794077157085,0.6387475020291608
-1,6.690000000026893,0.010000000000065512,0.8413653871975053,0.021659865785529715,0.000690769658654476,4.1973906277000514,-0.2417169316437644,0.03833540209064404,5.038756014897556,-0.22005706585823467,0.03902617174929852,0.5,0.0,0.0,0.0,0.0,0.0,0.0,0.0,0.0,0.0,0.0,0.0,0.0,0.0,0.0,0.0,1.3164998582687288,-0.020615693370000077,0.042045427167649474,0.5,0.0,0.0,0.8164998582687288,-0.020615693370000077,0.042045427167649474,0.817841575925124
-1,6.700000000026958,0.010000000000065512,0.838753102498418,0.020742701178516565,-0.0011029254756514608,4.212615197098182,-0.23988260242973816,0.0419227923592558,5.0513682995966,-0.2191399012512216,0.04081986688360434,0.5,0.0,0.0,0.0,0.0,0.0,0.0,0.0,0.0,0.0,0.0,0.0,0.0,0.0,0.0,0.0,1.2612284698961116,0.09171646070070683,0.17936951342940705,0.5,0.0,0.0,0.7612284698961116,0.09171646070070683,0.17936951342940705,0.7874351496420146
-1,6.710000000027024,0.010000000000065512,0.8372064909122409,0.019334688304648125,-0.00400962884554823,4.225708420270503,-0.23706657668199976,0.04773619909904965,5.062914911182744,-0.21773188837735163,0.04372657025350142,0.5,0.0,0.0,0.0,0.0,0.0,0.0,0.0,0.0,0.0,0.0,0.0,0.0,0.0,0.0,0.0,1.1546611586067919,0.14080128738607384,0.2906703369878039,0.5,0.0,0.0,0.6546611586067919,0.14080128738607384,0.2906703369878039,0.7299969040499873
-1,6.720000000027089,0.010000000000065512,0.8306126774494063,0.017300379346739392,-0.00760128387957742,4.248896047196133,-0.2329979587661831,0.05491950916710776,5.079508724645539,-0.2156975794194437,0.047318225287530345,0.5,0.0,0.0,0.0,0.0,0.0,0.0,0.0,0.0,0.0,0.0,0.0,0.0,0.0,0.0,0.0,1.6593813462686495,0.2034308957894605,0.3591655034005395,0.5,0.0,0.0,1.1593813462686495,0.2034308957894605,0.3591655034005395,1.230670180946289
-1,6.730000000027155,0.010000000000065512,0.8193244734202565,0.023381087058617543,-0.0017012986501377947,4.2814724552544,-0.24515937418993985,0.043119538708228315,5.100796928674657,-0.2217782871313223,0.04141824005809052,0.5,0.0,0.0,0.0,0.0,0.0,0.0,0.0,0.0,0.0,0.0,0.0,0.0,0.0,0.0,0.0,2.128820402897878,-0.6080707711838766,-0.5899985229401172,0.5,0.0,0.0,1.6288204028978779,-0.6080707711838766,-0.5899985229401172,1.8360022398505071
-1,6.74000000002722,0.010000000000065512,0.8081198284316554,0.02190497447028369,0.0011022929797402502,4.31388174523157,-0.24220714901327214,0.03751235544847212,5.122001573663225,-0.22030217454298845,0.03861464842821237,0.5,0.0,0.0,0.0,0.0,0.0,0.0,0.0,0.0,0.0,0.0,0.0,0.0,0.0,0.0,0.0,2.1204644988429417,0.14761125883241852,-0.2803591629859784,0.5,0.0,0.0,1.6204644988429417,0.14761125883241852,-0.2803591629859784,1.6511497618370647
-1,6.750000000027286,0.010000000000065512,0.803656861043324,0.026042861210282455,-0.002300636991655189,4.332807680008194,-0.2504829224932696,0.044318215391263495,5.1364645410515175,-0.22444006128298713,0.042017578399608305,0.5,0.0,0.0,0.0,0.0,0.0,0.0,0.0,0.0,0.0,0.0,0.0,0.0,0.0,0.0,0.0,1.4462967388197363,-0.41378867399715724,0.34029299713736416,0.5,0.0,0.0,0.9462967388197363,-0.41378867399715724,0.34029299713736416,1.0874271968871867
-1,6.760000000027351,0.010000000000065512,0.7955819701403793,0.03022454950613793,-0.0005634832422343318,4.358957461814049,-0.2588462990849813,0.04084390789242145,5.154539431954428,-0.22862174957884338,0.040280424650187115,0.5,0.0,0.0,0.0,0.0,0.0,0.0,0.0,0.0,0.0,0.0,0.0,0.0,0.0,0.0,0.0,1.807489090279251,-0.418168829582885,-0.17371537494098097,0.5,0.0,0.0,1.307489090279251,-0.418168829582885,-0.17371537494098097,1.3836798483481896
-1,6.770000000027417,0.010000000000065512,0.7968409899200285,0.031869174496008436,-0.001228035931640558,4.366439422254708,-0.26213554906472214,0.042173013271233996,5.163280412174736,-0.2302663745687137,0.04094497733959344,0.5,0.0,0.0,0.0,0.0,0.0,0.0,0.0,0.0,0.0,0.0,0.0,0.0,0.0,0.0,0.0,0.8740980220250739,-0.16446249898595616,0.06645526894019689,0.5,0.0,0.0,0.3740980220250739,-0.16446249898595616,0.06645526894019689,0.4140211907930465
-1,6.780000000027482,0.010000000000065512,0.7849170650324391,0.02961193503593309,-0.004557420858076362,4.400062910016676,-0.25780639762482555,0.04876967643496123,5.1849799750491155,-0.22819446258889245,0.04421225557688487,0.5,0.0,0.0,0.0,0.0,0.0,0.0,0.0,0.0,0.0,0.0,0.0,0.0,0.0,0.0,0.0,2.169956287423686,0.2071911979807688,0.32672782372700304,0.5,0.0,0.0,1.6699562874236862,0.2071911979807688,0.32672782372700304,1.714185889926758
-1,6.790000000027548,0.010000000000065512,0.7795870358884829,0.03151471915412142,-0.004882777691527467,4.420722968304553,-0.26161196586120256,0.04942039010186313,5.200310004193035,-0.23009724670708115,0.044537612410335665,0.5,0.0,0.0,0.0,0.0,0.0,0.0,0.0,0.0,0.0,0.0,0.0,0.0,0.0,0.0,0.0,1.5330029143819357,-0.1902784118176234,0.03253568334486619,0.5,0.0,0.0,1.0330029143819357,-0.1902784118176234,0.03253568334486619,1.050885086874929
-1,6.800000000027613,0.010000000000065512,0.78222860700483,0.029604319296753372,-0.005302902700166754,4.425193958580375,-0.2579867236036266,0.05021710935484869,5.2074225655852056,-0.22838240430687326,0.04491420665468193,0.5,0.0,0.0,0.0,0.0,0.0,0.0,0.0,0.0,0.0,0.0,0.0,0.0,0.0,0.0,0.0,0.7112561392123717,0.17148424001966545,0.037659424434379925,0.5,0.0,0.0,0.21125613921237174,0.17148424001966545,0.037659424434379925,0.27468933939774215
-1,6.810000000027679,0.010000000000065512,0.7795822117154967,0.03150975774337808,-0.002786028036335091,4.440180971414497,-0.2617769042430023,0.04528342098220682,5.219763183129993,-0.23026714649962424,0.04249739294587173,0.5,0.0,0.0,0.0,0.0,0.0,0.0,0.0,0.0,0.0,0.0,0.0,0.0,0.0,0.0,0.0,1.2340617544706922,-0.18847421927386293,-0.24168137087943686,0.5,0.0,0.0,0.7340617544706922,-0.18847421927386293,-0.24168137087943686,0.795474120092946
-1,6.820000000027744,0.010000000000065512,0.777906830621949,0.03328838597079016,-0.0016076066440432798,4.453531733601559,-0.26533416069782634,0.042926578197623494,5.231438564223508,-0.2320457747270362,0.04131897155358021,0.5,0.0,0.0,0.0,0.0,0.0,0.0,0.0,0.0,0.0,0.0,0.0,0.0,0.0,0.0,0.0,1.1675381093437915,-0.17786282274003026,-0.11784213922837976,0.5,0.0,0.0,0.6675381093437915,-0.17786282274003026,-0.11784213922837976,0.7008060223180563
-1,6.83000000002781,0.010000000000065512,0.773131096165057,0.03357452140995639,0.001414669373227248,4.473083202515309,-0.2659064315761586,0.036882026163082275,5.246214298680366,-0.23233191016620222,0.03829669553630952,0.5,0.0,0.0,0.0,0.0,0.0,0.0,0.0,0.0,0.0,0.0,0.0,0.0,0.0,0.0,0.0,1.4775734456761405,-0.028613543916415525,-0.30222760172508895,0.5,0.0,0.0,0.9775734456761405,-0.028613543916415525,-0.30222760172508895,1.0236259569936068
-1,6.840000000027875,0.010000000000065512,0.762848530800422,0.028017586615601896,0.006576530539637912,4.5036483332445405,-0.25479256198744904,0.02655830383026102,5.266496864044963,-0.22677497537184715,0.03313483436989893,0.5,0.0,0.0,0.0,0.0,0.0,0.0,0.0,0.0,0.0,0.0,0.0,0.0,0.0,0.0,0.0,2.028256536446395,0.5556934794318663,-0.5161861166376774,0.5,0.0,0.0,1.5282565364463951,0.5556934794318663,-0.5161861166376774,1.7061100173446353
-1,6.850000000027941,0.010000000000065512,0.7592054246935782,0.028347589645184385,0.0072967665008876765,4.520934545458188,-0.25545256804661465,0.02511783190776162,5.280139970151767,-0.22710497840143026,0.0324145984086493,0.5,0.0,0.0,0.0,0.0,0.0,0.0,0.0,0.0,0.0,0.0,0.0,0.0,0.0,0.0,0.0,1.3643106106714924,-0.03300030295809472,-0.07202359612449166,0.5,0.0,0.0,0.8643106106714924,-0.03300030295809472,-0.07202359612449166,0.8679338973178534
-1,6.860000000028006,0.010000000000065512,0.7567291027959647,0.030469194420273984,0.009968027706368067,4.53588718925339,-0.2596957775967939,0.01977530949680071,5.292616292049354,-0.22922658317651992,0.029743337203168775,0.5,0.0,0.0,0.0,0.0,0.0,0.0,0.0,0.0,0.0,0.0,0.0,0.0,0.0,0.0,0.0,1.247632189750545,-0.2121604775075759,-0.26712612054630225,0.5,0.0,0.0,0.7476321897505449,-0.2121604775075759,-0.26712612054630225,0.8217799727698133
-1,6.870000000028072,0.010000000000065512,0.7543155708948076,0.030550042644414566,0.009699392054719645,4.550714253055666,-0.2598574740450753,0.02031258080009761,5.305029823950474,-0.22930743140066073,0.030011972854817257,0.5,0.0,0.0,0.0,0.0,0.0,0.0,0.0,0.0,0.0,0.0,0.0,0.0,0.0,0.0,0.0,1.2413531901038721,-0.008084822414028185,0.026863565164672153,0.5,0.0,0.0,0.7413531901038721,-0.008084822414028185,0.026863565164672153,0.7418837968064883
-1,6.880000000028137,0.010000000000065512,0.7499861773128652,0.03256367360880736,0.01232267254265106,4.569220248325414,-0.2638118303149987,0.015056903820735783,5.31920642563828,-0.23124815670619137,0.027379576363386844,0.5,0.0,0.0,0.0,0.0,0.0,0.0,0.0,0.0,0.0,0.0,0.0,0.0,0.0,0.0,0.0,1.417660168771245,-0.19407253055179188,-0.2632396491413167,0.5,0.0,0.0,0.9176601687712449,-0.19407253055179188,-0.2632396491413167,0.9741968206394893
-1,6.890000000028203,0.010000000000065512,0.7367016429159368,0.03173188404729159,0.013163656076952478,4.605789317119232,-0.26214825119196733,0.013374936752132307,5.342490960035168,-0.23041636714467573,0.026538592829084787,0.5,0.0,0.0,0.0,0.0,0.0,0.0,0.0,0.0,0.0,0.0,0.0,0.0,0.0,0.0,0.0,2.3284534396736283,0.08317895615101897,-0.0840983534296548,0.5,0.0,0.0,1.8284534396736283,0.08317895615101897,-0.0840983534296548,1.8322754304007558
-1,6.900000000028268,0.010000000000065512,0.741701642915917,0.03173188404729159,0.013163656076952478,4.605789317119232,-0.2621482511919671,0.013374936752132431,5.347490960035149,-0.2304163671446755,0.02653859282908491,0.5,0.0,0.0,0.0,0.0,0.0,0.0,0.0,0.0,0.0,0.0,0.0,0.0,0.0,0.0,0.0,0.49999999999475975,2.2204460492357665e-14,1.2490009026951187e-14,0.5,0.0,0.0,-5.240252676230739e-12,2.2204460492357665e-14,1.2490009026951187e-14,5.240314604022804e-12
-1,6.910000000028334,0.010000000000065512,0.7401180125162957,0.030136174761523526,0.013310790942591301,4.618956577918441,-0.2589568326204311,0.013080667020854609,5.359074590434736,-0.2288206578589076,0.02639145796344591,0.5,0.0,0.0,0.0,0.0,0.0,-14.094910581574903,1.5875067899270445,6.501298106174981,14.094910581574903,-1.5875067899270445,-6.501298106174981,0.0,0.0,0.0,0.0,1.1583630399511655,0.15957092857574562,-0.014713486563803769,0.5,0.0,0.0,0.6583630399511655,0.15957092857574562,-0.014713486563803769,0.6775848731392466
-1,6.920000000028399,0.010000000000065512,0.730681244943713,0.03027676030518312,0.016597293364902704,4.647830113063568,-0.2592380037077498,0.006507662176232061,5.378511358007281,-0.22896124340256668,0.023104955541134765,0.5,0.0,0.0,0.0,0.0,0.0,-9.87469613785557,-9.392684074988544,-4.655020990684262,9.87469613785557,9.392684074988544,4.655020990684262,0.0,0.0,0.0,0.0,1.9436767572417533,-0.01405855436581676,-0.3286502422289614,0.5,0.0,0.0,1.4436767572417533,-0.01405855436581676,-0.3286502422289614,1.4806793049367832
-1,6.930000000028465,0.010000000000065512,0.73268485734626,0.030319303455750117,0.01677722773179845,4.653822888258438,-0.2593230900088842,0.006147793442440621,5.386507745604698,-0.22900378655313408,0.02292502117423907,0.5,0.0,0.0,0.0,0.0,0.0,0.0,0.0,0.0,0.0,0.0,0.0,0.0,0.0,0.0,0.0,0.7996387597364335,-0.004254315056711917,-0.017993436689451525,0.5,0.0,0.0,0.2996387597364335,-0.004254315056711917,-0.017993436689451525,0.3002086762518485
-1,6.9400000000285305,0.010000000000065512,0.7342701322320838,0.028236075416213535,0.013896128770640528,4.660652338486759,-0.25515663392981147,0.011909991364756211,5.394922470718843,-0.22692055851359794,0.025806120135396737,0.5,0.0,0.0,0.0,0.0,0.0,0.0,0.0,0.0,0.0,0.0,0.0,0.0,0.0,0.0,0.0,0.8414725114089745,0.2083228039522497,0.2881098961138791,0.5,0.0,0.0,0.3414725114089745,0.2083228039522497,0.2881098961138791,0.49295961186818327
-1,6.950000000028596,0.010000000000065512,0.7281241294859389,0.026333921392381738,0.01591682136338114,4.68294434397901,-0.25135232588214845,0.007868606179274965,5.411068473464948,-0.2250184044897667,0.023785427542656105,0.5,0.0,0.0,0.0,0.0,0.0,0.0,0.0,0.0,0.0,0.0,0.0,0.0,0.0,0.0,0.0,1.6146002745999783,0.19021540238187704,-0.2020692592727394,0.5,0.0,0.0,1.1146002745999783,0.19021540238187704,-0.2020692592727394,1.1486285983661908
-1,6.9600000000286615,0.010000000000065512,0.7295487441160632,0.029471208889012713,0.015613059591675303,4.690095114718729,-0.2576269008754095,0.008476129722686776,5.419643858834792,-0.2281556919863968,0.02408918931436208,0.5,0.0,0.0,0.0,0.0,0.0,0.0,0.0,0.0,0.0,0.0,0.0,0.0,0.0,0.0,0.0,0.8575385369787856,-0.3137287496609534,0.030376177170398304,0.5,0.0,0.0,0.35753853697878557,-0.3137287496609534,0.030376177170398304,0.476636387541114
-1,6.970000000028727,0.010000000000065512,0.7157826739193237,0.02999580997448032,0.01809166741558342,4.727627255112175,-0.2586761030463441,0.0035189140748707838,5.443409929031499,-0.22868029307186377,0.021610581490454205,0.5,0.0,0.0,0.0,0.0,0.0,0.0,0.0,0.0,0.0,0.0,0.0,0.0,0.0,0.0,0.0,2.3766070196550704,-0.05246010854635435,-0.24786078238916354,0.5,0.0,0.0,1.8766070196550704,-0.05246010854635435,-0.24786078238916354,1.8936316792486203
-1,6.9800000000287925,0.010000000000065512,0.7206280886869619,0.02963724352235731,0.018068006491194777,4.72793642557685,-0.2579589701420979,0.0035662359236479906,5.448564514263812,-0.2283217266197406,0.02163424241484277,0.5,0.0,0.0,0.0,0.0,0.0,-3.8511035924201003,-8.945303031512623,-0.5905090412081064,3.8511035924201003,8.945303031512623,0.5905090412081064,0.0,0.0,0.0,0.0,0.5154585232279612,0.03585664521208278,0.0023660924388408952,0.5,0.0,0.0,0.015458523227961152,0.03585664521208278,0.0023660924388408952,0.03911858049167599
-1,6.990000000028858,0.010000000000065512,0.7152794998964017,0.029969259743446205,0.019221344510235643,4.74863360315793,-0.2586230025842756,0.0012595598855662756,5.463913103054331,-0.2286537428408294,0.02048090439580192,0.5,0.0,0.0,0.0,0.0,0.0,0.0,0.0,0.0,0.0,0.0,0.0,0.0,0.0,0.0,0.0,1.5348588790418374,-0.03320162210866293,-0.11533380190332933,0.5,0.0,0.0,1.0348588790418374,-0.03320162210866293,-0.11533380190332933,1.0417951492994442
-1,7.0000000000289235,0.010000000000065512,0.7107972258653019,0.02896113062970614,0.014996459064882594,4.767598151220105,-0.2566067443567951,0.009709330776272448,5.478395377085407,-0.22764561372708894,0.02470578984115504,0.5,0.0,0.0,0.0,0.0,0.0,-9.463014394792602,-4.247251241179765,-21.0529542566363,9.463014394792602,4.247251241179765,21.0529542566363,0.0,0.0,0.0,0.0,1.4482274030981281,0.10081291137338536,0.4224885445325442,0.5,0.0,0.0,0.9482274030981281,0.10081291137338536,0.4224885445325442,1.0429741230476555
-1,7.010000000028989,0.010000000000065512,0.7113832747086802,0.02814143503962422,0.011072069724393502,4.776426053533309,-0.25496735317663183,0.01755810945725038,5.4878093282419895,-0.22682591813700761,0.02863017918164388,0.5,0.0,0.0,0.0,0.0,0.0,0.0,0.0,0.0,0.0,0.0,0.0,0.0,0.0,0.0,0.0,0.9413951156520606,0.08196955900759563,0.3924389340463129,0.5,0.0,0.0,0.4413951156520606,0.08196955900759563,0.3924389340463129,0.5962859831329276
-1,7.0200000000290546,0.010000000000065512,0.7098592915301272,0.023296854216789977,0.010787384628317012,4.7894740198903705,-0.24527819153096314,0.018127479649403352,5.499333311420497,-0.22198133731417316,0.028914864277720366,0.5,0.0,0.0,0.0,0.0,0.0,0.0,0.0,0.0,0.0,0.0,0.0,0.0,0.0,0.0,0.0,1.1523983178432395,0.48445808228027165,0.02846850960746218,0.5,0.0,0.0,0.6523983178432395,0.48445808228027165,0.02846850960746218,0.8131012573170928
-1,7.03000000002912,0.010000000000065512,0.709891699092817,0.02160145830600917,0.006320970170597379,4.799409204764961,-0.24188739970940126,0.02706030856484289,5.5093009038577785,-0.22028594140339208,0.033381278735440265,0.5,0.0,0.0,0.0,0.0,0.0,0.0,0.0,0.0,0.0,0.0,0.0,0.0,0.0,0.0,0.0,0.996759243721577,0.1695395910769971,0.44664144576906384,0.5,0.0,0.0,0.496759243721577,0.1695395910769971,0.44664144576906384,0.6892038887325492
-1,7.040000000029186,0.010000000000065512,0.7037817258181102,0.02254785768807211,0.010007408775188732,4.82162915131434,-0.2437801984735271,0.0196874313556599,5.52541087713245,-0.221232340785455,0.02969484013084863,0.5,0.0,0.0,0.0,0.0,0.0,0.0,0.0,0.0,0.0,0.0,0.0,0.0,0.0,0.0,0.0,1.6109973274566134,-0.09463993820567235,-0.36864386045674835,0.5,0.0,0.0,1.1109973274566134,-0.09463993820567235,-0.36864386045674835,1.1743807199421172
-1,7.050000000029251,0.010000000000065512,0.6950246774708083,0.02320487224442474,0.009073589122618365,4.8491432480089145,-0.2450942275862329,0.021555070660800913,5.544167925479723,-0.22188935534180815,0.030628659783419276,0.5,0.0,0.0,0.0,0.0,0.0,0.0,0.0,0.0,0.0,0.0,0.0,0.0,0.0,0.0,0.0,1.8757048347149883,-0.06570145563488373,0.09338196525645281,0.5,0.0,0.0,1.3757048347149883,-0.06570145563488373,0.09338196525645281,1.3804349549927708
-1,7.060000000029317,0.010000000000065512,0.6951858599916482,0.021185536419469058,0.010355255746746965,4.858820882967191,-0.24105555593632175,0.018991737412543657,5.554006742958839,-0.2198700195168527,0.029346993159290624,0.5,0.0,0.0,0.0,0.0,0.0,0.0,0.0,0.0,0.0,0.0,0.0,0.0,0.0,0.0,0.0,0.9838817479051291,0.2019335824942219,-0.1281666624120256,0.5,0.0,0.0,0.48388174790512906,0.2019335824942219,-0.1281666624120256,0.5397642180142286
-1,7.070000000029382,0.010000000000065512,0.6980810004453512,0.021147692204783557,0.007478784688753396,4.863030602059744,-0.24097986750695063,0.024744679528530676,5.561111602505095,-0.2198321753021671,0.03222346421728407,0.5,0.0,0.0,0.0,0.0,0.0,-9.954006725774219,4.0949403022875215,-4.854926039950113,9.954006725774219,-4.0949403022875215,4.854926039950113,0.0,0.0,0.0,0.0,0.7104859546209847,0.0037844214685363795,0.28764710579746045,0.5,0.0,0.0,0.21048595462098474,0.0037844214685363795,0.28764710579746045,0.3564540873832339
-1,7.080000000029448,0.010000000000065512,0.6908492745939899,0.01861383731663125,0.008119549885066205,4.887324237462679,-0.23616547670460816,0.02343062847122764,5.57817351205667,-0.21755163938797692,0.03155017835629384,0.5,0.0,0.0,0.0,0.0,0.0,0.0,0.0,0.0,0.0,0.0,0.0,0.0,0.0,0.0,0.0,1.706190955146272,0.2280535914175228,-0.06732858609858224,0.5,0.0,0.0,1.206190955146272,0.2280535914175228,-0.06732858609858224,1.2294056284811536
-1,7.090000000029513,0.010000000000065512,0.6933514897780261,0.015251521420986881,0.006796743006750185,4.892319807094582,-0.22944084491332084,0.026076242227859803,5.585671296872608,-0.21418932349233397,0.03287298523460999,0.5,0.0,0.0,0.0,0.0,0.0,0.0,0.0,0.0,0.0,0.0,0.0,0.0,0.0,0.0,0.0,0.7497784815889205,0.3362315895620926,0.1322806878307486,0.5,0.0,0.0,0.24977848158892046,0.3362315895620926,0.1322806878307486,0.4392483944845947
-1,7.100000000029579,0.010000000000065512,0.6983514897780063,0.015251521420986881,0.006796743006750185,4.892319807094583,-0.229440844913321,0.02607624222785983,5.590671296872589,-0.21418932349233413,0.03287298523461002,0.5,0.0,0.0,0.0,0.0,0.0,0.0,0.0,0.0,0.0,0.0,0.0,0.0,0.0,0.0,0.0,0.49999999999484857,-1.665334536926825e-14,2.775557561544708e-15,0.5,0.0,0.0,-5.151434834260726e-12,-1.665334536926825e-14,2.775557561544708e-15,5.151462500034976e-12
-1,7.110000000029644,0.010000000000065512,0.7018966925905036,0.013932758760320452,0.007548816141070503,4.895229401469555,-0.2268033195919877,0.024572095959219376,5.597126094060059,-0.21287056083166725,0.03212091210028988,0.5,0.0,0.0,0.0,0.0,0.0,0.0,0.0,0.0,0.0,0.0,0.0,0.0,0.0,0.0,0.0,0.6454797187427266,0.1318762660658244,-0.07520731343152103,0.5,0.0,0.0,0.14547971874272658,0.1318762660658244,-0.07520731343152103,0.21026611260617814
-1,7.12000000002971,0.010000000000065512,0.7004167675396651,0.011816653717785508,0.0055413934284785134,4.907842924322892,-0.2230528952815461,0.028576241011569442,5.608259691862557,-0.21123624156376059,0.03411763444004796,0.5,0.0,0.0,0.0,0.0,0.0,0.0,0.0,0.0,0.0,0.0,0.0,0.0,0.0,0.0,0.0,1.113359780242529,0.16343192678959576,0.19967223397449943,0.5,0.0,0.0,0.613359780242529,0.16343192678959576,0.19967223397449943,0.6654240871306738
-1,7.130000000029775,0.010000000000065512,0.7006921242100059,0.011854672385893904,0.005250461646280279,4.917292210982168,-0.22312893261776232,0.029158104575965925,5.617984335192174,-0.2112742602318684,0.0344085662222462,0.5,0.0,0.0,0.0,0.0,0.0,0.0,0.0,0.0,0.0,0.0,0.0,0.0,0.0,0.0,0.0,0.9724643329553714,-0.0038018668107570775,0.029093178219633895,0.5,0.0,0.0,0.4724643329553714,-0.0038018668107570775,0.029093178219633895,0.47337449564285794
-1,7.140000000029841,0.010000000000065512,0.6972355888613374,0.011180329623152966,0.002779714737276896,4.934205281679467,-0.22178024709228059,0.03409959839397273,5.631440870540804,-0.21059991746912762,0.036879313131249626,0.5,0.0,0.0,0.0,0.0,0.0,0.0,0.0,0.0,0.0,0.0,0.0,0.0,0.0,0.0,0.0,1.345653534854185,0.06743427627363639,0.24707469089872375,0.5,0.0,0.0,0.8456535348541849,0.06743427627363639,0.24707469089872375,0.8835854149490173
-1,7.150000000029906,0.010000000000065512,0.7001428624246107,0.010899812880986726,0.004361546870922446,4.938390734552886,-0.22121921360794788,0.030935934126681674,5.638533596977497,-0.21031940072696115,0.035297480997604117,0.5,0.0,0.0,0.0,0.0,0.0,0.0,0.0,0.0,0.0,0.0,0.0,0.0,0.0,0.0,0.0,0.7092726436645765,0.028051674216463787,-0.15818321336351468,0.5,0.0,0.0,0.20927264366457654,0.028051674216463787,-0.15818321336351468,0.2638254438122196
-1,7.160000000029972,0.010000000000065512,0.7030621598109342,0.011274764534713686,0.0040311632242514,4.942552139780198,-0.22196911691540294,0.0315967014200235,5.6456142995911325,-0.21069435238068926,0.0356278646442749,0.5,0.0,0.0,0.0,0.0,0.0,0.0,0.0,0.0,0.0,0.0,0.0,0.0,0.0,0.0,0.0,0.7080702613589527,-0.03749516537256553,0.03303836466686186,0.5,0.0,0.0,0.20807026135895268,-0.03749516537256553,0.03303836466686186,0.21398751044899667
-1,7.170000000030037,0.010000000000065512,0.6909425380474647,0.005120579619910243,0.0008016066799767112,4.9767913833071,-0.2096607470857964,0.03805581450857283,5.667733921354565,-0.20454016746588616,0.03885742118854954,0.5,0.0,0.0,0.0,0.0,0.0,0.0,0.0,0.0,0.0,0.0,0.0,0.0,0.0,0.0,0.0,2.211962176328783,0.6154184914762784,0.32295565442534835,0.5,0.0,0.0,1.711962176328783,0.6154184914762784,0.32295565442534835,1.8476619732939858
-1,7.180000000030103,0.010000000000065512,0.6877681933319336,0.010591912943072254,0.0018574828258718324,4.9931400727381225,-0.22060341373212056,0.0359440622167826,5.680908266070056,-0.2100115007890483,0.03780154504265443,0.5,0.0,0.0,0.0,0.0,0.0,0.0,0.0,0.0,0.0,0.0,0.0,0.0,0.0,0.0,0.0,1.317434471540475,-0.5471333323126287,-0.10558761458881954,0.5,0.0,0.0,0.8174344715404751,-0.5471333323126287,-0.10558761458881954,0.9892940629280732
-1,7.190000000030168,0.010000000000065512,0.6853179084454171,0.005865491099103565,-0.001516087103927929,5.00804064251112,-0.21115057004418317,0.04269120207638222,5.693358550956537,-0.2052850789450796,0.04117511497245429,0.5,0.0,0.0,0.0,0.0,0.0,0.0,0.0,0.0,0.0,0.0,0.0,0.0,0.0,0.0,0.0,1.2450284886399359,0.47264218439377176,0.3373569929777761,0.5,0.0,0.0,0.7450284886399359,0.47264218439377176,0.3373569929777761,0.9445992928563045
-1,7.200000000030234,0.010000000000065512,0.6884135697034702,0.003664040650646674,0.00046453942824229734,5.011849319994978,-0.206747669147268,0.03872994901204159,5.700262889698448,-0.20308362849662132,0.039194488440283885,0.5,0.0,0.0,0.0,0.0,0.0,0.0,0.0,0.0,0.0,0.0,0.0,0.0,0.0,0.0,0.0,0.6904338741865311,0.220145044844387,-0.19806265321574287,0.5,0.0,0.0,0.19043387418653113,0.220145044844387,-0.19806265321574287,0.3520762925930804
-1,7.210000000030299,0.010000000000065512,0.683025005103772,0.005147934284184744,0.0007479720502975456,5.032626449194336,-0.20971545641434391,0.038163083767931094,5.715651454298109,-0.20456752213015916,0.03891105581822864,0.5,0.0,0.0,0.0,0.0,0.0,0.0,0.0,0.0,0.0,0.0,0.0,0.0,0.0,0.0,0.0,1.5388564599560168,-0.14838936335281258,-0.02834326220533909,0.5,0.0,0.0,1.0388564599560168,-0.14838936335281258,-0.02834326220533909,1.049783543432188
-1,7.220000000030365,0.010000000000065512,0.6822821791289525,0.007863748063697142,0.004931592287040047,5.044112101143943,-0.21514708397336899,0.029795843294446126,5.7263942802728955,-0.20728333590967185,0.03472743558148617,0.5,0.0,0.0,0.0,0.0,0.0,-5.9939311234060675,1.413002434979869,1.6832621270593553,5.9939311234060675,-1.413002434979869,-1.6832621270593553,0.0,0.0,0.0,0.0,1.074282597471644,-0.2715813779494896,-0.4183620236715057,0.5,0.0,0.0,0.5742825974716439,-0.2715813779494896,-0.4183620236715057,0.7606469151046622
-1,7.23000000003043,0.010000000000065512,0.6782127961095396,0.008924907443789713,0.007901162015787064,5.06225086718273,-0.2172694027335542,0.02385670383695215,5.740463663292269,-0.20834449528976448,0.031757865852739216,0.5,0.0,0.0,0.0,0.0,0.0,0.0,0.0,0.0,0.0,0.0,0.0,0.0,0.0,0.0,0.0,1.406938301928149,-0.1061159380085678,-0.29695697287275025,0.5,0.0,0.0,0.906938301928149,-0.1061159380085678,-0.29695697287275025,0.9601984792434842
-1,7.240000000030496,0.010000000000065512,0.6817257164015517,0.00671896816921882,0.006744006744325462,5.065225026598667,-0.21285752418441173,0.02617101437987548,5.746950743000219,-0.2061385560151929,0.032915021124200944,0.5,0.0,0.0,0.0,0.0,0.0,0.0,0.0,0.0,0.0,0.0,0.0,0.0,0.0,0.0,0.0,0.6487079707906985,0.22059392745571263,0.11571552714541473,0.5,0.0,0.0,0.14870797079069853,0.22059392745571263,0.11571552714541473,0.29011346854216313
-1,7.250000000030561,0.010000000000065512,0.6822385393382364,0.009245110585917428,0.0073770816417388025,5.074199380725256,-0.21790980901780896,0.02490486458504872,5.756437920063492,-0.20866469843189153,0.032281946226787525,0.5,0.0,0.0,0.0,0.0,0.0,-18.478953097027805,-2.435243001541404,-3.702109188238209,18.478953097027805,2.435243001541404,3.702109188238209,0.0,0.0,0.0,0.0,0.9487177063211247,-0.25261424166820795,-0.06330748974092713,0.5,0.0,0.0,0.44871770632112473,-0.25261424166820795,-0.06330748974092713,0.5188153557066257
-1,7.260000000030627,0.010000000000065512,0.682330343441651,0.007011485663252041,0.007371331713573303,5.084015772518393,-0.2134425591724781,0.024916364441379686,5.766346115960044,-0.20643107350922604,0.032287696154952986,0.5,0.0,0.0,0.0,0.0,0.0,0.0,0.0,0.0,0.0,0.0,0.0,0.0,0.0,0.0,0.0,0.9908195896486764,0.22336249226508562,0.0005749928165422825,0.5,0.0,0.0,0.49081958964867645,0.22336249226508562,0.0005749928165422825,0.5392541174163668
-1,7.270000000030692,0.010000000000065512,0.6840483532640116,0.0076983545876400964,0.001880594402929751,5.09057975287364,-0.2148162970212544,0.03589783906266682,5.774628106137651,-0.2071179424336143,0.03777843346559657,0.5,0.0,0.0,0.0,0.0,0.0,0.0,0.0,0.0,0.0,0.0,0.0,0.0,0.0,0.0,0.0,0.8281990177553411,-0.06868689243837676,0.5490737310607612,0.5,0.0,0.0,0.3281990177553411,-0.06868689243837676,0.5490737310607612,0.6433618317785078
-1,7.280000000030758,0.010000000000065512,0.6835905222820795,0.007379599915586332,0.0035041808023469024,5.10149541483747,-0.2141787876771467,0.03265066626383247,5.7850859371195495,-0.20679918776156037,0.03615484706617937,0.5,0.0,0.0,0.0,0.0,0.0,0.0,0.0,0.0,0.0,0.0,0.0,0.0,0.0,0.0,0.0,1.0457830981829608,0.031875467205185644,-0.16235863994065605,0.5,0.0,0.0,0.5457830981829608,0.031875467205185644,-0.16235863994065605,0.570311812638595
-1,7.290000000030823,0.010000000000065512,0.6814453551865063,0.008680614006183713,0.0037664251138755617,5.115785749028571,-0.21678081585834166,0.032126177640775265,5.7972311042150775,-0.20810020185215794,0.035892602754650824,0.5,0.0,0.0,0.0,0.0,0.0,0.0,0.0,0.0,0.0,0.0,0.0,0.0,0.0,0.0,0.0,1.2145167095448366,-0.1301014090589051,-0.026224431152682977,0.5,0.0,0.0,0.7145167095448366,-0.1301014090589051,-0.026224431152682977,0.7267380722427956
-1,7.300000000030889,0.010000000000065512,0.6815364954343647,0.012415406082992542,0.0029485517448904364,5.125603468532827,-0.22425040001195948,0.03376192437874513,5.807139963967192,-0.21183499392896693,0.036710476123635566,0.5,0.0,0.0,0.0,0.0,0.0,0.0,0.0,0.0,0.0,0.0,0.0,0.0,0.0,0.0,0.0,0.9908859752049282,-0.3734792076784523,0.08178733689793842,0.5,0.0,0.0,0.49088597520492816,-0.3734792076784523,0.08178733689793842,0.6222097135997434
-1,7.310000000030954,0.010000000000065512,0.6741171073147174,0.014043558172319568,0.0062620207918338885,5.150442244772086,-0.2275067041906133,0.02713498628485851,5.824559352086803,-0.21346314601829375,0.0333970070766924,0.5,0.0,0.0,0.0,0.0,0.0,0.0,0.0,0.0,0.0,0.0,0.0,0.0,0.0,0.0,0.0,1.7419388119497294,-0.1628152089316151,-0.33134690469214567,0.5,0.0,0.0,1.2419388119497294,-0.1628152089316151,-0.33134690469214567,1.2956510240553267
-1,7.32000000003102,0.010000000000065512,0.6715356292734562,0.015312606997966053,0.004528059764685303,5.165605200854573,-0.23004480184190595,0.030602908339155462,5.837140830128029,-0.2147321948439399,0.03513096810384077,0.5,0.0,0.0,0.0,0.0,0.0,0.0,0.0,0.0,0.0,0.0,0.0,0.0,0.0,0.0,0.0,1.258147804114369,-0.12690488256378435,0.17339610271370065,0.5,0.0,0.0,0.758147804114369,-0.12690488256378435,0.17339610271370065,0.7880096132270645
-1,7.330000000031085,0.010000000000065512,0.6741782797226169,0.015923038694116366,0.005223572601013566,5.170319899956209,-0.2312656652342067,0.02921188266649902,5.844498179678826,-0.21534262654009032,0.034435455267512585,0.5,0.0,0.0,0.0,0.0,0.0,0.0,0.0,0.0,0.0,0.0,0.0,0.0,0.0,0.0,0.0,0.7357349550748833,-0.06104316961464106,-0.06955128363236261,0.5,0.0,0.0,0.2357349550748833,-0.06104316961464106,-0.06955128363236261,0.2532481365295082
-1,7.340000000031151,0.010000000000065512,0.6775925150404729,0.014827683274398682,0.006509256318036774,5.173491429320455,-0.22907495439477146,0.026640515232452616,5.851083944360928,-0.21424727112037278,0.03314977155048939,0.5,0.0,0.0,0.0,0.0,0.0,0.0,0.0,0.0,0.0,0.0,0.0,0.0,0.0,0.0,0.0,0.658576468205878,0.10953554197103549,-0.12856837170147709,0.5,0.0,0.0,0.158576468205878,0.10953554197103549,-0.12856837170147709,0.2316772699802626
-1,7.3500000000312165,0.010000000000065512,0.6762159581739193,0.015485771019430054,0.010567226070392333,5.1862445430535296,-0.2303911298848343,0.018524575727741726,5.862460501227449,-0.21490535886540424,0.02909180179813406,0.5,0.0,0.0,0.0,0.0,0.0,0.0,0.0,0.0,0.0,0.0,0.0,0.0,0.0,0.0,0.0,1.137655686644664,-0.06580877450271436,-0.4057969752328748,0.5,0.0,0.0,0.6376556866446641,-0.06580877450271436,-0.4057969752328748,0.7586875210651468
-1,7.360000000031282,0.010000000000065512,0.6781422997301707,0.012895446929094436,0.013973015060951478,5.192391859941,-0.2252104817041632,0.011712997746623462,5.870534159671171,-0.21231503477506874,0.02568601280757494,0.5,0.0,0.0,0.0,0.0,0.0,0.0,0.0,0.0,0.0,0.0,0.0,0.0,0.0,0.0,0.0,0.8073658443668429,0.25903240903185243,-0.3405788990536809,0.5,0.0,0.0,0.3073658443668429,0.25903240903185243,-0.3405788990536809,0.5268448895954145
-1,7.3700000000313475,0.010000000000065512,0.6807828173893833,0.01507129779143065,0.014726398683771217,5.197110824622536,-0.22956218342883578,0.010206230500983902,5.877893642011919,-0.21449088563740512,0.02493262918475512,0.5,0.0,0.0,0.0,0.0,0.0,0.0,0.0,0.0,0.0,0.0,0.0,0.0,0.0,0.0,0.0,0.7359482340700577,-0.21758508623221215,-0.07533836228148842,0.5,0.0,0.0,0.23594823407005772,-0.21758508623221215,-0.07533836228148842,0.32968273801143233
-1,7.380000000031413,0.010000000000065512,0.6788481092920894,0.014284316385321672,0.012802477900938664,5.210980240817098,-0.22798822061661775,0.014054072066649118,5.8898283501091875,-0.21370390423129607,0.02685654996758778,0.5,0.0,0.0,0.0,0.0,0.0,-4.992100569034897,1.1051968737039595,-5.011304309449532,4.992100569034897,-1.1051968737039595,5.011304309449532,0.0,0.0,0.0,0.0,1.1934708097189857,0.07869814061038995,0.19239207828200583,0.5,0.0,0.0,0.6934708097189857,0.07869814061038995,0.19239207828200583,0.7239543307788882
-1,7.3900000000314785,0.010000000000065512,0.6702404925225692,0.012107808705563034,0.008841347204471295,5.238195474356103,-0.2236352052571,0.021976333459583698,5.908435966878672,-0.211527396551537,0.03081768066405499,0.5,0.0,0.0,0.0,0.0,0.0,0.0,0.0,0.0,0.0,0.0,0.0,0.0,0.0,0.0,0.0,1.8607616769362734,0.21765076797448177,0.396113069644126,0.5,0.0,0.0,1.3607616769362734,0.21765076797448177,0.396113069644126,1.433858348011125
-1,7.400000000031544,0.010000000000065512,0.6701280027737367,0.011674368588334153,0.009717124361678976,5.248420453853735,-0.22276832502264204,0.020224779145168376,5.918548456627472,-0.2110939564343079,0.02994190350684735,0.5,0.0,0.0,0.0,0.0,0.0,0.0,0.0,0.0,0.0,0.0,0.0,0.0,0.0,0.0,0.0,1.011248974873383,0.04334401172262552,-0.08757771572019031,0.5,0.0,0.0,0.511248974873383,0.04334401172262552,-0.08757771572019031,0.5205036733319589
-1,7.4100000000316095,0.010000000000065512,0.669837427422496,0.013258576274412657,0.010967674063124745,5.2590016045561745,-0.22593674039479889,0.01772367974227692,5.92883903197867,-0.21267816412038623,0.028691353805401665,0.5,0.0,0.0,0.0,0.0,0.0,0.0,0.0,0.0,0.0,0.0,0.0,0.0,0.0,0.0,0.0,1.0290575351130735,-0.15842076860679588,-0.1250549701437494,0.5,0.0,0.0,0.5290575351130735,-0.15842076860679588,-0.1250549701437494,0.566248850721609
-1,7.420000000031675,0.010000000000065512,0.6722299690754896,0.010550784461194125,0.011575082953307541,5.264216521250141,-0.22052115676836176,0.01650886196191135,5.936446490325631,-0.20997037230716764,0.02808394491521889,0.5,0.0,0.0,0.0,0.0,0.0,0.0,0.0,0.0,0.0,0.0,0.0,0.0,0.0,0.0,0.0,0.7607458346910689,0.27077918132008516,-0.06074088901787957,0.5,0.0,0.0,0.26074583469106893,0.27077918132008516,-0.06074088901787957,0.3807876192102366
-1,7.4300000000317405,0.010000000000065512,0.6726969267740003,0.009876305351554903,0.01554566750580083,5.273282605853068,-0.21917219854908365,0.008567692856924701,5.945979532627068,-0.20929589319752875,0.02411336036272553,0.5,0.0,0.0,0.0,0.0,0.0,0.0,0.0,0.0,0.0,0.0,0.0,0.0,0.0,0.0,0.0,0.9533042301374802,0.06744791096344682,-0.3970584552467347,0.5,0.0,0.0,0.4533042301374802,0.06744791096344682,-0.3970584552467347,0.6063739462054665
-1,7.440000000031806,0.010000000000065512,0.6688885589731888,0.006810466962587737,0.0166769846518349,5.290636452807569,-0.21304469835986314,0.006473028252676177,5.959525011780758,-0.2062342313972754,0.023150012904511078,0.5,0.0,0.0,0.0,0.0,0.0,0.0,0.0,0.0,0.0,0.0,0.0,0.0,0.0,0.0,0.0,1.3545479153601014,0.3061661800233299,-0.09633474582081412,0.5,0.0,0.0,0.8545479153601014,0.3061661800233299,-0.09633474582081412,0.9128363778294192
-1,7.450000000031872,0.010000000000065512,0.6637337303377445,0.007246446288356003,0.017298663142675752,5.31094611007842,-0.21391665701139978,0.00522967127099428,5.974679840416164,-0.20667021072304378,0.022528334413670033,0.5,0.0,0.0,0.0,0.0,0.0,0.0,0.0,0.0,0.0,0.0,0.0,0.0,0.0,0.0,0.0,1.515482863530712,-0.04359793257655313,-0.06216784908369727,0.5,0.0,0.0,1.015482863530712,-0.04359793257655313,-0.06216784908369727,1.0183177634261213
-1,7.460000000031937,0.010000000000065512,0.6687337303377248,0.007246446288356003,0.017298663142675752,5.310946110078416,-0.21391665701140095,0.005229671270994419,5.979679840416141,-0.20667021072304495,0.02252833441367017,0.5,0.0,0.0,0.0,0.0,0.0,0.0,0.0,0.0,0.0,0.0,0.0,0.0,0.0,0.0,0.0,0.4999999999944045,-1.1657341758487774e-13,1.387778780772354e-14,0.5,0.0,0.0,-5.595524044110789e-12,-1.1657341758487774e-13,1.387778780772354e-14,5.59675542461021e-12
-1,7.470000000032003,0.010000000000065512,0.6659848336560616,0.0076470381333239405,0.015912014521326262,5.326443903441702,-0.2147178407013366,0.008002968513693512,5.992428737097764,-0.20707080256801266,0.023914983035019773,0.5,0.0,0.0,0.0,0.0,0.0,0.0,0.0,0.0,0.0,0.0,0.0,0.0,0.0,0.0,0.0,1.274889668153897,-0.040059184496508825,0.1386648621340517,0.5,0.0,0.0,0.774889668153897,-0.040059184496508825,0.1386648621340517,0.7882174065984825
-1,7.480000000032068,0.010000000000065512,0.667418904066973,0.008369396339432905,0.016424766794636135,5.3335757626198435,-0.2161625571135544,0.006977463967073624,6.000994666686816,-0.2077931607741215,0.02340223076170976,0.5,0.0,0.0,0.0,0.0,0.0,0.0,0.0,0.0,0.0,0.0,0.0,0.0,0.0,0.0,0.0,0.8565929588996661,-0.07223582061040984,-0.051275227330665266,0.5,0.0,0.0,0.35659295889966613,-0.07223582061040984,-0.051275227330665266,0.36743121948725277
-1,7.490000000032134,0.010000000000065512,0.6644530195740134,0.010055961095304777,0.021258454235132698,5.349507531605742,-0.21953568662529754,-0.0026899109139193957,6.013960551179755,-0.20947972552999278,0.018568543321213302,0.5,0.0,0.0,0.0,0.0,0.0,0.0,0.0,0.0,0.0,0.0,0.0,0.0,0.0,0.0,0.0,1.296588449285384,-0.16865647558602348,-0.4833687440464792,0.5,0.0,0.0,0.7965884492853841,-0.16865647558602348,-0.4833687440464792,0.946912618467545
-1,7.500000000032199,0.010000000000065512,0.6621993432783306,0.008890007273782178,0.021545647496371154,5.364014884197066,-0.21720377898225224,-0.003264297436396384,6.026214227475396,-0.20831377170847007,0.01828135005997477,0.5,0.0,0.0,0.0,0.0,0.0,0.0,0.0,0.0,0.0,0.0,0.0,0.0,0.0,0.0,0.0,1.2253676295560838,0.116595382151507,-0.028719326123665092,0.5,0.0,0.0,0.7253676295560838,0.116595382151507,-0.028719326123665092,0.7352397437842064
-1,7.510000000032265,0.010000000000065512,0.6616949403151821,0.007224609862395248,0.02498010814332338,5.375023690123327,-0.21387298415947853,-0.010133218730300717,6.036718630438509,-0.20664837429708327,0.014846889413022661,0.5,0.0,0.0,0.0,0.0,0.0,0.0,0.0,0.0,0.0,0.0,0.0,0.0,0.0,0.0,0.0,1.0504402963043908,0.16653974113758882,-0.34344606469296085,0.5,0.0,0.0,0.5504402963043908,0.16653974113758882,-0.34344606469296085,0.6698322211770065
-1,7.52000000003233,0.010000000000065512,0.6666949403151623,0.007224609862395248,0.02498010814332338,5.375023690123323,-0.21387298415947859,-0.0101332187303007,6.041718630438485,-0.20664837429708333,0.014846889413022679,0.5,0.0,0.0,0.0,0.0,0.0,0.0,0.0,0.0,0.0,0.0,0.0,0.0,0.0,0.0,0.0,0.49999999999431566,-5.551115123089416e-15,1.7347234759654426e-15,0.5,0.0,0.0,-5.6843418860808015e-12,-5.551115123089416e-15,1.7347234759654426e-15,5.68434486128325e-12
-1,7.530000000032396,0.010000000000065512,0.6683727111127519,0.011862554076674118,0.023463339783103318,5.381668148528106,-0.2231488725880356,-0.007099682009860733,6.050040859640857,-0.21128631851136148,0.016363657773242585,0.5,0.0,0.0,0.0,0.0,0.0,0.0,0.0,0.0,0.0,0.0,0.0,0.0,0.0,0.0,0.0,0.8322229202317835,-0.46379442142477717,0.15167683602099694,0.5,0.0,0.0,0.33222292023178346,-0.46379442142477717,0.15167683602099694,0.590324653608011
-1,7.540000000032461,0.010000000000065512,0.6729363903192707,0.012010886136279812,0.022898224624054546,5.382540790115037,-0.2234455367072469,-0.005969451691763168,6.055477180434307,-0.21143465057096708,0.016928772932291378,0.5,0.0,0.0,0.0,0.0,0.0,0.0,0.0,0.0,0.0,0.0,0.0,0.0,0.0,0.0,0.0,0.5436320793414408,-0.01483320596046275,0.05651151590450908,0.5,0.0,0.0,0.043632079341440755,-0.01483320596046275,0.05651151590450908,0.07292005057971965
-1,7.550000000032527,0.010000000000065512,0.6771993606360698,0.009764379891531564,0.023962080255372293,5.384014849481388,-0.21895252421775088,-0.008097162954398343,6.061214210117457,-0.20918814432621932,0.01586491730097395,0.5,0.0,0.0,0.0,0.0,0.0,0.0,0.0,0.0,0.0,0.0,0.0,0.0,0.0,0.0,0.0,0.5737029683112457,0.22465062447330417,-0.10638556313104583,0.5,0.0,0.0,0.07370296831124568,0.22465062447330417,-0.10638556313104583,0.25926418699242626
-1,7.560000000032592,0.010000000000065512,0.6715914668433903,0.0109204146770849,0.021431288858695056,5.405230637066699,-0.22126459378885743,-0.00303558016104389,6.076822103910089,-0.21034417911177253,0.018395708697651166,0.5,0.0,0.0,0.0,0.0,0.0,0.0,0.0,0.0,0.0,0.0,0.0,0.0,0.0,0.0,0.0,1.5607893792529803,-0.11560347855456327,0.25307913966606366,0.5,0.0,0.0,1.0607893792529803,-0.11560347855456327,0.25307913966606366,1.0966710182748305
-1,7.570000000032658,0.010000000000065512,0.6722788121190755,0.008770018903563475,0.019337542715429416,5.41371710749081,-0.2170874059796551,0.001285302251836117,6.085995919609886,-0.20831738707609163,0.020622844967265533,0.5,0.0,0.0,0.0,0.0,0.0,0.0,0.0,0.0,0.0,0.0,0.0,0.0,0.0,0.0,0.0,0.9173815699736151,0.20267920356676242,0.22271362695997762,0.5,0.0,0.0,0.4173815699736151,0.20267920356676242,0.22271362695997762,0.5146723172522153
-1,7.580000000032723,0.010000000000065512,0.6747860818270344,0.008696629484779905,0.01879265221491005,5.418702568074858,-0.21694062714208795,0.0023750832528751957,6.093488649901892,-0.20824399765730806,0.021167735467785248,0.5,0.0,0.0,0.0,0.0,0.0,0.0,0.0,0.0,0.0,0.0,0.0,0.0,0.0,0.0,0.0,0.7492730291957391,0.007338941878308963,0.05448905005161455,0.5,0.0,0.0,0.24927302919573913,0.007338941878308963,0.05448905005161455,0.25526448975100385
-1,7.590000000032789,0.010000000000065512,0.6695279160648244,0.007047466960026088,0.017582506364229294,5.439218899599248,-0.21364230209258078,0.0047953749542362645,6.108746815664072,-0.2065948351325547,0.022377881318465558,0.5,0.0,0.0,0.0,0.0,0.0,0.0,0.0,0.0,0.0,0.0,0.0,0.0,0.0,0.0,0.0,1.5258165762080238,0.16491625247425573,0.12101458506723822,0.5,0.0,0.0,1.0258165762080238,0.16491625247425573,0.12101458506723822,1.046012212238605
-1,7.600000000032854,0.010000000000065512,0.6714411314180103,0.005378527663960786,0.018087252046098554,5.44539246889283,-0.21030442350045017,0.003785883590497886,6.116833600310841,-0.20492589583648937,0.02187313563659644,0.5,0.0,0.0,0.0,0.0,0.0,0.0,0.0,0.0,0.0,0.0,0.0,0.0,0.0,0.0,0.0,0.8086784646715508,0.16689392960543858,-0.050474568186581095,0.5,0.0,0.0,0.3086784646715508,0.16689392960543858,-0.050474568186581095,0.3545189139168075
-1,7.61000000003292,0.010000000000065512,0.6764411314179906,0.005378527663960786,0.018087252046098554,5.445392468892832,-0.21030442350045037,0.003785883590497834,6.121833600310823,-0.20492589583648957,0.02187313563659639,0.5,0.0,0.0,0.0,0.0,0.0,0.0,0.0,0.0,0.0,0.0,0.0,0.0,0.0,0.0,0.0,0.4999999999949374,-1.9428902930812955e-14,-5.2041704278963275e-15,0.5,0.0,0.0,-5.062616992290714e-12,-1.9428902930812955e-14,-5.2041704278963275e-15,5.062656948311786e-12
-1,7.620000000032985,0.010000000000065512,0.6814411314179708,0.005378527663960786,0.018087252046098554,5.445392468892832,-0.2103044235004505,0.0037858835904982704,6.126833600310803,-0.2049258958364897,0.021873135636596826,0.5,0.0,0.0,0.0,0.0,0.0,0.0,0.0,0.0,0.0,0.0,0.0,0.0,0.0,0.0,0.0,0.49999999999475975,-1.387778780772354e-14,4.371503159432915e-14,0.5,0.0,0.0,-5.240252676230739e-12,-1.387778780772354e-14,4.371503159432915e-14,5.2404533876111474e-12
-1,7.630000000033051,0.010000000000065512,0.6801851555787295,0.003933491568581623,0.01831834541110155,5.457904420571285,-0.20741435130969219,0.0033236968604920935,6.138089576150015,-0.20348085974111058,0.021642042271593644,0.5,0.0,0.0,0.0,0.0,0.0,0.0,0.0,0.0,0.0,0.0,0.0,0.0,0.0,0.0,0.0,1.125597583913771,0.14450360953696653,-0.02310933650016682,0.5,0.0,0.0,0.6255975839137711,0.14450360953696653,-0.02310933650016682,0.6424855419396127
-1,7.640000000033116,0.010000000000065512,0.6684060868495746,0.004305303261704302,0.016418198034752047,5.491462558029563,-0.20815797469593747,0.007123991613191189,6.159868644879138,-0.20385267143423316,0.023542189647943235,0.5,0.0,0.0,0.0,0.0,0.0,0.0,0.0,0.0,0.0,0.0,0.0,0.0,0.0,0.0,0.0,2.1779068728980597,-0.037181169312015094,0.19001473763371435,0.5,0.0,0.0,1.6779068728980597,-0.037181169312015094,0.19001473763371435,1.6890410042352326
-1,7.650000000033182,0.010000000000065512,0.6720958396216317,0.005714077008475895,0.01666433746870629,5.494045591004641,-0.21075406861313886,0.006581238802076378,6.166141430626272,-0.20503999160466296,0.023245576270782668,0.5,0.0,0.0,0.0,0.0,0.0,0.0,0.0,0.0,0.0,0.0,0.0,0.0,0.0,0.0,0.0,0.6272785747092986,-0.11873201704220225,-0.029661337715862462,0.5,0.0,0.0,0.1272785747092986,-0.11873201704220225,-0.029661337715862462,0.17656987966817772
-1,7.660000000033247,0.010000000000065512,0.6745796498561224,0.0033067599789741286,0.016365324949551324,5.499077970535629,-0.20593943455413483,0.007179263840386529,6.173657620391752,-0.2026326745751607,0.023544588789937853,0.5,0.0,0.0,0.0,0.0,0.0,0.0,0.0,0.0,0.0,0.0,0.0,0.0,0.0,0.0,0.0,0.751618976543039,0.24073170294864832,0.02990125191532265,0.5,0.0,0.0,0.251618976543039,0.24073170294864832,0.02990125191532265,0.349511011310411
-1,7.670000000033313,0.010000000000065512,0.6774768770451801,0.004410728780236788,0.01614584379010811,5.503283516157482,-0.20814737215666015,0.007618226159273024,6.180760393202662,-0.20373664337642336,0.023764069949381135,0.5,0.0,0.0,0.0,0.0,0.0,0.0,0.0,0.0,0.0,0.0,0.0,0.0,0.0,0.0,0.0,0.7102772810863565,-0.1103968801255418,0.021948115944184415,0.5,0.0,0.0,0.21027728108635646,-0.1103968801255418,0.021948115944184415,0.2385072868405139
-1,7.680000000033378,0.010000000000065512,0.6804855989629576,0.0037901801693789264,0.018706055325905167,5.507266072321884,-0.2069062749349447,0.002497803087678702,6.1877516712848415,-0.20311609476556577,0.021203858413583868,0.5,0.0,0.0,0.0,0.0,0.0,0.0,0.0,0.0,0.0,0.0,0.0,0.0,0.0,0.0,0.0,0.6991278082133896,0.06205486108535199,-0.2560211535780495,0.5,0.0,0.0,0.1991278082133896,0.06205486108535199,-0.2560211535780495,0.33022646905968334
-1,7.690000000033444,0.010000000000065512,0.6773816893681242,0.0031096218930828277,0.021156035793993912,5.52347389151151,-0.205545158382353,-0.002402157848498778,6.200855580879634,-0.20243553648927015,0.018753877945495136,0.5,0.0,0.0,0.0,0.0,0.0,0.0,0.0,0.0,0.0,0.0,0.0,0.0,0.0,0.0,0.0,1.3103909594706615,0.06805582762911645,-0.24499804680726817,0.5,0.0,0.0,0.8103909594706615,0.06805582762911645,-0.24499804680726817,0.8493463049931046
-1,7.700000000033509,0.010000000000065512,0.6815758755885513,0.0025513448906939393,0.018834721838216162,5.525085519070609,-0.20442860437757507,0.0022404700630569386,6.206661394659161,-0.20187725948688112,0.0210751919012731,0.5,0.0,0.0,0.0,0.0,0.0,0.0,0.0,0.0,0.0,0.0,0.0,0.0,0.0,0.0,0.0,0.5805813779488901,0.0558277002385372,0.23213139557627582,0.5,0.0,0.0,0.08058137794889009,0.0558277002385372,0.23213139557627582,0.2519822918346749
-1,7.710000000033575,0.010000000000065512,0.6860516447164998,0.0025798590206609216,0.02049412034416986,5.526133980814679,-0.2044856326375095,-0.0010783269488504538,6.212185625531179,-0.20190577361684856,0.019415793395319406,0.5,0.0,0.0,0.0,0.0,0.0,0.0,0.0,0.0,0.0,0.0,0.0,0.0,0.0,0.0,0.0,0.552423087198162,-0.0028514129967246163,-0.1659398505942824,0.5,0.0,0.0,0.05242308719816202,-0.0028514129967246163,-0.1659398505942824,0.1740469610269503
-1,7.72000000003364,0.010000000000065512,0.6757846028827895,0.004706914503196674,0.01932971944617888,5.5566680644820705,-0.20873974360258016,0.0012504748471316022,6.23245266736486,-0.20403282909938347,0.020580194293310483,0.5,0.0,0.0,0.0,0.0,0.0,0.0,0.0,0.0,0.0,0.0,0.0,0.0,0.0,0.0,0.0,2.0267041833548225,-0.21270554825209828,0.11644008979834486,0.5,0.0,0.0,1.5267041833548225,-0.21270554825209828,0.11644008979834486,1.5458420385804585
-1,7.730000000033706,0.010000000000065512,0.6766507078257917,0.004222368242918107,0.017257758926672338,5.56493585459603,-0.20777065108202356,0.0053943958861445125,6.241586562421821,-0.20354828283910545,0.02265215481281685,0.5,0.0,0.0,0.0,0.0,0.0,0.0,0.0,0.0,0.0,0.0,0.0,0.0,0.0,0.0,0.0,0.9133895056901434,0.04845462602748494,0.20719605194927923,0.5,0.0,0.0,0.41338950569014343,0.04845462602748494,0.20719605194927923,0.46493971452390787
-1,7.740000000033771,0.010000000000065512,0.675824955656507,0.003100003221196055,0.016567333290889927,5.576587358934554,-0.20552592103858053,0.006775247157709088,6.252412314591061,-0.20242591781738448,0.023342580448599014,0.5,0.0,0.0,0.0,0.0,0.0,0.0,0.0,0.0,0.0,0.0,0.0,0.0,0.0,0.0,0.0,1.082575216916939,0.11223650217136195,0.06904256357776413,0.5,0.0,0.0,0.5825752169169389,0.11223650217136195,0.06904256357776413,0.5972920486419271
-1,7.750000000033837,0.010000000000065512,0.6808249556564873,0.003100003221196055,0.016567333290889927,5.576587358934556,-0.2055259210385793,0.006775247157709225,6.257412314591043,-0.20242591781738326,0.023342580448599153,0.5,0.0,0.0,0.0,0.0,0.0,0.0,0.0,0.0,0.0,0.0,0.0,0.0,0.0,0.0,0.0,0.4999999999949374,1.2212453270796715e-13,1.387778780772354e-14,0.5,0.0,0.0,-5.062616992290714e-12,1.2212453270796715e-13,1.387778780772354e-14,5.0641087868562075e-12
-1,7.7600000000339024,0.010000000000065512,0.6789825168865418,0.007440962023738797,0.0186290210246974,5.590272236474412,-0.2142078386436651,0.0026518716900941117,6.269254753360954,-0.20676687661992632,0.02128089271479151,0.5,0.0,0.0,0.0,0.0,0.0,0.0,0.0,0.0,0.0,0.0,0.0,0.0,0.0,0.0,0.0,1.1842438769833175,-0.43409588025146273,-0.2061687733794136,0.5,0.0,0.0,0.6842438769833175,-0.43409588025146273,-0.2061687733794136,0.8361426191489257
-1,7.770000000033968,0.010000000000065512,0.6812139982295543,0.005326501171617732,0.01481130269982095,5.595809273788351,-0.20997891693942258,0.010287308339847121,6.277023272017906,-0.20465241576780485,0.02509861103966807,0.5,0.0,0.0,0.0,0.0,0.0,0.0,0.0,0.0,0.0,0.0,0.0,0.0,0.0,0.0,0.0,0.7768518656900714,0.2114460852107617,0.381771832485155,0.5,0.0,0.0,0.27685186569007136,0.2114460852107617,0.381771832485155,0.5168231172907257
-1,7.7800000000340335,0.010000000000065512,0.6800541672348842,0.005446355695302983,0.015980224648226446,5.608128935777642,-0.21021862598679245,0.007949464443035964,6.288183103012526,-0.20477227029148945,0.02392968909126241,0.5,0.0,0.0,0.0,0.0,0.0,-13.654609882297343,1.2096190917287757,-8.201458716722279,13.654609882297343,-1.2096190917287757,8.201458716722279,0.0,0.0,0.0,0.0,1.1159830994546813,-0.011985452368381307,-0.11689219483980015,0.5,0.0,0.0,0.6159830994546813,-0.011985452368381307,-0.11689219483980015,0.6270905956054009
-1,7.790000000034099,0.010000000000065512,0.6842590669585265,0.005518651203845825,0.015498908870352204,5.609719136330315,-0.21036321700387728,0.00891209599878425,6.293978203288842,-0.20484456580003146,0.024411004869136454,0.5,0.0,0.0,0.0,0.0,0.0,0.0,0.0,0.0,0.0,0.0,0.0,0.0,0.0,0.0,0.0,0.5795100276278169,-0.007229550854154043,0.04813157778708893,0.5,0.0,0.0,0.07951002762781689,-0.007229550854154043,0.04813157778708893,0.09322424405273338
-1,7.8000000000341645,0.010000000000065512,0.6887616808323737,0.004731859477959411,0.01565809699643785,5.610713908582584,-0.20878963355210595,0.00859371974661292,6.299475589414958,-0.20405777407414655,0.02425181674305077,0.5,0.0,0.0,0.0,0.0,0.0,0.0,0.0,0.0,0.0,0.0,0.0,0.0,0.0,0.0,0.0,0.549738612608004,0.07867917258797621,-0.015918812608464176,0.5,0.0,0.0,0.04973861260800405,0.07867917258797621,-0.015918812608464176,0.0944338412761074
-1,7.81000000003423,0.010000000000065512,0.6887093178843143,0.00910056116862455,0.01400083161574796,5.620818634478661,-0.21752703693343614,0.011908250507993032,6.309527952362975,-0.2084264757648116,0.02590908212374099,0.5,0.0,0.0,0.0,0.0,0.0,0.0,0.0,0.0,0.0,0.0,0.0,0.0,0.0,0.0,0.0,1.0052362947951514,-0.4368701690636435,0.16572653806793633,0.5,0.0,0.0,0.5052362947951514,-0.4368701690636435,0.16572653806793633,0.6881747914708971
-1,7.8200000000342955,0.010000000000065512,0.6870229480146368,0.008904447482702771,0.013598586339750118,5.634191374217986,-0.2171348095615928,0.01271274105998862,6.321214322232622,-0.20823036207889004,0.026311327399738738,0.5,0.0,0.0,0.0,0.0,0.0,0.0,0.0,0.0,0.0,0.0,0.0,0.0,0.0,0.0,0.0,1.1686369869570437,0.019611368592028253,0.04022452759951128,0.5,0.0,0.0,0.6686369869570437,0.019611368592028253,0.04022452759951128,0.6701328515493402
-1,7.830000000034361,0.010000000000065512,0.6862498887920664,0.009779313499770539,0.015240029337974982,5.645737492663098,-0.21888454159572793,0.009429855063539204,6.331987381455165,-0.20910522809595739,0.024669884401514186,0.5,0.0,0.0,0.0,0.0,0.0,0.0,0.0,0.0,0.0,0.0,0.0,0.0,0.0,0.0,0.0,1.0773059222472214,-0.0874866017061618,-0.16414429982137982,0.5,0.0,0.0,0.5773059222472214,-0.0874866017061618,-0.16414429982137982,0.6065306129979414
-1,7.8400000000344265,0.010000000000065512,0.6899927504948686,0.009567314042272746,0.016035265668920103,5.648251769257447,-0.21846054268073342,0.007839382401648694,6.338244519752315,-0.2088932286384607,0.0238746480705688,0.5,0.0,0.0,0.0,0.0,0.0,0.0,0.0,0.0,0.0,0.0,0.0,0.0,0.0,0.0,0.0,0.6257138297109364,0.021199945749530883,-0.07952363309401772,0.5,0.0,0.0,0.12571382971093636,0.021199945749530883,-0.07952363309401772,0.15025782142985206
-1,7.850000000034492,0.010000000000065512,0.6914302216052143,0.010516667696410457,0.015759762684961633,5.655376827036713,-0.22035924998900888,0.00839038836956573,6.346807048641928,-0.20984258229259842,0.024150151054527363,0.5,0.0,0.0,0.0,0.0,0.0,0.0,0.0,0.0,0.0,0.0,0.0,0.0,0.0,0.0,0.0,0.8562528889556413,-0.09493536541315106,0.027550298395675944,0.5,0.0,0.0,0.35625288895564133,-0.09493536541315106,0.027550298395675944,0.36971321782844035
-1,7.860000000034558,0.010000000000065512,0.6861334517556938,0.0075390964681555945,0.01786622712733025,5.675970366735723,-0.214404107532499,0.00417745948482812,6.362103818491417,-0.2068650110643434,0.02204368661215837,0.5,0.0,0.0,0.0,0.0,0.0,0.0,0.0,0.0,0.0,0.0,0.0,0.0,0.0,0.0,0.0,1.5296769849389031,0.2977571228235504,-0.21064644423551945,0.5,0.0,0.0,1.0296769849389031,0.2977571228235504,-0.21064644423551945,1.0923671186803898
-1,7.870000000034623,0.010000000000065512,0.6890474771841681,0.008157250619813396,0.01761571098693022,5.68014231587873,-0.21564041583581492,0.0046784917656284,6.3691897930628985,-0.20748316521600152,0.022294202752558622,0.5,0.0,0.0,0.0,0.0,0.0,0.0,0.0,0.0,0.0,0.0,0.0,0.0,0.0,0.0,0.0,0.708597457143488,-0.06181541516540627,0.025051614039861198,0.5,0.0,0.0,0.20859745714348799,-0.06181541516540627,0.025051614039861198,0.2190014338875502
-1,7.880000000034689,0.010000000000065512,0.6927502259226677,0.00878679421077236,0.0197909326321185,5.682736818401688,-0.21689950301773234,0.00032804847525181506,6.375487044324355,-0.20811270880695998,0.020118981107370315,0.5,0.0,0.0,0.0,0.0,0.0,0.0,0.0,0.0,0.0,0.0,0.0,0.0,0.0,0.0,0.0,0.6297251261415716,-0.06295435909543348,-0.21752216451740566,0.5,0.0,0.0,0.1297251261415716,-0.06295435909543348,-0.21752216451740566,0.2609746189534545
-1,7.890000000034754,0.010000000000065512,0.6960635542218534,0.007677917179346312,0.021820468620544816,5.686110161803276,-0.2146817489548801,-0.0037310235016006555,6.382173716025129,-0.20700383177553378,0.01808944511894416,0.5,0.0,0.0,0.0,0.0,0.0,0.0,0.0,0.0,0.0,0.0,0.0,0.0,0.0,0.0,0.0,0.6686671700729611,0.11088770314189386,-0.202953598841286,0.5,0.0,0.0,0.16866717007296106,0.11088770314189386,-0.202953598841286,0.2862426597331984
-1,7.90000000003482,0.010000000000065512,0.6996108750148836,0.005340298406249272,0.022923893068907394,5.689015520217183,-0.21000651140868504,-0.005937872398325857,6.388626395232066,-0.20466621300243576,0.01698602067058154,0.5,0.0,0.0,0.0,0.0,0.0,0.0,0.0,0.0,0.0,0.0,0.0,0.0,0.0,0.0,0.0,0.6452679206894989,0.23376187730827017,-0.11034244483553912,0.5,0.0,0.0,0.1452679206894989,0.23376187730827017,-0.11034244483553912,0.296517856454584
-1,7.910000000034885,0.010000000000065512,0.6988584029717892,0.0046211675185726594,0.020277495318321747,5.700520464303321,-0.2085682496333325,-0.0006450768971547543,6.399378867275111,-0.20394708211475984,0.019632418421166992,0.5,0.0,0.0,0.0,0.0,0.0,0.0,0.0,0.0,0.0,0.0,0.0,0.0,0.0,0.0,0.0,1.0752472042974306,0.0719130887671206,0.26463977505681163,0.5,0.0,0.0,0.5752472042974306,0.0719130887671206,0.26463977505681163,0.6372715660769414
-1,7.920000000034951,0.010000000000065512,0.7024448213728971,0.007572596963490522,0.017504009632018997,5.703347627501079,-0.21447110852316886,0.004901894475451164,6.405792448873976,-0.20689851155967834,0.022405904107470162,0.5,0.0,0.0,0.0,0.0,0.0,0.0,0.0,0.0,0.0,0.0,0.0,0.0,0.0,0.0,0.0,0.6413581598823276,-0.29514294448991607,0.2773485686285,0.5,0.0,0.0,0.14135815988232758,-0.29514294448991607,0.2773485686285,0.428968198783748
-1,7.930000000035016,0.010000000000065512,0.7003567338855458,0.009597018439168648,0.01679486492177047,5.71752380247575,-0.21851995147452563,0.00632018389594824,6.417880536361295,-0.20892293303535697,0.023115048817718708,0.5,0.0,0.0,0.0,0.0,0.0,0.0,0.0,0.0,0.0,0.0,0.0,0.0,0.0,0.0,0.0,1.2088087487239851,-0.20244214756653714,0.07091447102439001,0.5,0.0,0.0,0.7088087487239851,-0.20244214756653714,0.07091447102439001,0.7405548781688512
-1,7.940000000035082,0.010000000000065512,0.705356733885526,0.009597018439168648,0.01679486492177047,5.717523802475757,-0.21851995147452558,0.006320183895948399,6.422880536361283,-0.20892293303535692,0.023115048817718867,0.5,0.0,0.0,0.0,0.0,0.0,0.0,0.0,0.0,0.0,0.0,0.0,0.0,0.0,0.0,0.0,0.4999999999954703,5.551115123089416e-15,1.5959455978882073e-14,0.5,0.0,0.0,-4.529709940470639e-12,5.551115123089416e-15,1.5959455978882073e-14,4.5297414566300324e-12
-1,7.950000000035147,0.010000000000065512,0.708256721558414,0.00771685351162729,0.017077819691859963,5.721723827129942,-0.21475962161944281,0.005754274355769024,6.429980548688357,-0.20704276810781552,0.022832094047628988,0.5,0.0,0.0,0.0,0.0,0.0,0.0,0.0,0.0,0.0,0.0,0.0,0.0,0.0,0.0,0.0,0.7100012327027398,0.18801649275290772,-0.028295477008802552,0.5,0.0,0.0,0.21000123270273985,0.18801649275290772,-0.028295477008802552,0.28328669806916484
-1,7.960000000035213,0.010000000000065512,0.7103652748701287,0.006767052357200789,0.017526281279444104,5.727506720506475,-0.21286001931058904,0.00485735118060086,6.437871995376604,-0.20609296695338825,0.022383632460044964,0.5,0.0,0.0,0.0,0.0,0.0,0.0,0.0,0.0,0.0,0.0,0.0,0.0,0.0,0.0,0.0,0.7891446688195451,0.09498011544210543,-0.04484615875810858,0.5,0.0,0.0,0.28914466881954515,0.09498011544210543,-0.04484615875810858,0.3076313374666463
-1,7.970000000035278,0.010000000000065512,0.7073994367481026,0.009292850945697742,0.014304992309203197,5.743185057990085,-0.21779884393125368,0.01107365774063946,6.450584494738187,-0.20850599298555594,0.025378650049842657,0.5,0.0,0.0,0.0,0.0,0.0,0.0,0.0,0.0,0.0,0.0,0.0,0.0,0.0,0.0,0.0,1.2712499361500413,-0.24130260321518895,0.2995017589778072,0.5,0.0,0.0,0.7712499361500413,-0.24130260321518895,0.2995017589778072,0.8618321843379199
-1,7.980000000035344,0.010000000000065512,0.7053522077278199,0.010694277968939188,0.015217884696149292,5.7571008376185375,-0.22061340195405735,0.009516446907719446,6.462453045346358,-0.20991912398511817,0.024734331603868738,0.5,0.0,0.0,0.0,0.0,0.0,-8.25759120907316,6.399571411960703,3.9483890258243153,8.25759120907316,-6.399571411960703,-3.9483890258243153,0.0,0.0,0.0,0.0,1.1868550608092627,-0.14131309995529656,-0.06443184459696978,0.5,0.0,0.0,0.6868550608092627,-0.14131309995529656,-0.06443184459696978,0.7041950932635357
-1,7.990000000035409,0.010000000000065512,0.7072508866048208,0.013329544262465378,0.015146886682584773,5.763303479864502,-0.2258839345411097,0.009658442934848417,6.470554366469323,-0.2125543902786443,0.02480532961743319,0.5,0.0,0.0,0.0,0.0,0.0,0.0,0.0,0.0,0.0,0.0,0.0,0.0,0.0,0.0,0.0,0.8101321122912393,-0.2635266293508881,0.007099801356398572,0.5,0.0,0.0,0.31013211229123927,-0.2635266293508881,0.007099801356398572,0.4070363848976729
-1,8.000000000035474,0.010000000000064624,0.7042556582548839,0.01530252603604767,0.01605280922501843,5.779293936564328,-0.22982989808827403,0.007846597849981264,6.483549594819213,-0.21452737205222636,0.02389940707499969,0.5,0.0,0.0,0.0,0.0,0.0,0.0,0.0,0.0,0.0,0.0,0.0,0.0,0.0,0.0,0.0,1.299522834980533,-0.19729817735692942,-0.09059225424276429,0.5,0.0,0.0,0.799522834980533,-0.19729817735692942,-0.09059225424276429,0.8284746773272317
-1,8.010000000035095,0.009999999999621423,0.7089937475390593,0.015035012114865834,0.016483858168400343,5.779817757995946,-0.22929487024591008,0.0069844999632174935,6.488811505535006,-0.21425985813104426,0.023468358131617836,0.5,0.0,0.0,0.0,0.0,0.0,0.0,0.0,0.0,0.0,0.0,0.0,0.0,0.0,0.0,0.0,0.5261910715992609,0.026751392119222728,-0.043104894339817366,0.5,0.0,0.0,0.02619107159926093,0.026751392119222728,-0.043104894339817366,0.05709326692247382
-1,8.020000000034717,0.009999999999621423,0.7097083273460699,0.016808150964337527,0.017215210850127234,5.788388598381896,-0.23284114794485342,0.005521794599763664,6.498096925727967,-0.2160329969805159,0.0227370054498909,0.5,0.0,0.0,0.0,0.0,0.0,0.0,0.0,0.0,0.0,0.0,0.0,0.0,0.0,0.0,0.0,0.928542019331216,-0.17731388495387662,-0.07313526817546237,0.5,0.0,0.0,0.42854201933121605,-0.17731388495387662,-0.07313526817546237,0.46950744784402487
-1,8.030000000034338,0.009999999999621423,0.7120439182413264,0.017249871515582483,0.017948530628652808,5.793717416591344,-0.2337245890473432,0.00405515504271225,6.50576133483267,-0.2164747175317607,0.022003685671365056,0.5,0.0,0.0,0.0,0.0,0.0,0.0,0.0,0.0,0.0,0.0,0.0,0.0,0.0,0.0,0.0,0.7664409104993275,-0.04417205512615289,-0.0733319778553606,0.5,0.0,0.0,0.2664409104993275,-0.04417205512615289,-0.0733319778553606,0.27985622776339575
-1,8.04000000003396,0.009999999999621423,0.7170439182413066,0.017249871515582483,0.017948530628652808,5.793717416591336,-0.23372458904734306,0.004055155042712573,6.510761334832642,-0.21647471753176056,0.022003685671365382,0.5,0.0,0.0,0.0,0.0,0.0,0.0,0.0,0.0,0.0,0.0,0.0,0.0,0.0,0.0,0.0,0.5000000000161648,1.3877787808339838e-14,3.261280134959862e-14,0.5,0.0,0.0,1.616484723854228e-11,1.3877787808339838e-14,3.261280134959862e-14,1.6164886094037726e-11
-1,8.050000000033581,0.009999999999621423,0.7146581459146208,0.017084512751348757,0.01784078776596361,5.808488961244669,-0.23339387151887556,0.004270640768091083,6.52314710715929,-0.2163093587675268,0.022111428534054692,0.5,0.0,0.0,0.0,0.0,0.0,0.0,0.0,0.0,0.0,0.0,0.0,0.0,0.0,0.0,0.0,1.2385772327116955,0.016535876424002404,0.010774286269338873,0.5,0.0,0.0,0.7385772327116955,0.016535876424002404,0.010774286269338873,0.7388408821483754
-1,8.060000000033202,0.009999999999621423,0.7120498076843564,0.017144399361737436,0.018311547099674832,5.823705637705157,-0.23351364473965244,0.0033291221006687215,6.535755445389513,-0.21636924537791502,0.021640669200343552,0.5,0.0,0.0,0.0,0.0,0.0,0.0,0.0,0.0,0.0,0.0,0.0,0.0,0.0,0.0,0.0,1.2608338230699994,-0.0059886610390488355,-0.04707593337289616,0.5,0.0,0.0,0.7608338230699994,-0.0059886610390488355,-0.04707593337289616,0.7623123466737772
-1,8.070000000032824,0.009999999999621423,0.7148000833601558,0.017338285420720353,0.01868357458477963,5.828205086353518,-0.2339014168576183,0.0025850671304589396,6.543005169713673,-0.21656313143689795,0.021268641715238568,0.5,0.0,0.0,0.0,0.0,0.0,0.0,0.0,0.0,0.0,0.0,0.0,0.0,0.0,0.0,0.0,0.7249724324434947,-0.019388605899027397,-0.03720274851190685,0.5,0.0,0.0,0.22497243244349474,-0.019388605899027397,-0.03720274851190685,0.22885051429938014
-1,8.080000000032445,0.009999999999621423,0.7145522210780895,0.01730733287587189,0.01942710259592025,5.83870081091761,-0.23383951176792134,0.0010980111081777097,6.553253031995699,-0.21653217889204945,0.020525113704097958,0.5,0.0,0.0,0.0,0.0,0.0,0.0,0.0,0.0,0.0,0.0,0.0,0.0,0.0,0.0,0.0,1.024786228241386,0.00309525448496722,-0.07435280111687578,0.5,0.0,0.0,0.524786228241386,0.00309525448496722,-0.07435280111687578,0.5300363242137961
-1,8.090000000032067,0.009999999999621423,0.7161170587152627,0.01605273884347629,0.021966493146729146,5.8455711356432225,-0.23133032370313095,-0.003980769993440375,6.561688194358485,-0.21527758485965465,0.017985723153288773,0.5,0.0,0.0,0.0,0.0,0.0,0.0,0.0,0.0,0.0,0.0,0.0,0.0,0.0,0.0,0.0,0.8435162363105189,0.1254594032442303,-0.2539390550905321,0.5,0.0,0.0,0.34351623631051886,0.1254594032442303,-0.2539390550905321,0.44522860439510725
-1,8.100000000031688,0.009999999999621423,0.7187623106332982,0.016666658983270657,0.02154099021270536,5.850280631807109,-0.23255816398272056,-0.003129764125392553,6.569042942440408,-0.2158915049994499,0.018411226087312806,0.5,0.0,0.0,0.0,0.0,0.0,0.0,0.0,0.0,0.0,0.0,0.0,0.0,0.0,0.0,0.0,0.7354748082201369,-0.061392013981849035,0.04255029340401415,0.5,0.0,0.0,0.2354748082201369,-0.061392013981849035,0.04255029340401415,0.24703824027025753
-1,8.11000000003131,0.009999999999621423,0.7207766506498997,0.01640649700310074,0.020019040954601157,5.8562519517738645,-0.23203784002237976,-8.586560918432589e-05,6.5770286024237645,-0.21563134301927903,0.01993317534541683,0.5,0.0,0.0,0.0,0.0,0.0,0.0,0.0,0.0,0.0,0.0,0.0,0.0,0.0,0.0,0.0,0.798565998365886,0.026016198018071902,0.15219492581616434,0.5,0.0,0.0,0.29856599836588604,0.026016198018071902,0.15219492581616434,0.3361276444800719
-1,8.120000000030931,0.009999999999621423,0.7231836694897928,0.01885805748087353,0.01872438369498252,5.861437914094036,-0.2369409609779251,0.002503448910053003,6.584621583583829,-0.2180829034970516,0.021227832605035524,0.5,0.0,0.0,0.0,0.0,0.0,0.0,0.0,0.0,0.0,0.0,0.0,0.0,0.0,0.0,0.0,0.7592981160351581,-0.24515604778653735,0.1294657259667705,0.5,0.0,0.0,0.25929811603515807,-0.24515604778653735,0.1294657259667705,0.37960291746218205
-1,8.130000000030552,0.009999999999621423,0.7260190052777702,0.019657120910087086,0.01654880809734718,5.865767242518059,-0.23853908783635075,0.0068546001053238995,6.591786247795829,-0.21888196692626366,0.023403408202671082,0.5,0.0,0.0,0.0,0.0,0.0,0.0,0.0,0.0,0.0,0.0,0.0,0.0,0.0,0.0,0.0,0.7164664212271697,-0.0799063429242322,0.21755755977179206,0.5,0.0,0.0,0.21646642122716975,-0.0799063429242322,0.21755755977179206,0.31713408358654915
-1,8.140000000030174,0.009999999999621423,0.7310190052777504,0.019657120910087086,0.01654880809734718,5.865767242518065,-0.23853908783635255,0.0068546001053237035,6.596786247795816,-0.21888196692626546,0.023403408202670884,0.5,0.0,0.0,0.0,0.0,0.0,0.0,0.0,0.0,0.0,0.0,0.0,0.0,0.0,0.0,0.0,0.5000000000175859,-1.8041124150841788e-13,-1.9775847626884268e-14,0.5,0.0,0.0,1.758593271006248e-11,-1.8041124150841788e-13,-1.9775847626884268e-14,1.758686920924408e-11
-1,8.150000000029795,0.009999999999621423,0.7313600312808968,0.021884400547919305,0.020769430587902107,5.875085190511736,-0.24299364711201735,-0.0015866448757861783,6.606445221792632,-0.22110924656409803,0.01918278571211593,0.5,0.0,0.0,0.0,0.0,0.0,0.0,0.0,0.0,0.0,0.0,0.0,0.0,0.0,0.0,0.0,0.9658973997182144,-0.2227279637916883,-0.42206224907147377,0.5,0.0,0.0,0.4658973997182144,-0.2227279637916883,-0.42206224907147377,0.6669367848681432
-1,8.160000000029417,0.009999999999621423,0.7280303287289435,0.024021809029936884,0.0219880383912789,5.891744595615606,-0.24726846407605274,-0.00402386048253992,6.619774924344549,-0.22324665504611585,0.017964177908738978,0.5,0.0,0.0,0.0,0.0,0.0,0.0,0.0,0.0,0.0,0.0,0.0,0.0,0.0,0.0,0.0,1.332970255242142,-0.21374084820987393,-0.12186078034230854,0.5,0.0,0.0,0.8329702552421421,-0.21374084820987393,-0.12186078034230854,0.868547434569507
-1,8.170000000029038,0.009999999999621423,0.7256792027867337,0.021733951492340572,0.020207188865548478,5.906446847499981,-0.24269274900086016,-0.00046216143107894424,6.632126050286715,-0.2209587975085196,0.019745027434469535,0.5,0.0,0.0,0.0,0.0,0.0,0.0,0.0,0.0,0.0,0.0,0.0,0.0,0.0,0.0,0.0,1.2351125942633394,0.22878575376828625,0.17808495257979762,0.5,0.0,0.0,0.7351125942633394,0.22878575376828625,0.17808495257979762,0.7902200311984307
-1,8.18000000002866,0.009999999999621423,0.7245934484405058,0.02287664925198753,0.018747295776266878,5.918240912290172,-0.24485645864887676,0.0023124633572625865,6.642834360730678,-0.22197980939688922,0.021059759133529463,0.5,0.0,0.0,0.0,0.0,0.0,0.0,0.0,0.0,0.0,0.0,0.0,0.0,0.0,0.0,0.0,1.0708310444368534,-0.10210118884082695,0.13147316991097002,0.5,0.0,0.0,0.5708310444368534,-0.10210118884082695,0.13147316991097002,0.5946073733666762
-1,8.19000000002828,0.009999999999621423,0.7241431026838012,0.020541423200014435,0.015993955301882145,5.929141603803535,-0.2401860065449308,0.007819144306031962,6.6532847064873355,-0.21964458334491638,0.023813099607914105,0.5,0.0,0.0,0.0,0.0,0.0,0.0,0.0,0.0,0.0,0.0,0.0,0.0,0.0,0.0,0.0,1.0450345757053223,0.23352260520612447,0.2753340474488878,0.5,0.0,0.0,0.5450345757053223,0.23352260520612447,0.2753340474488878,0.6537616794682314
-1,8.200000000027902,0.009999999999621423,0.7253702439334019,0.01988430519423622,0.015530484963741745,5.936687321304293,-0.23887177053337472,0.008746084982312738,6.662057565237696,-0.2189874653391385,0.024276569946054483,0.5,0.0,0.0,0.0,0.0,0.0,0.0,0.0,0.0,0.0,0.0,0.0,0.0,0.0,0.0,0.0,0.8772858750692277,0.06571180058027673,0.046347033815792325,0.5,0.0,0.0,0.3772858750692277,0.06571180058027673,0.046347033815792325,0.3857599250904339
-1,8.210000000027524,0.009999999999621423,0.7283382279144582,0.02005539384427209,0.014770211901792101,5.940751353342137,-0.23921394783344613,0.010266631106212152,6.669089581256595,-0.21915855398917403,0.025036843008004253,0.5,0.0,0.0,0.0,0.0,0.0,0.0,0.0,0.0,0.0,0.0,0.0,0.0,0.0,0.0,0.0,0.7032016019165905,-0.017108865004201612,0.07602730619785528,0.5,0.0,0.0,0.20320160191659054,-0.017108865004201612,0.07602730619785528,0.21763215656447227
-1,8.220000000027145,0.009999999999621423,0.7293279752754575,0.01954299722087567,0.011723011005456248,5.948771858620109,-0.23818915458665313,0.016361032898883812,6.678099833895566,-0.21864615736577747,0.02808404390434006,0.5,0.0,0.0,0.0,0.0,0.0,0.0,0.0,0.0,0.0,0.0,0.0,0.0,0.0,0.0,0.0,0.9010252639312146,0.051239662341595306,0.30472008964511677,0.5,0.0,0.0,0.4010252639312146,0.051239662341595306,0.30472008964511677,0.5062618871111166
-1,8.230000000026767,0.009999999999621423,0.7325450776145452,0.019663647633149508,0.01212863905776853,5.952337653941894,-0.2384304554112008,0.015549776794259312,6.684882731556439,-0.2187668077780513,0.027678415852027842,0.5,0.0,0.0,0.0,0.0,0.0,0.0,0.0,0.0,0.0,0.0,0.0,0.0,0.0,0.0,0.0,0.6782897661129818,-0.012065041227839366,-0.04056280523275748,0.5,0.0,0.0,0.17828976611298175,-0.012065041227839366,-0.04056280523275748,0.18324340940072528
-1,8.240000000026388,0.009999999999621423,0.7334992105540302,0.017851927154416473,0.012691574157333775,5.9604293880628845,-0.23480701445373534,0.014423906595128844,6.693928598616915,-0.21695508729931887,0.027115480752462617,0.5,0.0,0.0,0.0,0.0,0.0,0.0,0.0,0.0,0.0,0.0,0.0,0.0,0.0,0.0,0.0,0.9045867060817844,0.1811720478801019,-0.056293509958653606,0.5,0.0,0.0,0.4045867060817844,0.1811720478801019,-0.056293509958653606,0.44685867221599623
-1,8.25000000002601,0.009999999999621423,0.7302450479785536,0.016711672444421018,0.014789926330694527,5.976937713213803,-0.2325265050337443,0.010227202248407358,6.707182761192357,-0.2158148325893233,0.025017128579101884,0.5,0.0,0.0,0.0,0.0,0.0,0.0,0.0,0.0,0.0,0.0,0.0,0.0,0.0,0.0,0.0,1.3254162575943647,0.1140254710038737,-0.20983521734401722,0.5,0.0,0.0,0.8254162575943647,0.1140254710038737,-0.20983521734401722,0.859269820706251
-1,8.26000000002563,0.009999999999621423,0.7320166264022213,0.016153015655825012,0.014579343996663118,5.983394556366432,-0.2314091914565519,0.010648366916469825,6.715411182768653,-0.21525617580072687,0.025227710913132945,0.5,0.0,0.0,0.0,0.0,0.0,0.0,0.0,0.0,0.0,0.0,0.0,0.0,0.0,0.0,0.0,0.822842157660795,0.055865678861757834,0.021058233403903275,0.5,0.0,0.0,0.32284215766079505,0.055865678861757834,0.021058233403903275,0.3283161312391701
-1,8.270000000025252,0.009999999999621423,0.7358573718549832,0.01723745119460074,0.01499804089388333,5.985713065460879,-0.2335780625341037,0.009810973122029784,6.7215704373158625,-0.21634061133950297,0.024809014015913115,0.5,0.0,0.0,0.0,0.0,0.0,0.0,0.0,0.0,0.0,0.0,0.0,0.0,0.0,0.0,0.0,0.6159254547442512,-0.1084435538817156,-0.04186968972356803,0.5,0.0,0.0,0.1159254547442512,-0.1084435538817156,-0.04186968972356803,0.16416999224494666
-1,8.280000000024874,0.009999999999621423,0.7368407864338353,0.016570562926517797,0.01687671933354465,5.993746236303146,-0.23224428599793737,0.006053616242707098,6.730587022736981,-0.21567372307141958,0.022930335576251747,0.5,0.0,0.0,0.0,0.0,0.0,0.0,0.0,0.0,0.0,0.0,0.0,0.0,0.0,0.0,0.0,0.9016585421459953,0.06668882681086401,-0.18786784397324904,0.5,0.0,0.0,0.4016585421459953,0.06668882681086401,-0.18786784397324904,0.4484097578102117
-1,8.290000000024495,0.009999999999621423,0.7396597333945556,0.017900016084993885,0.01627818792297135,5.998108342381657,-0.2349031923148899,0.007250679063853815,6.737768075776212,-0.217003176229896,0.023528866986825166,0.5,0.0,0.0,0.0,0.0,0.0,0.0,0.0,0.0,0.0,0.0,0.0,0.0,0.0,0.0,0.0,0.7181053039502747,-0.13294531585267647,0.05985314105960774,0.5,0.0,0.0,0.21810530395027472,-0.13294531585267647,0.05985314105960774,0.2623485832115564
-1,8.300000000024117,0.009999999999621423,0.7363118367916293,0.014693568143048044,0.013959088285031663,6.014804135587476,-0.22849029643099802,0.011888878339732997,6.751115972379106,-0.21379672828795,0.02584796662476466,0.5,0.0,0.0,0.0,0.0,0.0,0.0,0.0,0.0,0.0,0.0,0.0,0.0,0.0,0.0,0.0,1.3347896603399025,0.32064479420674113,0.23190996380272902,0.5,0.0,0.0,0.8347896603399025,0.32064479420674113,0.23190996380272902,0.9238339095168981
-1,8.310000000023738,0.009999999999621423,0.7388143765262837,0.013262300262428908,0.014114978261681555,6.019710635568317,-0.22573354465126988,0.011606646257135766,6.7585250120946005,-0.21247124438884096,0.02572162451881732,0.5,0.0,0.0,0.0,0.0,0.0,0.0,0.0,0.0,0.0,0.0,0.0,0.0,0.0,0.0,0.0,0.7409039715775381,0.13254838991592055,-0.012634210595212225,0.5,0.0,0.0,0.24090397157753807,0.13254838991592055,-0.012634210595212225,0.27525156215451047
-1,8.32000000002336,0.009999999999621423,0.7352265866824953,0.012366486335755019,0.020908282272310626,6.036886215255857,-0.2239419167979227,-0.0019799617641223905,6.772112801938352,-0.21157543046216767,0.018928320508188236,0.5,0.0,0.0,0.0,0.0,0.0,0.0,0.0,0.0,0.0,0.0,0.0,0.0,0.0,0.0,0.0,1.3587789844265932,0.08958139267072024,-0.6793304010886263,0.5,0.0,0.0,0.8587789844265932,0.08958139267072024,-0.6793304010886263,1.0986427826408502
-1,8.33000000002298,0.009999999999621423,0.7360011283968136,0.011751766195566858,0.019308821679102025,6.045337131827208,-0.2227124765175461,0.0012189594222947121,6.781338260224022,-0.21096071032197924,0.020527781101396737,0.5,0.0,0.0,0.0,0.0,0.0,0.0,0.0,0.0,0.0,0.0,0.0,0.0,0.0,0.0,0.0,0.9225458286018929,0.061472014021170134,0.1599460593269052,0.5,0.0,0.0,0.42254582860189294,0.061472014021170134,0.1599460593269052,0.45596768270447097
-1,8.340000000022602,0.009999999999621423,0.7410011283967939,0.011751766195566858,0.019308821679102025,6.045337131827207,-0.22271247651754603,0.0012189594222947577,6.786338260224001,-0.21096071032197916,0.020527781101396782,0.5,0.0,0.0,0.0,0.0,0.0,0.0,0.0,0.0,0.0,0.0,0.0,0.0,0.0,0.0,0.0,0.5000000000168754,8.326672685003903e-15,4.510281037710447e-15,0.5,0.0,0.0,1.687538997430238e-11,8.326672685003903e-15,4.510281037710447e-15,1.6875392631310783e-11
-1,8.350000000022224,0.009999999999621423,0.7426339216828094,0.011112799482922913,0.022406293815017166,6.05207154525513,-0.22143454309225868,-0.0049759848495355,6.794705466937939,-0.21032174360933578,0.017430308965481665,0.5,0.0,0.0,0.0,0.0,0.0,0.0,0.0,0.0,0.0,0.0,0.0,0.0,0.0,0.0,0.0,0.8367206714254966,0.06389667126675694,-0.309747213603238,0.5,0.0,0.0,0.33672067142549655,0.06389667126675694,-0.309747213603238,0.46195988083293466
-1,8.360000000021845,0.009999999999621423,0.7475208636611665,0.011931770373386318,0.02165365136565461,6.052297661298372,-0.22307248487318543,-0.003470699950810333,6.799818524959538,-0.2111407144997991,0.018182951414844276,0.5,0.0,0.0,0.0,0.0,0.0,0.0,0.0,0.0,0.0,0.0,0.0,0.0,0.0,0.0,0.0,0.511305802179235,-0.08189708904943208,0.07526424493911042,0.5,0.0,0.0,0.011305802179235047,-0.08189708904943208,0.07526424493911042,0.11180188247047101
-1,8.370000000021466,0.009999999999621423,0.7444257789304375,0.011757958047208437,0.022129717951736388,6.0684878307598105,-0.22272486022082913,-0.004422833122973851,6.812913609690248,-0.21096690217362069,0.017706884828762537,0.5,0.0,0.0,0.0,0.0,0.0,0.0,0.0,0.0,0.0,0.0,0.0,0.0,0.0,0.0,0.0,1.3095084731205167,0.017381232618499318,-0.04760665860997622,0.5,0.0,0.0,0.8095084731205167,0.017381232618499318,-0.04760665860997622,0.8110933788690766
-1,8.380000000021088,0.009999999999621423,0.7456810267913395,0.013459249552486617,0.02237599266728377,6.07597733503796,-0.2261274432313858,-0.004915382554068664,6.821658361829299,-0.2126681936788992,0.017460610113215105,0.5,0.0,0.0,0.0,0.0,0.0,0.0,0.0,0.0,0.0,0.0,0.0,0.0,0.0,0.0,0.0,0.8744752139382627,-0.17012915053429142,-0.024627471555675493,0.5,0.0,0.0,0.37447521393826266,-0.17012915053429142,-0.024627471555675493,0.41204626690561436
-1,8.39000000002071,0.009999999999621423,0.7499882382421703,0.013891817471901258,0.021211740647152286,6.077362912136254,-0.2269925790702156,-0.002586878513805584,6.827351150378424,-0.21310076159831434,0.0186248621333467,0.5,0.0,0.0,0.0,0.0,0.0,0.0,0.0,0.0,0.0,0.0,0.0,0.0,0.0,0.0,0.0,0.5692788549339989,-0.0432567919431526,0.11642520201756712,0.5,0.0,0.0,0.06927885493399888,-0.0432567919431526,0.11642520201756712,0.14221651611191496
-1,8.40000000002033,0.009999999999621423,0.7503771564427913,0.014181984228561637,0.0196151772256204,6.086585075734983,-0.2275729125835364,0.0006062483292582065,6.8369622321777745,-0.21339092835497475,0.020221425554878606,0.5,0.0,0.0,0.0,0.0,0.0,0.0,0.0,0.0,0.0,0.0,0.0,0.0,0.0,0.0,0.0,0.9611081799714738,-0.029016675667139443,0.15965634215923477,0.5,0.0,0.0,0.4611081799714738,-0.029016675667139443,0.15965634215923477,0.48882805637058485
-1,8.410000000019952,0.009999999999621423,0.7531301973357319,0.012224224495859784,0.018042668608343842,6.091078993949069,-0.22365739311813235,0.0037512655638113537,6.8442091912848015,-0.21143316862227257,0.021793934172155194,0.5,0.0,0.0,0.0,0.0,0.0,0.0,0.0,0.0,0.0,0.0,0.0,0.0,0.0,0.0,0.0,0.724695910730135,0.19577597327762963,0.15725086173361194,0.5,0.0,0.0,0.22469591073013495,0.19577597327762963,0.15725086173361194,0.33696337713112307
-1,8.420000000019574,0.009999999999621423,0.7581301973357122,0.012224224495859784,0.018042668608343842,6.091078993949064,-0.22365739311813204,0.0037512655638112704,6.849209191284777,-0.21143316862227227,0.02179393417215511,0.5,0.0,0.0,0.0,0.0,0.0,0.0,0.0,0.0,0.0,0.0,0.0,0.0,0.0,0.0,0.0,0.5000000000164313,3.0531133178347644e-14,-8.326672685003903e-15,0.5,0.0,0.0,1.6431300764452317e-11,3.0531133178347644e-14,-8.326672685003903e-15,1.6431331239295933e-11
-1,8.430000000019195,0.009999999999621423,0.7590352561763515,0.013738326230992616,0.01815037607368894,6.099268876267756,-0.22668559658839776,0.0035358506331211433,6.858304132444107,-0.21294727035740516,0.021686226706810082,0.5,0.0,0.0,0.0,0.0,0.0,0.0,0.0,0.0,0.0,0.0,0.0,0.0,0.0,0.0,0.0,0.9094941159674497,-0.15141017351902095,-0.010770746534910598,0.5,0.0,0.0,0.40949411596744967,-0.15141017351902095,-0.010770746534910598,0.43672242973992353
-1,8.440000000018816,0.009999999999621423,0.7624544946678876,0.014949695191316637,0.017306631469383348,6.102430399284643,-0.22910833450904614,0.0052233398417321705,6.864884893952531,-0.2141586393177295,0.022529971311115518,0.5,0.0,0.0,0.0,0.0,0.0,0.0,0.0,0.0,0.0,0.0,0.0,0.0,0.0,0.0,0.0,0.6580761508673038,-0.1211368960370198,0.08437446043373782,0.5,0.0,0.0,0.15807615086730376,-0.1211368960370198,0.08437446043373782,0.21628977467275404
-1,8.450000000018438,0.009999999999621423,0.7615966513827895,0.014033091002501698,0.019056713852473234,6.114146085854794,-0.2272751261314159,0.00172317507555249,6.875742737237584,-0.2132420351289142,0.020779888928025722,0.5,0.0,0.0,0.0,0.0,0.0,0.0,0.0,0.0,0.0,0.0,0.0,0.0,0.0,0.0,0.0,1.0857843285464068,0.09166041888499848,-0.17500823831560502,0.5,0.0,0.0,0.5857843285464068,0.09166041888499848,-0.17500823831560502,0.618201258037437
-1,8.46000000001806,0.009999999999621423,0.7608296928106643,0.014241323804961356,0.022053686162580407,6.12568000299899,-0.22769159173633532,-0.004270769544661808,6.8865096958096546,-0.21345026793137398,0.0177829166179186,0.5,0.0,0.0,0.0,0.0,0.0,0.0,0.0,0.0,0.0,0.0,0.0,0.0,0.0,0.0,0.0,1.0766958572478496,-0.020823280246765115,-0.299697231022058,0.5,0.0,0.0,0.5766958572478496,-0.020823280246765115,-0.299697231022058,0.6502539127520542
-1,8.47000000001768,0.009999999999621423,0.7609765693111926,0.015619542726937764,0.02161572938052878,6.135386249997902,-0.2304480295802882,-0.003394855980558657,6.896362819309094,-0.21482848685335043,0.01822087339997012,0.5,0.0,0.0,0.0,0.0,0.0,0.0,0.0,0.0,0.0,0.0,0.0,0.0,0.0,0.0,0.0,0.9853123499812693,-0.13782189220286303,0.04379567820681006,0.5,0.0,0.0,0.48531234998126926,-0.13782189220286303,0.04379567820681006,0.506400051781508
-1,8.480000000017302,0.009999999999621423,0.7622633277005717,0.014147233284730687,0.02025971004297128,6.1428127332190945,-0.2275034106958733,-0.0006828173054437304,6.905076060919666,-0.2133561774111426,0.019576892737527548,0.5,0.0,0.0,0.0,0.0,0.0,0.0,0.0,0.0,0.0,0.0,0.0,0.0,0.0,0.0,0.0,0.8713241610901606,0.1472309442263569,0.13560193376087623,0.5,0.0,0.0,0.37132416109016064,0.1472309442263569,0.13560193376087623,0.42183701590399253
-1,8.490000000016924,0.009999999999621423,0.767263327700552,0.014147233284730687,0.02025971004297128,6.142812733219095,-0.22750341069587354,-0.0006828173054436783,6.910076060919647,-0.21335617741114285,0.0195768927375276,0.5,0.0,0.0,0.0,0.0,0.0,0.0,0.0,0.0,0.0,0.0,0.0,0.0,0.0,0.0,0.0,0.500000000017053,-2.498001805501171e-14,5.204170428127439e-15,0.5,0.0,0.0,1.7053025658242404e-11,-2.498001805501171e-14,5.204170428127439e-15,1.705304474823677e-11
-1,8.500000000016545,0.009999999999621423,0.7722633277005322,0.014147233284730687,0.02025971004297128,6.142812733219095,-0.22750341069587357,-0.000682817305443661,6.915076060919628,-0.21335617741114288,0.019576892737527617,0.5,0.0,0.0,0.0,0.0,0.0,0.0,0.0,0.0,0.0,0.0,0.0,0.0,0.0,0.0,0.0,0.5000000000169642,-2.7755575616679676e-15,1.7347234760424798e-15,0.5,0.0,0.0,1.6964207816272392e-11,-2.7755575616679676e-15,1.7347234760424798e-15,1.6964208132024984e-11
